transaction_id,sender,receiver,amount,timestamp,label,scenario_id,ring_id,dataset_source
TX0000034,ACC00044,ACC00137,120.2,2026-01-01 00:10:37+00:00,0,,,demo
TX0000015,ACC00040,ACC00056,45.56,2026-01-01 01:37:49+00:00,0,,,demo
TX0000023,ACC00142,ACC00076,39.89,2026-01-01 01:49:56+00:00,0,,,demo
TX0000041,ACC00103,ACC00069,16.73,2026-01-01 01:54:03+00:00,0,,,demo
TX0000043,ACC00146,ACC00081,161.78,2026-01-01 02:10:25+00:00,0,,,demo
TX0000011,ACC00057,ACC00115,38.12,2026-01-01 02:12:41+00:00,0,,,demo
TX0000004,ACC00140,ACC00023,24.48,2026-01-01 02:15:37+00:00,0,,,demo
TX0000020,ACC00012,ACC00118,138.49,2026-01-01 03:42:11+00:00,0,,,demo
TX0000018,ACC00025,ACC00092,153.29,2026-01-01 04:40:17+00:00,0,,,demo
TX0000003,ACC00036,ACC00027,230.57,2026-01-01 04:50:07+00:00,0,,,demo
TX0000031,ACC00042,ACC00095,112.02,2026-01-01 05:44:58+00:00,0,,,demo
TX0000013,ACC00041,ACC00109,216.69,2026-01-01 06:38:32+00:00,0,,,demo
TX0000045,ACC00102,ACC00118,63.51,2026-01-01 08:20:24+00:00,0,,,demo
TX0000021,ACC00138,ACC00032,766.36,2026-01-01 08:47:58+00:00,0,,,demo
TX0000008,ACC00130,ACC00007,195.94,2026-01-01 08:53:57+00:00,0,,,demo
TX0000009,ACC00144,ACC00051,96.16,2026-01-01 09:39:29+00:00,0,,,demo
TX0000029,ACC00098,ACC00072,46.27,2026-01-01 10:26:43+00:00,0,,,demo
TX0000046,ACC00037,ACC00068,212.29,2026-01-01 10:28:52+00:00,0,,,demo
TX0000028,ACC00060,ACC00026,154.96,2026-01-01 10:29:30+00:00,0,,,demo
TX0000002,ACC00063,ACC00058,190.65,2026-01-01 10:31:59+00:00,0,,,demo
TX0000039,ACC00015,ACC00059,401.39,2026-01-01 10:33:03+00:00,0,,,demo
TX0000024,ACC00093,ACC00148,278.38,2026-01-01 11:16:10+00:00,0,,,demo
TX0000035,ACC00063,ACC00042,169.23,2026-01-01 11:19:03+00:00,0,,,demo
TX0000026,ACC00012,ACC00059,39.47,2026-01-01 11:25:01+00:00,0,,,demo
TX0000007,ACC00056,ACC00060,38.36,2026-01-01 12:00:30+00:00,0,,,demo
TX0000037,ACC00070,ACC00143,56.24,2026-01-01 12:08:04+00:00,0,,,demo
TX0000019,ACC00089,ACC00068,129.73,2026-01-01 13:07:04+00:00,0,,,demo
TX0000012,ACC00072,ACC00002,34.51,2026-01-01 13:18:36+00:00,0,,,demo
TX0000044,ACC00055,ACC00128,199.01,2026-01-01 13:25:15+00:00,0,,,demo
TX0000038,ACC00057,ACC00084,68.36,2026-01-01 13:38:59+00:00,0,,,demo
TX0000014,ACC00088,ACC00072,74.82,2026-01-01 15:09:36+00:00,0,,,demo
TX0000001,ACC00007,ACC00071,122.08,2026-01-01 15:42:35+00:00,0,,,demo
TX0000040,ACC00009,ACC00081,237.05,2026-01-01 16:02:30+00:00,0,,,demo
TX0000032,ACC00091,ACC00054,112.57,2026-01-01 16:22:47+00:00,0,,,demo
TX0000025,ACC00050,ACC00018,80.32,2026-01-01 16:28:32+00:00,0,,,demo
TX0000036,ACC00119,ACC00098,65.39,2026-01-01 16:55:26+00:00,0,,,demo
TX0000005,ACC00109,ACC00009,102.29,2026-01-01 17:13:10+00:00,0,,,demo
TX0000017,ACC00024,ACC00098,58.65,2026-01-01 18:14:15+00:00,0,,,demo
TX0000042,ACC00017,ACC00055,105.93,2026-01-01 18:21:36+00:00,0,,,demo
TX0000006,ACC00008,ACC00024,88.52,2026-01-01 18:51:56+00:00,0,,,demo
TX0000030,ACC00117,ACC00094,101.16,2026-01-01 19:18:51+00:00,0,,,demo
TX0000033,ACC00069,ACC00019,177.49,2026-01-01 19:19:03+00:00,0,,,demo
TX0000010,ACC00140,ACC00108,143.67,2026-01-01 19:44:46+00:00,0,,,demo
TX0000048,ACC00144,ACC00138,28.98,2026-01-01 20:28:54+00:00,0,,,demo
TX0000049,ACC00068,ACC00150,35.89,2026-01-01 20:32:10+00:00,0,,,demo
TX0000027,ACC00075,ACC00021,172.53,2026-01-01 22:34:02+00:00,0,,,demo
TX0000022,ACC00097,ACC00021,53.93,2026-01-01 23:13:12+00:00,0,,,demo
TX0000016,ACC00087,ACC00027,77.13,2026-01-01 23:17:48+00:00,0,,,demo
TX0000047,ACC00036,ACC00064,74.34,2026-01-01 23:49:26+00:00,0,,,demo
TX0000056,ACC00109,ACC00017,61.45,2026-01-02 00:32:43+00:00,0,,,demo
TX0000090,ACC00087,ACC00006,20.68,2026-01-02 00:32:51+00:00,0,,,demo
TX0001861,RING001_S5,ACC00077,43.52,2026-01-02 01:21:55+00:00,0,,,demo
TX0000071,ACC00139,ACC00136,73.3,2026-01-02 01:54:08+00:00,0,,,demo
TX0000072,ACC00001,ACC00083,64.13,2026-01-02 02:18:49+00:00,0,,,demo
TX0000103,ACC00049,ACC00025,55.35,2026-01-02 02:51:11+00:00,0,,,demo
TX0000051,ACC00093,ACC00057,179.56,2026-01-02 03:01:51+00:00,0,,,demo
TX0000079,ACC00018,ACC00137,92.01,2026-01-02 03:21:56+00:00,0,,,demo
TX0000060,ACC00003,ACC00030,140.69,2026-01-02 03:39:20+00:00,0,,,demo
TX0000116,ACC00114,ACC00141,57.11,2026-01-02 03:57:02+00:00,0,,,demo
TX0000061,ACC00138,ACC00069,175.1,2026-01-02 03:59:21+00:00,0,,,demo
TX0000085,ACC00080,ACC00103,388.89,2026-01-02 04:12:16+00:00,0,,,demo
TX0000076,ACC00015,ACC00062,21.2,2026-01-02 04:14:33+00:00,0,,,demo
TX0000115,ACC00064,ACC00020,46.77,2026-01-02 04:20:13+00:00,0,,,demo
TX0000083,ACC00109,ACC00055,350.44,2026-01-02 04:31:03+00:00,0,,,demo
TX0000074,ACC00029,ACC00093,138.99,2026-01-02 04:51:24+00:00,0,,,demo
TX0000108,ACC00016,ACC00104,34.29,2026-01-02 05:31:31+00:00,0,,,demo
TX0000069,ACC00051,ACC00040,63.04,2026-01-02 06:16:03+00:00,0,,,demo
TX0000068,ACC00077,ACC00130,330.04,2026-01-02 06:22:51+00:00,0,,,demo
TX0000104,ACC00025,ACC00111,119.19,2026-01-02 06:44:59+00:00,0,,,demo
TX0000050,ACC00150,ACC00103,103.8,2026-01-02 06:45:12+00:00,0,,,demo
TX0001858,RING001_D4,RING001_S4,121.52,2026-01-02 06:54:27+00:00,0,,,demo
TX0000089,ACC00058,ACC00017,169.89,2026-01-02 07:04:27+00:00,0,,,demo
TX0000101,ACC00122,ACC00063,76.81,2026-01-02 07:15:08+00:00,0,,,demo
TX0000112,ACC00115,ACC00036,228.51,2026-01-02 07:36:41+00:00,0,,,demo
TX0000084,ACC00139,ACC00052,128.62,2026-01-02 07:55:00+00:00,0,,,demo
TX0000055,ACC00040,ACC00041,46.44,2026-01-02 08:01:23+00:00,0,,,demo
TX0000065,ACC00001,ACC00068,23.98,2026-01-02 08:08:05+00:00,0,,,demo
TX0000064,ACC00041,ACC00117,21.18,2026-01-02 08:41:01+00:00,0,,,demo
TX0000099,ACC00139,ACC00034,78.2,2026-01-02 08:43:42+00:00,0,,,demo
TX0000110,ACC00064,ACC00050,39.59,2026-01-02 08:54:08+00:00,0,,,demo
TX0000062,ACC00088,ACC00029,58.95,2026-01-02 09:08:40+00:00,0,,,demo
TX0000054,ACC00013,ACC00029,142.13,2026-01-02 09:45:12+00:00,0,,,demo
TX0000053,ACC00127,ACC00024,168.27,2026-01-02 09:49:14+00:00,0,,,demo
TX0000082,ACC00068,ACC00136,112.17,2026-01-02 09:58:46+00:00,0,,,demo
TX0000067,ACC00130,ACC00028,36.4,2026-01-02 10:58:41+00:00,0,,,demo
TX0000058,ACC00120,ACC00136,56.29,2026-01-02 11:05:06+00:00,0,,,demo
TX0001862,RING001_S5,RING001_S1,43.22,2026-01-02 11:09:54+00:00,0,,,demo
TX0000091,ACC00142,ACC00059,32.6,2026-01-02 11:12:38+00:00,0,,,demo
TX0000096,ACC00019,ACC00132,117.65,2026-01-02 11:21:50+00:00,0,,,demo
TX0000094,ACC00059,ACC00018,136.24,2026-01-02 11:46:37+00:00,0,,,demo
TX0000077,ACC00146,ACC00021,96.75,2026-01-02 11:49:35+00:00,0,,,demo
TX0000114,ACC00072,ACC00119,86.42,2026-01-02 12:21:41+00:00,0,,,demo
TX0000098,ACC00125,ACC00055,48.81,2026-01-02 12:29:46+00:00,0,,,demo
TX0000095,ACC00009,ACC00085,33.46,2026-01-02 13:00:50+00:00,0,,,demo
TX0000097,ACC00061,ACC00072,39.93,2026-01-02 13:04:48+00:00,0,,,demo
TX0000109,ACC00087,ACC00028,43.59,2026-01-02 13:07:24+00:00,0,,,demo
TX0000075,ACC00079,ACC00062,114.18,2026-01-02 13:07:33+00:00,0,,,demo
TX0000102,ACC00122,ACC00105,16.87,2026-01-02 13:17:49+00:00,0,,,demo
TX0000052,ACC00036,ACC00131,105.48,2026-01-02 13:22:08+00:00,0,,,demo
TX0000088,ACC00031,ACC00064,22.72,2026-01-02 13:56:44+00:00,0,,,demo
TX0000080,ACC00033,ACC00122,70.86,2026-01-02 14:01:06+00:00,0,,,demo
TX0000086,ACC00096,ACC00113,47.48,2026-01-02 14:06:12+00:00,0,,,demo
TX0000063,ACC00076,ACC00112,83.12,2026-01-02 14:34:22+00:00,0,,,demo
TX0000113,ACC00109,ACC00047,132.28,2026-01-02 14:55:29+00:00,0,,,demo
TX0000093,ACC00019,ACC00016,662.97,2026-01-02 16:06:25+00:00,0,,,demo
TX0000057,ACC00099,ACC00098,27.23,2026-01-02 16:43:21+00:00,0,,,demo
TX0000073,ACC00126,ACC00005,208.58,2026-01-02 16:53:48+00:00,0,,,demo
TX0000070,ACC00096,ACC00042,35.39,2026-01-02 17:12:19+00:00,0,,,demo
TX0000078,ACC00022,ACC00125,113.6,2026-01-02 17:16:01+00:00,0,,,demo
TX0001857,ACC00071,RING001_C4,111.16,2026-01-02 18:04:23+00:00,0,,,demo
TX0000081,ACC00141,ACC00043,32.35,2026-01-02 18:10:47+00:00,0,,,demo
TX0000106,ACC00106,ACC00120,240.5,2026-01-02 18:26:51+00:00,0,,,demo
TX0000092,ACC00057,ACC00002,208.12,2026-01-02 18:47:08+00:00,0,,,demo
TX0000100,ACC00147,ACC00148,105.32,2026-01-02 19:49:51+00:00,0,,,demo
TX0001859,RING001_D1,ACC00144,133.97,2026-01-02 21:05:04+00:00,0,,,demo
TX0000059,ACC00065,ACC00142,91.15,2026-01-02 22:30:47+00:00,0,,,demo
TX0000105,ACC00091,ACC00109,527.38,2026-01-02 22:31:49+00:00,0,,,demo
TX0001860,RING001_C4,RING001_D2,18.29,2026-01-02 22:56:26+00:00,0,,,demo
TX0000066,ACC00129,ACC00046,134.26,2026-01-02 23:05:07+00:00,0,,,demo
TX0000111,ACC00049,ACC00138,208.2,2026-01-02 23:07:01+00:00,0,,,demo
TX0000117,ACC00026,ACC00013,26.43,2026-01-02 23:15:53+00:00,0,,,demo
TX0000107,ACC00014,ACC00026,54.64,2026-01-02 23:24:13+00:00,0,,,demo
TX0000087,ACC00133,ACC00116,35.64,2026-01-02 23:45:08+00:00,0,,,demo
TX0000118,ACC00139,ACC00004,106.97,2026-01-02 23:49:01+00:00,0,,,demo
TX0000153,ACC00138,ACC00055,113.1,2026-01-03 00:09:23+00:00,0,,,demo
TX0000158,ACC00041,ACC00113,300.62,2026-01-03 00:25:42+00:00,0,,,demo
TX0000150,ACC00019,ACC00003,114.72,2026-01-03 00:35:48+00:00,0,,,demo
TX0000141,ACC00149,ACC00011,64.45,2026-01-03 00:36:09+00:00,0,,,demo
TX0000127,ACC00143,ACC00125,22.92,2026-01-03 00:45:58+00:00,0,,,demo
TX0000152,ACC00026,ACC00019,98.54,2026-01-03 02:32:30+00:00,0,,,demo
TX0000163,ACC00068,ACC00030,37.45,2026-01-03 02:43:47+00:00,0,,,demo
TX0000138,ACC00018,ACC00061,85.74,2026-01-03 02:55:27+00:00,0,,,demo
TX0000128,ACC00040,ACC00049,504.55,2026-01-03 02:56:47+00:00,0,,,demo
TX0000144,ACC00134,ACC00081,146.72,2026-01-03 02:58:13+00:00,0,,,demo
TX0000135,ACC00136,ACC00041,126.16,2026-01-03 04:10:58+00:00,0,,,demo
TX0000130,ACC00015,ACC00149,388.17,2026-01-03 04:18:09+00:00,0,,,demo
TX0000136,ACC00015,ACC00131,98.55,2026-01-03 05:30:43+00:00,0,,,demo
TX0000159,ACC00140,ACC00078,43.42,2026-01-03 06:00:45+00:00,0,,,demo
TX0000126,ACC00074,ACC00109,26.46,2026-01-03 06:17:57+00:00,0,,,demo
TX0000131,ACC00139,ACC00016,29.75,2026-01-03 06:43:56+00:00,0,,,demo
TX0000146,ACC00081,ACC00062,245.37,2026-01-03 07:13:22+00:00,0,,,demo
TX0000132,ACC00081,ACC00015,171.28,2026-01-03 07:26:52+00:00,0,,,demo
TX0000147,ACC00068,ACC00102,154.18,2026-01-03 07:31:47+00:00,0,,,demo
TX0000122,ACC00103,ACC00016,112.1,2026-01-03 07:34:56+00:00,0,,,demo
TX0001867,RING001_S3,RING001_C3,105.78,2026-01-03 08:28:36+00:00,0,,,demo
TX0000124,ACC00001,ACC00100,138.21,2026-01-03 08:58:04+00:00,0,,,demo
TX0000125,ACC00068,ACC00117,418.11,2026-01-03 09:07:11+00:00,0,,,demo
TX0000123,ACC00043,ACC00098,59.68,2026-01-03 09:50:43+00:00,0,,,demo
TX0000143,ACC00150,ACC00145,92.82,2026-01-03 10:24:43+00:00,0,,,demo
TX0001866,ACC00047,RING001_S5,144.63,2026-01-03 11:06:26+00:00,0,,,demo
TX0000121,ACC00124,ACC00055,119.8,2026-01-03 11:16:09+00:00,0,,,demo
TX0000149,ACC00118,ACC00081,44.88,2026-01-03 11:58:48+00:00,0,,,demo
TX0000133,ACC00013,ACC00150,60.67,2026-01-03 11:59:00+00:00,0,,,demo
TX0000134,ACC00123,ACC00129,76.44,2026-01-03 12:01:04+00:00,0,,,demo
TX0001863,RING001_D4,ACC00108,38.27,2026-01-03 12:31:47+00:00,0,,,demo
TX0000165,ACC00040,ACC00070,20.76,2026-01-03 12:44:40+00:00,0,,,demo
TX0001865,RING001_D1,RING001_C1,129.1,2026-01-03 13:07:09+00:00,0,,,demo
TX0000140,ACC00146,ACC00064,37.41,2026-01-03 13:56:48+00:00,0,,,demo
TX0000162,ACC00027,ACC00035,53.01,2026-01-03 14:32:40+00:00,0,,,demo
TX0001868,RING001_D2,RING001_D3,58.5,2026-01-03 15:26:10+00:00,0,,,demo
TX0000164,ACC00028,ACC00142,15.52,2026-01-03 15:38:47+00:00,0,,,demo
TX0000142,ACC00021,ACC00108,23.89,2026-01-03 17:10:11+00:00,0,,,demo
TX0001864,RING001_D2,RING001_C3,271.0,2026-01-03 17:40:21+00:00,0,,,demo
TX0000155,ACC00034,ACC00090,38.35,2026-01-03 17:43:11+00:00,0,,,demo
TX0000129,ACC00076,ACC00056,75.22,2026-01-03 17:55:18+00:00,0,,,demo
TX0000161,ACC00142,ACC00077,76.5,2026-01-03 18:21:48+00:00,0,,,demo
TX0000139,ACC00104,ACC00031,38.74,2026-01-03 18:23:18+00:00,0,,,demo
TX0000160,ACC00136,ACC00003,10.51,2026-01-03 19:07:25+00:00,0,,,demo
TX0000156,ACC00018,ACC00063,20.83,2026-01-03 19:18:16+00:00,0,,,demo
TX0000151,ACC00118,ACC00145,107.4,2026-01-03 20:10:44+00:00,0,,,demo
TX0000119,ACC00061,ACC00043,436.63,2026-01-03 20:17:43+00:00,0,,,demo
TX0000157,ACC00095,ACC00073,49.86,2026-01-03 20:19:39+00:00,0,,,demo
TX0000120,ACC00105,ACC00125,79.95,2026-01-03 21:22:44+00:00,0,,,demo
TX0000148,ACC00034,ACC00077,77.13,2026-01-03 22:56:05+00:00,0,,,demo
TX0000154,ACC00130,ACC00068,588.07,2026-01-03 23:11:22+00:00,0,,,demo
TX0000137,ACC00021,ACC00048,171.39,2026-01-03 23:15:48+00:00,0,,,demo
TX0000145,ACC00067,ACC00053,55.47,2026-01-03 23:21:17+00:00,0,,,demo
TX0000187,ACC00144,ACC00105,41.97,2026-01-04 00:10:12+00:00,0,,,demo
TX0000184,ACC00011,ACC00092,81.67,2026-01-04 01:02:37+00:00,0,,,demo
TX0000215,ACC00112,ACC00001,96.21,2026-01-04 01:44:22+00:00,0,,,demo
TX0000189,ACC00042,ACC00046,29.59,2026-01-04 02:14:23+00:00,0,,,demo
TX0000220,ACC00032,ACC00077,555.93,2026-01-04 02:16:57+00:00,0,,,demo
TX0000192,ACC00106,ACC00064,227.57,2026-01-04 02:22:44+00:00,0,,,demo
TX0000176,ACC00144,ACC00003,70.94,2026-01-04 02:46:19+00:00,0,,,demo
TX0000203,ACC00090,ACC00131,15.54,2026-01-04 03:57:47+00:00,0,,,demo
TX0000174,ACC00042,ACC00114,61.8,2026-01-04 03:58:22+00:00,0,,,demo
TX0000223,ACC00104,ACC00076,27.88,2026-01-04 04:03:56+00:00,0,,,demo
TX0000178,ACC00039,ACC00140,51.66,2026-01-04 04:11:29+00:00,0,,,demo
TX0000207,ACC00046,ACC00149,84.66,2026-01-04 04:23:24+00:00,0,,,demo
TX0000177,ACC00029,ACC00020,68.97,2026-01-04 04:40:33+00:00,0,,,demo
TX0000213,ACC00148,ACC00049,139.63,2026-01-04 04:51:24+00:00,0,,,demo
TX0000193,ACC00069,ACC00041,141.8,2026-01-04 05:45:26+00:00,0,,,demo
TX0000166,ACC00054,ACC00088,24.84,2026-01-04 05:56:54+00:00,0,,,demo
TX0000201,ACC00085,ACC00072,107.39,2026-01-04 05:59:43+00:00,0,,,demo
TX0000202,ACC00018,ACC00072,62.06,2026-01-04 06:23:43+00:00,0,,,demo
TX0000216,ACC00134,ACC00138,242.16,2026-01-04 06:54:57+00:00,0,,,demo
TX0000172,ACC00001,ACC00086,70.44,2026-01-04 07:26:53+00:00,0,,,demo
TX0000171,ACC00071,ACC00012,507.09,2026-01-04 07:38:58+00:00,0,,,demo
TX0000206,ACC00030,ACC00067,64.81,2026-01-04 08:47:36+00:00,0,,,demo
TX0001870,RING001_S2,RING001_C1,831.96,2026-01-04 08:55:16+00:00,1,RING001,RING001,demo
TX0000188,ACC00040,ACC00061,116.88,2026-01-04 08:58:00+00:00,0,,,demo
TX0001871,RING001_S3,RING001_C1,1350.86,2026-01-04 09:08:14+00:00,1,RING001,RING001,demo
TX0000204,ACC00103,ACC00138,506.41,2026-01-04 10:00:19+00:00,0,,,demo
TX0001872,RING001_S4,RING001_C1,1106.77,2026-01-04 10:23:31+00:00,1,RING001,RING001,demo
TX0000175,ACC00142,ACC00110,78.74,2026-01-04 10:56:09+00:00,0,,,demo
TX0000211,ACC00112,ACC00131,292.19,2026-01-04 11:03:07+00:00,0,,,demo
TX0000200,ACC00050,ACC00103,71.03,2026-01-04 11:06:26+00:00,0,,,demo
TX0000169,ACC00065,ACC00014,27.89,2026-01-04 11:24:36+00:00,0,,,demo
TX0000182,ACC00033,ACC00011,90.02,2026-01-04 12:06:31+00:00,0,,,demo
TX0000205,ACC00085,ACC00008,19.42,2026-01-04 12:07:17+00:00,0,,,demo
TX0000179,ACC00010,ACC00095,144.25,2026-01-04 12:23:02+00:00,0,,,demo
TX0001869,RING001_S1,RING001_C1,989.33,2026-01-04 12:32:51+00:00,1,RING001,RING001,demo
TX0000221,ACC00130,ACC00080,186.94,2026-01-04 12:33:27+00:00,0,,,demo
TX0000212,ACC00030,ACC00099,514.88,2026-01-04 12:51:02+00:00,0,,,demo
TX0000198,ACC00079,ACC00059,104.85,2026-01-04 12:51:56+00:00,0,,,demo
TX0000183,ACC00079,ACC00094,43.75,2026-01-04 12:52:35+00:00,0,,,demo
TX0000186,ACC00027,ACC00091,132.4,2026-01-04 13:42:34+00:00,0,,,demo
TX0000170,ACC00024,ACC00109,126.67,2026-01-04 14:15:59+00:00,0,,,demo
TX0000217,ACC00051,ACC00094,27.71,2026-01-04 14:20:19+00:00,0,,,demo
TX0000173,ACC00034,ACC00068,195.85,2026-01-04 14:21:55+00:00,0,,,demo
TX0000195,ACC00010,ACC00121,117.18,2026-01-04 15:04:03+00:00,0,,,demo
TX0000219,ACC00085,ACC00081,290.4,2026-01-04 15:16:09+00:00,0,,,demo
TX0000196,ACC00057,ACC00052,67.21,2026-01-04 15:25:10+00:00,0,,,demo
TX0000185,ACC00054,ACC00064,730.09,2026-01-04 15:25:18+00:00,0,,,demo
TX0000209,ACC00028,ACC00112,330.31,2026-01-04 16:06:01+00:00,0,,,demo
TX0000180,ACC00150,ACC00142,105.15,2026-01-04 16:20:14+00:00,0,,,demo
TX0000208,ACC00068,ACC00010,64.43,2026-01-04 16:27:28+00:00,0,,,demo
TX0000191,ACC00046,ACC00086,145.5,2026-01-04 16:32:43+00:00,0,,,demo
TX0000218,ACC00111,ACC00018,74.39,2026-01-04 16:40:30+00:00,0,,,demo
TX0001873,RING001_S5,RING001_C1,971.75,2026-01-04 18:12:08+00:00,1,RING001,RING001,demo
TX0000224,ACC00142,ACC00033,407.98,2026-01-04 19:13:16+00:00,0,,,demo
TX0000214,ACC00066,ACC00012,66.92,2026-01-04 19:18:19+00:00,0,,,demo
TX0000168,ACC00130,ACC00126,1644.3,2026-01-04 19:35:51+00:00,0,,,demo
TX0000197,ACC00118,ACC00090,81.17,2026-01-04 19:49:31+00:00,0,,,demo
TX0000190,ACC00106,ACC00007,117.07,2026-01-04 20:00:10+00:00,0,,,demo
TX0000199,ACC00058,ACC00007,392.09,2026-01-04 20:00:31+00:00,0,,,demo
TX0000167,ACC00053,ACC00068,30.06,2026-01-04 20:10:50+00:00,0,,,demo
TX0000210,ACC00089,ACC00081,508.93,2026-01-04 21:59:32+00:00,0,,,demo
TX0000222,ACC00105,ACC00084,84.19,2026-01-04 22:27:45+00:00,0,,,demo
TX0000194,ACC00028,ACC00098,56.18,2026-01-04 23:30:34+00:00,0,,,demo
TX0000181,ACC00038,ACC00111,127.96,2026-01-04 23:37:34+00:00,0,,,demo
TX0000225,ACC00050,ACC00108,170.3,2026-01-04 23:55:11+00:00,0,,,demo
TX0000261,ACC00071,ACC00134,40.69,2026-01-05 00:17:25+00:00,0,,,demo
TX0000258,ACC00115,ACC00041,333.47,2026-01-05 00:17:43+00:00,0,,,demo
TX0000276,ACC00100,ACC00150,80.03,2026-01-05 00:52:05+00:00,0,,,demo
TX0000245,ACC00099,ACC00127,132.08,2026-01-05 02:04:13+00:00,0,,,demo
TX0000270,ACC00040,ACC00055,113.21,2026-01-05 02:10:14+00:00,0,,,demo
TX0000289,ACC00137,ACC00007,62.93,2026-01-05 02:23:59+00:00,0,,,demo
TX0000264,ACC00020,ACC00074,8.93,2026-01-05 02:39:15+00:00,0,,,demo
TX0000254,ACC00119,ACC00136,923.02,2026-01-05 02:50:37+00:00,0,,,demo
TX0000236,ACC00073,ACC00132,18.51,2026-01-05 02:52:25+00:00,0,,,demo
TX0000256,ACC00114,ACC00130,447.76,2026-01-05 02:55:34+00:00,0,,,demo
TX0000255,ACC00144,ACC00082,73.32,2026-01-05 02:56:45+00:00,0,,,demo
TX0000247,ACC00038,ACC00002,79.44,2026-01-05 03:04:13+00:00,0,,,demo
TX0000229,ACC00078,ACC00074,122.98,2026-01-05 03:06:15+00:00,0,,,demo
TX0000274,ACC00107,ACC00016,60.72,2026-01-05 04:45:25+00:00,0,,,demo
TX0000239,ACC00058,ACC00051,50.86,2026-01-05 04:59:54+00:00,0,,,demo
TX0001874,RING001_C1,RING001_C2,5208.64,2026-01-05 05:01:35+00:00,1,RING001,RING001,demo
TX0000272,ACC00105,ACC00085,75.22,2026-01-05 05:46:48+00:00,0,,,demo
TX0000271,ACC00017,ACC00107,152.94,2026-01-05 05:54:07+00:00,0,,,demo
TX0000266,ACC00086,ACC00082,142.51,2026-01-05 06:48:50+00:00,0,,,demo
TX0000279,ACC00002,ACC00091,20.45,2026-01-05 06:54:26+00:00,0,,,demo
TX0000260,ACC00067,ACC00064,18.15,2026-01-05 07:05:19+00:00,0,,,demo
TX0000262,ACC00125,ACC00062,152.05,2026-01-05 07:14:47+00:00,0,,,demo
TX0000244,ACC00148,ACC00050,77.28,2026-01-05 07:32:48+00:00,0,,,demo
TX0000249,ACC00057,ACC00046,39.56,2026-01-05 08:39:32+00:00,0,,,demo
TX0000253,ACC00117,ACC00035,208.89,2026-01-05 10:10:17+00:00,0,,,demo
TX0000259,ACC00122,ACC00116,18.13,2026-01-05 10:21:05+00:00,0,,,demo
TX0000237,ACC00086,ACC00024,393.84,2026-01-05 11:43:00+00:00,0,,,demo
TX0000234,ACC00131,ACC00122,11.44,2026-01-05 11:48:42+00:00,0,,,demo
TX0000291,ACC00007,ACC00022,22.6,2026-01-05 12:13:25+00:00,0,,,demo
TX0000233,ACC00114,ACC00055,136.17,2026-01-05 12:25:30+00:00,0,,,demo
TX0000232,ACC00120,ACC00114,96.74,2026-01-05 12:32:35+00:00,0,,,demo
TX0000243,ACC00117,ACC00107,37.96,2026-01-05 12:46:22+00:00,0,,,demo
TX0000257,ACC00110,ACC00141,56.96,2026-01-05 13:04:06+00:00,0,,,demo
TX0000263,ACC00071,ACC00113,118.66,2026-01-05 13:04:39+00:00,0,,,demo
TX0000285,ACC00125,ACC00008,348.48,2026-01-05 13:09:30+00:00,0,,,demo
TX0000230,ACC00054,ACC00111,165.47,2026-01-05 13:33:32+00:00,0,,,demo
TX0000228,ACC00141,ACC00001,46.01,2026-01-05 14:09:42+00:00,0,,,demo
TX0000278,ACC00098,ACC00123,24.62,2026-01-05 14:32:32+00:00,0,,,demo
TX0000269,ACC00060,ACC00099,103.36,2026-01-05 14:57:34+00:00,0,,,demo
TX0000286,ACC00100,ACC00087,38.96,2026-01-05 15:07:13+00:00,0,,,demo
TX0000251,ACC00013,ACC00143,91.05,2026-01-05 15:38:46+00:00,0,,,demo
TX0000238,ACC00061,ACC00080,209.89,2026-01-05 15:47:19+00:00,0,,,demo
TX0000267,ACC00139,ACC00021,181.63,2026-01-05 15:58:41+00:00,0,,,demo
TX0000240,ACC00038,ACC00007,262.03,2026-01-05 16:06:34+00:00,0,,,demo
TX0001875,RING001_C2,RING001_C3,4784.68,2026-01-05 16:10:17+00:00,1,RING001,RING001,demo
TX0000231,ACC00149,ACC00083,9.1,2026-01-05 16:18:09+00:00,0,,,demo
TX0000265,ACC00061,ACC00070,95.05,2026-01-05 16:25:40+00:00,0,,,demo
TX0001876,RING001_C3,RING001_C4,4599.99,2026-01-05 16:40:28+00:00,1,RING001,RING001,demo
TX0000290,ACC00101,ACC00145,503.09,2026-01-05 17:02:16+00:00,0,,,demo
TX0000227,ACC00078,ACC00104,93.02,2026-01-05 17:19:28+00:00,0,,,demo
TX0000248,ACC00028,ACC00109,42.79,2026-01-05 17:30:45+00:00,0,,,demo
TX0000288,ACC00120,ACC00033,37.04,2026-01-05 17:37:51+00:00,0,,,demo
TX0000242,ACC00122,ACC00019,117.96,2026-01-05 18:18:03+00:00,0,,,demo
TX0000250,ACC00133,ACC00119,209.43,2026-01-05 18:43:38+00:00,0,,,demo
TX0000226,ACC00045,ACC00146,32.66,2026-01-05 19:04:58+00:00,0,,,demo
TX0000273,ACC00139,ACC00120,109.59,2026-01-05 19:24:01+00:00,0,,,demo
TX0000287,ACC00104,ACC00043,49.68,2026-01-05 19:31:11+00:00,0,,,demo
TX0000241,ACC00012,ACC00063,113.62,2026-01-05 19:36:38+00:00,0,,,demo
TX0000283,ACC00125,ACC00057,267.53,2026-01-05 19:40:30+00:00,0,,,demo
TX0000277,ACC00006,ACC00148,206.34,2026-01-05 19:40:46+00:00,0,,,demo
TX0000284,ACC00070,ACC00112,84.0,2026-01-05 20:06:41+00:00,0,,,demo
TX0000235,ACC00044,ACC00022,49.84,2026-01-05 20:16:51+00:00,0,,,demo
TX0000280,ACC00077,ACC00100,45.68,2026-01-05 20:23:09+00:00,0,,,demo
TX0000275,ACC00053,ACC00108,151.59,2026-01-05 21:49:35+00:00,0,,,demo
TX0000282,ACC00140,ACC00057,109.7,2026-01-05 22:16:01+00:00,0,,,demo
TX0000246,ACC00103,ACC00063,31.23,2026-01-05 22:28:01+00:00,0,,,demo
TX0000281,ACC00108,ACC00138,190.46,2026-01-05 23:14:12+00:00,0,,,demo
TX0000252,ACC00064,ACC00032,212.04,2026-01-05 23:40:44+00:00,0,,,demo
TX0000268,ACC00036,ACC00039,46.42,2026-01-05 23:58:42+00:00,0,,,demo
TX0000316,ACC00102,ACC00051,67.14,2026-01-06 00:51:56+00:00,0,,,demo
TX0000292,ACC00035,ACC00119,31.8,2026-01-06 01:18:29+00:00,0,,,demo
TX0000337,ACC00087,ACC00008,229.42,2026-01-06 01:35:50+00:00,0,,,demo
TX0000358,ACC00117,ACC00070,102.67,2026-01-06 01:55:17+00:00,0,,,demo
TX0000296,ACC00117,ACC00084,52.78,2026-01-06 02:12:05+00:00,0,,,demo
TX0000309,ACC00056,ACC00120,105.66,2026-01-06 02:14:31+00:00,0,,,demo
TX0000308,ACC00030,ACC00145,96.48,2026-01-06 02:51:41+00:00,0,,,demo
TX0000327,ACC00118,ACC00040,98.64,2026-01-06 03:04:43+00:00,0,,,demo
TX0000307,ACC00033,ACC00122,633.34,2026-01-06 03:06:15+00:00,0,,,demo
TX0000356,ACC00109,ACC00141,366.44,2026-01-06 03:23:54+00:00,0,,,demo
TX0000317,ACC00020,ACC00063,624.67,2026-01-06 03:33:01+00:00,0,,,demo
TX0000352,ACC00063,ACC00079,220.92,2026-01-06 03:58:55+00:00,0,,,demo
TX0000323,ACC00130,ACC00088,260.83,2026-01-06 04:43:39+00:00,0,,,demo
TX0000350,ACC00024,ACC00076,127.06,2026-01-06 05:01:03+00:00,0,,,demo
TX0000314,ACC00007,ACC00080,11.33,2026-01-06 05:13:23+00:00,0,,,demo
TX0000293,ACC00047,ACC00013,144.7,2026-01-06 05:15:34+00:00,0,,,demo
TX0000318,ACC00027,ACC00078,34.39,2026-01-06 05:24:51+00:00,0,,,demo
TX0000341,ACC00067,ACC00088,220.34,2026-01-06 05:44:46+00:00,0,,,demo
TX0000303,ACC00018,ACC00011,261.71,2026-01-06 06:10:48+00:00,0,,,demo
TX0000329,ACC00134,ACC00070,75.91,2026-01-06 06:27:01+00:00,0,,,demo
TX0000302,ACC00090,ACC00058,20.56,2026-01-06 07:13:56+00:00,0,,,demo
TX0000310,ACC00066,ACC00095,38.64,2026-01-06 07:18:47+00:00,0,,,demo
TX0000346,ACC00105,ACC00126,143.32,2026-01-06 07:27:47+00:00,0,,,demo
TX0000322,ACC00095,ACC00018,64.12,2026-01-06 07:35:21+00:00,0,,,demo
TX0001880,RING001_C4,RING001_D4,886.61,2026-01-06 07:42:00+00:00,1,RING001,RING001,demo
TX0000357,ACC00085,ACC00091,57.83,2026-01-06 07:53:11+00:00,0,,,demo
TX0000336,ACC00146,ACC00098,66.11,2026-01-06 08:01:09+00:00,0,,,demo
TX0000295,ACC00084,ACC00055,227.76,2026-01-06 08:54:28+00:00,0,,,demo
TX0001878,RING001_C4,RING001_D2,841.52,2026-01-06 09:07:32+00:00,1,RING001,RING001,demo
TX0000331,ACC00120,ACC00112,38.42,2026-01-06 09:12:51+00:00,0,,,demo
TX0000348,ACC00122,ACC00126,99.43,2026-01-06 09:18:30+00:00,0,,,demo
TX0000311,ACC00043,ACC00030,125.6,2026-01-06 09:37:08+00:00,0,,,demo
TX0001879,RING001_C4,RING001_D3,894.48,2026-01-06 09:52:48+00:00,1,RING001,RING001,demo
TX0000345,ACC00022,ACC00062,139.06,2026-01-06 10:11:14+00:00,0,,,demo
TX0000324,ACC00004,ACC00108,90.59,2026-01-06 10:21:15+00:00,0,,,demo
TX0000298,ACC00072,ACC00108,138.09,2026-01-06 11:00:20+00:00,0,,,demo
TX0000305,ACC00052,ACC00006,132.08,2026-01-06 11:04:47+00:00,0,,,demo
TX0001881,RING001_C4,RING001_D5,911.66,2026-01-06 11:07:29+00:00,1,RING001,RING001,demo
TX0000360,ACC00060,ACC00031,62.69,2026-01-06 11:15:50+00:00,0,,,demo
TX0000359,ACC00079,ACC00065,116.54,2026-01-06 11:30:48+00:00,0,,,demo
TX0000332,ACC00069,ACC00083,166.08,2026-01-06 11:51:34+00:00,0,,,demo
TX0000343,ACC00143,ACC00003,4.64,2026-01-06 12:02:31+00:00,0,,,demo
TX0000306,ACC00040,ACC00062,127.58,2026-01-06 12:12:02+00:00,0,,,demo
TX0000326,ACC00111,ACC00093,377.37,2026-01-06 12:18:21+00:00,0,,,demo
TX0000301,ACC00139,ACC00014,337.2,2026-01-06 12:59:25+00:00,0,,,demo
TX0000354,ACC00122,ACC00142,37.05,2026-01-06 13:20:36+00:00,0,,,demo
TX0000335,ACC00063,ACC00119,67.61,2026-01-06 13:34:01+00:00,0,,,demo
TX0000300,ACC00121,ACC00005,129.27,2026-01-06 13:44:16+00:00,0,,,demo
TX0000319,ACC00031,ACC00145,127.45,2026-01-06 14:09:11+00:00,0,,,demo
TX0000297,ACC00087,ACC00098,30.88,2026-01-06 14:12:26+00:00,0,,,demo
TX0000342,ACC00072,ACC00071,20.04,2026-01-06 14:25:13+00:00,0,,,demo
TX0000321,ACC00137,ACC00110,108.35,2026-01-06 14:47:58+00:00,0,,,demo
TX0001877,RING001_C4,RING001_D1,833.95,2026-01-06 14:57:05+00:00,1,RING001,RING001,demo
TX0000312,ACC00042,ACC00080,123.21,2026-01-06 15:13:52+00:00,0,,,demo
TX0000304,ACC00008,ACC00064,274.4,2026-01-06 15:34:54+00:00,0,,,demo
TX0000355,ACC00136,ACC00089,342.33,2026-01-06 15:37:22+00:00,0,,,demo
TX0000349,ACC00115,ACC00005,82.59,2026-01-06 16:11:56+00:00,0,,,demo
TX0000320,ACC00011,ACC00089,67.74,2026-01-06 16:50:53+00:00,0,,,demo
TX0000339,ACC00047,ACC00125,12.29,2026-01-06 16:56:52+00:00,0,,,demo
TX0000351,ACC00057,ACC00104,175.62,2026-01-06 17:04:34+00:00,0,,,demo
TX0000338,ACC00127,ACC00084,64.35,2026-01-06 17:49:28+00:00,0,,,demo
TX0000347,ACC00143,ACC00062,18.9,2026-01-06 18:04:26+00:00,0,,,demo
TX0000330,ACC00138,ACC00124,138.42,2026-01-06 19:11:49+00:00,0,,,demo
TX0000313,ACC00028,ACC00149,39.12,2026-01-06 20:09:46+00:00,0,,,demo
TX0000334,ACC00072,ACC00116,129.87,2026-01-06 20:12:28+00:00,0,,,demo
TX0000340,ACC00055,ACC00091,352.08,2026-01-06 20:33:25+00:00,0,,,demo
TX0000333,ACC00063,ACC00023,175.14,2026-01-06 20:50:40+00:00,0,,,demo
TX0000299,ACC00065,ACC00021,74.5,2026-01-06 20:56:40+00:00,0,,,demo
TX0000294,ACC00067,ACC00098,14.43,2026-01-06 21:13:10+00:00,0,,,demo
TX0000315,ACC00148,ACC00097,29.45,2026-01-06 22:05:27+00:00,0,,,demo
TX0000328,ACC00112,ACC00046,85.05,2026-01-06 22:06:19+00:00,0,,,demo
TX0000353,ACC00149,ACC00095,458.95,2026-01-06 22:59:32+00:00,0,,,demo
TX0000344,ACC00133,ACC00049,1012.74,2026-01-06 23:00:08+00:00,0,,,demo
TX0000325,ACC00126,ACC00028,1209.15,2026-01-06 23:04:57+00:00,0,,,demo
TX0000381,ACC00017,ACC00103,37.01,2026-01-07 00:31:36+00:00,0,,,demo
TX0000386,ACC00064,ACC00031,46.86,2026-01-07 00:35:45+00:00,0,,,demo
TX0000406,ACC00030,ACC00140,58.93,2026-01-07 00:58:58+00:00,0,,,demo
TX0000397,ACC00142,ACC00020,30.81,2026-01-07 01:46:49+00:00,0,,,demo
TX0000401,ACC00009,ACC00060,450.84,2026-01-07 02:34:27+00:00,0,,,demo
TX0000398,ACC00041,ACC00001,663.35,2026-01-07 02:44:19+00:00,0,,,demo
TX0001888,RING002_S5,RING002_D2,134.21,2026-01-07 02:58:22+00:00,0,,,demo
TX0000384,ACC00039,ACC00145,221.45,2026-01-07 04:15:37+00:00,0,,,demo
TX0000363,ACC00050,ACC00056,18.81,2026-01-07 04:37:18+00:00,0,,,demo
TX0001885,RING002_S2,RING002_S3,54.27,2026-01-07 05:09:09+00:00,0,,,demo
TX0000411,ACC00146,ACC00074,321.97,2026-01-07 05:19:35+00:00,0,,,demo
TX0000409,ACC00019,ACC00016,15.26,2026-01-07 05:48:21+00:00,0,,,demo
TX0000361,ACC00081,ACC00031,35.12,2026-01-07 05:51:29+00:00,0,,,demo
TX0000385,ACC00078,ACC00022,188.56,2026-01-07 06:13:12+00:00,0,,,demo
TX0000390,ACC00114,ACC00077,36.61,2026-01-07 06:40:21+00:00,0,,,demo
TX0000395,ACC00021,ACC00041,8.09,2026-01-07 06:50:01+00:00,0,,,demo
TX0000364,ACC00124,ACC00071,52.52,2026-01-07 07:00:34+00:00,0,,,demo
TX0000405,ACC00051,ACC00109,17.26,2026-01-07 07:08:48+00:00,0,,,demo
TX0001889,RING002_C1,RING002_D2,30.4,2026-01-07 07:11:41+00:00,0,,,demo
TX0000377,ACC00123,ACC00113,66.22,2026-01-07 07:19:11+00:00,0,,,demo
TX0000388,ACC00058,ACC00134,21.15,2026-01-07 07:22:51+00:00,0,,,demo
TX0001886,RING002_D4,ACC00129,39.85,2026-01-07 07:37:31+00:00,0,,,demo
TX0000372,ACC00014,ACC00142,182.52,2026-01-07 08:47:55+00:00,0,,,demo
TX0000383,ACC00148,ACC00014,94.74,2026-01-07 09:23:46+00:00,0,,,demo
TX0000382,ACC00126,ACC00019,125.75,2026-01-07 09:33:55+00:00,0,,,demo
TX0000369,ACC00078,ACC00004,75.25,2026-01-07 09:45:48+00:00,0,,,demo
TX0000410,ACC00043,ACC00079,50.52,2026-01-07 09:52:40+00:00,0,,,demo
TX0000389,ACC00098,ACC00116,84.1,2026-01-07 09:58:21+00:00,0,,,demo
TX0000387,ACC00143,ACC00107,155.78,2026-01-07 10:05:11+00:00,0,,,demo
TX0000413,ACC00120,ACC00078,154.64,2026-01-07 10:40:03+00:00,0,,,demo
TX0000366,ACC00026,ACC00050,40.99,2026-01-07 11:50:20+00:00,0,,,demo
TX0000380,ACC00123,ACC00030,53.85,2026-01-07 11:58:18+00:00,0,,,demo
TX0000400,ACC00121,ACC00075,113.91,2026-01-07 13:16:28+00:00,0,,,demo
TX0000412,ACC00113,ACC00032,47.63,2026-01-07 13:19:52+00:00,0,,,demo
TX0000379,ACC00014,ACC00065,25.93,2026-01-07 13:59:24+00:00,0,,,demo
TX0000378,ACC00088,ACC00048,32.06,2026-01-07 14:05:27+00:00,0,,,demo
TX0000399,ACC00105,ACC00116,27.75,2026-01-07 15:35:32+00:00,0,,,demo
TX0001882,ACC00079,RING001_C2,672.67,2026-01-07 15:51:39+00:00,1,RING001,RING001,demo
TX0000370,ACC00137,ACC00033,76.77,2026-01-07 16:05:05+00:00,0,,,demo
TX0000375,ACC00004,ACC00147,121.08,2026-01-07 16:32:23+00:00,0,,,demo
TX0000391,ACC00110,ACC00079,108.84,2026-01-07 17:07:25+00:00,0,,,demo
TX0000365,ACC00135,ACC00073,283.67,2026-01-07 17:21:28+00:00,0,,,demo
TX0000371,ACC00071,ACC00012,110.32,2026-01-07 17:23:55+00:00,0,,,demo
TX0001883,RING001_C2,RING001_D3,639.04,2026-01-07 17:29:15+00:00,1,RING001,RING001,demo
TX0000404,ACC00060,ACC00068,58.91,2026-01-07 17:59:58+00:00,0,,,demo
TX0000394,ACC00055,ACC00068,129.47,2026-01-07 18:16:28+00:00,0,,,demo
TX0000414,ACC00104,ACC00070,140.91,2026-01-07 19:44:31+00:00,0,,,demo
TX0001887,RING002_S5,RING002_C2,54.18,2026-01-07 20:02:16+00:00,0,,,demo
TX0000367,ACC00076,ACC00059,16.67,2026-01-07 20:10:26+00:00,0,,,demo
TX0000368,ACC00093,ACC00046,115.31,2026-01-07 20:14:46+00:00,0,,,demo
TX0000374,ACC00126,ACC00027,157.05,2026-01-07 20:16:03+00:00,0,,,demo
TX0000376,ACC00073,ACC00121,82.51,2026-01-07 20:26:54+00:00,0,,,demo
TX0000407,ACC00058,ACC00039,53.49,2026-01-07 21:00:00+00:00,0,,,demo
TX0000362,ACC00138,ACC00048,141.5,2026-01-07 21:46:13+00:00,0,,,demo
TX0001890,RING002_C2,RING002_C1,72.75,2026-01-07 22:20:13+00:00,0,,,demo
TX0000373,ACC00075,ACC00033,174.63,2026-01-07 22:21:12+00:00,0,,,demo
TX0000396,ACC00062,ACC00045,67.1,2026-01-07 23:07:01+00:00,0,,,demo
TX0000403,ACC00117,ACC00019,556.3,2026-01-07 23:17:18+00:00,0,,,demo
TX0000392,ACC00146,ACC00016,342.47,2026-01-07 23:33:48+00:00,0,,,demo
TX0000402,ACC00074,ACC00073,115.47,2026-01-07 23:37:47+00:00,0,,,demo
TX0000393,ACC00026,ACC00054,313.55,2026-01-07 23:38:03+00:00,0,,,demo
TX0000408,ACC00069,ACC00037,114.62,2026-01-07 23:39:10+00:00,0,,,demo
TX0000424,ACC00133,ACC00114,117.79,2026-01-08 00:06:29+00:00,0,,,demo
TX0000457,ACC00070,ACC00107,118.2,2026-01-08 00:36:01+00:00,0,,,demo
TX0000426,ACC00150,ACC00112,52.8,2026-01-08 00:42:39+00:00,0,,,demo
TX0000416,ACC00113,ACC00021,32.0,2026-01-08 01:10:08+00:00,0,,,demo
TX0000441,ACC00014,ACC00049,15.95,2026-01-08 01:26:50+00:00,0,,,demo
TX0000476,ACC00060,ACC00106,36.05,2026-01-08 01:34:22+00:00,0,,,demo
TX0000474,ACC00049,ACC00062,41.16,2026-01-08 02:28:20+00:00,0,,,demo
TX0000444,ACC00014,ACC00053,477.18,2026-01-08 03:13:30+00:00,0,,,demo
TX0000440,ACC00119,ACC00106,166.54,2026-01-08 03:17:02+00:00,0,,,demo
TX0000460,ACC00142,ACC00038,975.16,2026-01-08 03:43:50+00:00,0,,,demo
TX0000459,ACC00063,ACC00117,207.64,2026-01-08 04:15:27+00:00,0,,,demo
TX0000468,ACC00126,ACC00039,198.5,2026-01-08 04:26:40+00:00,0,,,demo
TX0000446,ACC00034,ACC00074,123.89,2026-01-08 04:50:51+00:00,0,,,demo
TX0000482,ACC00085,ACC00026,157.36,2026-01-08 04:58:07+00:00,0,,,demo
TX0001894,RING002_C3,RING002_D3,49.82,2026-01-08 05:12:11+00:00,0,,,demo
TX0000483,ACC00113,ACC00026,72.13,2026-01-08 05:32:00+00:00,0,,,demo
TX0000422,ACC00148,ACC00011,384.21,2026-01-08 05:37:44+00:00,0,,,demo
TX0000461,ACC00099,ACC00049,137.03,2026-01-08 06:00:52+00:00,0,,,demo
TX0000465,ACC00130,ACC00069,53.45,2026-01-08 06:08:09+00:00,0,,,demo
TX0000487,ACC00020,ACC00121,72.92,2026-01-08 06:35:46+00:00,0,,,demo
TX0000452,ACC00105,ACC00024,82.96,2026-01-08 06:49:45+00:00,0,,,demo
TX0000458,ACC00124,ACC00121,24.12,2026-01-08 07:11:07+00:00,0,,,demo
TX0000478,ACC00122,ACC00098,70.45,2026-01-08 07:30:06+00:00,0,,,demo
TX0000454,ACC00119,ACC00031,145.78,2026-01-08 07:48:30+00:00,0,,,demo
TX0001895,ACC00027,RING002_D1,47.64,2026-01-08 07:55:52+00:00,0,,,demo
TX0000436,ACC00081,ACC00065,20.2,2026-01-08 08:12:23+00:00,0,,,demo
TX0000443,ACC00128,ACC00114,571.25,2026-01-08 08:15:28+00:00,0,,,demo
TX0000430,ACC00083,ACC00027,1152.08,2026-01-08 08:21:10+00:00,0,,,demo
TX0000445,ACC00069,ACC00141,29.85,2026-01-08 08:25:15+00:00,0,,,demo
TX0000480,ACC00127,ACC00010,257.03,2026-01-08 09:13:41+00:00,0,,,demo
TX0000442,ACC00133,ACC00093,60.92,2026-01-08 09:25:01+00:00,0,,,demo
TX0000485,ACC00004,ACC00037,181.57,2026-01-08 09:57:17+00:00,0,,,demo
TX0000484,ACC00135,ACC00117,88.8,2026-01-08 09:59:55+00:00,0,,,demo
TX0000469,ACC00115,ACC00138,402.77,2026-01-08 10:15:06+00:00,0,,,demo
TX0000472,ACC00140,ACC00097,233.24,2026-01-08 10:23:29+00:00,0,,,demo
TX0000423,ACC00045,ACC00121,57.94,2026-01-08 10:39:00+00:00,0,,,demo
TX0000481,ACC00033,ACC00129,33.92,2026-01-08 10:46:58+00:00,0,,,demo
TX0001892,RING002_S1,RING002_S2,83.32,2026-01-08 10:59:08+00:00,0,,,demo
TX0000467,ACC00077,ACC00149,58.24,2026-01-08 11:17:12+00:00,0,,,demo
TX0000464,ACC00107,ACC00088,314.73,2026-01-08 11:25:49+00:00,0,,,demo
TX0000488,ACC00068,ACC00087,18.85,2026-01-08 11:44:53+00:00,0,,,demo
TX0000429,ACC00105,ACC00086,8.06,2026-01-08 12:34:50+00:00,0,,,demo
TX0001896,RING002_D1,ACC00043,67.07,2026-01-08 12:41:49+00:00,0,,,demo
TX0000425,ACC00072,ACC00047,48.44,2026-01-08 12:44:05+00:00,0,,,demo
TX0000437,ACC00083,ACC00030,181.13,2026-01-08 12:48:21+00:00,0,,,demo
TX0000439,ACC00001,ACC00139,64.24,2026-01-08 12:49:12+00:00,0,,,demo
TX0000433,ACC00074,ACC00103,67.61,2026-01-08 13:11:31+00:00,0,,,demo
TX0000453,ACC00058,ACC00030,16.35,2026-01-08 13:27:05+00:00,0,,,demo
TX0000475,ACC00147,ACC00099,8.84,2026-01-08 13:43:53+00:00,0,,,demo
TX0000432,ACC00106,ACC00127,65.99,2026-01-08 14:10:04+00:00,0,,,demo
TX0000427,ACC00126,ACC00024,59.64,2026-01-08 14:39:17+00:00,0,,,demo
TX0000448,ACC00032,ACC00008,302.63,2026-01-08 15:13:44+00:00,0,,,demo
TX0000479,ACC00099,ACC00039,32.11,2026-01-08 15:15:13+00:00,0,,,demo
TX0000470,ACC00124,ACC00089,58.86,2026-01-08 15:40:12+00:00,0,,,demo
TX0000428,ACC00121,ACC00090,31.8,2026-01-08 16:07:07+00:00,0,,,demo
TX0000435,ACC00117,ACC00023,160.7,2026-01-08 16:12:01+00:00,0,,,demo
TX0000431,ACC00042,ACC00085,60.02,2026-01-08 17:01:53+00:00,0,,,demo
TX0000418,ACC00083,ACC00065,140.66,2026-01-08 17:07:05+00:00,0,,,demo
TX0000473,ACC00117,ACC00083,9.47,2026-01-08 17:44:31+00:00,0,,,demo
TX0000420,ACC00059,ACC00148,183.79,2026-01-08 17:44:47+00:00,0,,,demo
TX0000419,ACC00007,ACC00024,40.18,2026-01-08 17:45:24+00:00,0,,,demo
TX0000456,ACC00075,ACC00131,197.32,2026-01-08 17:48:56+00:00,0,,,demo
TX0001884,RING001_D1,RING001_S1,337.37,2026-01-08 17:56:49+00:00,1,RING001,RING001,demo
TX0000417,ACC00011,ACC00111,113.89,2026-01-08 18:18:16+00:00,0,,,demo
TX0000477,ACC00012,ACC00082,73.62,2026-01-08 18:57:49+00:00,0,,,demo
TX0000462,ACC00131,ACC00035,76.18,2026-01-08 19:00:26+00:00,0,,,demo
TX0000466,ACC00001,ACC00073,54.55,2026-01-08 19:33:04+00:00,0,,,demo
TX0000463,ACC00018,ACC00071,203.73,2026-01-08 20:39:47+00:00,0,,,demo
TX0000486,ACC00105,ACC00040,88.94,2026-01-08 20:42:22+00:00,0,,,demo
TX0001893,RING002_D2,ACC00096,22.18,2026-01-08 21:08:22+00:00,0,,,demo
TX0000434,ACC00141,ACC00010,29.57,2026-01-08 21:16:38+00:00,0,,,demo
TX0000449,ACC00062,ACC00041,65.12,2026-01-08 21:17:51+00:00,0,,,demo
TX0001891,RING002_S5,RING002_D5,265.31,2026-01-08 21:22:22+00:00,0,,,demo
TX0000421,ACC00006,ACC00069,114.62,2026-01-08 21:47:15+00:00,0,,,demo
TX0000471,ACC00086,ACC00142,123.23,2026-01-08 22:25:54+00:00,0,,,demo
TX0000415,ACC00139,ACC00127,16.68,2026-01-08 22:52:32+00:00,0,,,demo
TX0000450,ACC00080,ACC00142,88.45,2026-01-08 23:01:15+00:00,0,,,demo
TX0000447,ACC00113,ACC00125,37.75,2026-01-08 23:06:55+00:00,0,,,demo
TX0000451,ACC00004,ACC00142,36.51,2026-01-08 23:31:56+00:00,0,,,demo
TX0000455,ACC00040,ACC00128,53.37,2026-01-08 23:36:56+00:00,0,,,demo
TX0000438,ACC00104,ACC00132,106.91,2026-01-08 23:58:11+00:00,0,,,demo
TX0000532,ACC00113,ACC00009,543.25,2026-01-09 00:23:53+00:00,0,,,demo
TX0000522,ACC00148,ACC00076,51.61,2026-01-09 00:27:25+00:00,0,,,demo
TX0000551,ACC00068,ACC00150,73.55,2026-01-09 00:50:39+00:00,0,,,demo
TX0000538,ACC00139,ACC00094,25.78,2026-01-09 01:12:45+00:00,0,,,demo
TX0000541,ACC00066,ACC00124,79.62,2026-01-09 01:14:46+00:00,0,,,demo
TX0000520,ACC00061,ACC00098,126.57,2026-01-09 01:52:29+00:00,0,,,demo
TX0001898,RING002_S2,RING002_C1,1184.77,2026-01-09 02:14:45+00:00,1,RING002,RING002,demo
TX0000554,ACC00121,ACC00007,122.91,2026-01-09 02:15:28+00:00,0,,,demo
TX0000525,ACC00003,ACC00145,350.45,2026-01-09 02:58:49+00:00,0,,,demo
TX0000534,ACC00034,ACC00024,115.44,2026-01-09 03:02:45+00:00,0,,,demo
TX0000500,ACC00076,ACC00092,118.88,2026-01-09 03:19:01+00:00,0,,,demo
TX0000528,ACC00091,ACC00057,30.16,2026-01-09 03:26:58+00:00,0,,,demo
TX0000515,ACC00089,ACC00077,35.84,2026-01-09 03:33:49+00:00,0,,,demo
TX0001918,ACC00032,RING003_S5,40.58,2026-01-09 03:34:50+00:00,0,,,demo
TX0000549,ACC00138,ACC00032,25.94,2026-01-09 03:35:42+00:00,0,,,demo
TX0000555,ACC00144,ACC00084,60.22,2026-01-09 03:50:26+00:00,0,,,demo
TX0000502,ACC00038,ACC00063,201.75,2026-01-09 04:31:11+00:00,0,,,demo
TX0001897,RING002_S1,RING002_C1,913.31,2026-01-09 04:40:24+00:00,1,RING002,RING002,demo
TX0000518,ACC00051,ACC00099,169.93,2026-01-09 05:11:33+00:00,0,,,demo
TX0000491,ACC00082,ACC00125,81.76,2026-01-09 05:29:47+00:00,0,,,demo
TX0000505,ACC00044,ACC00045,295.22,2026-01-09 05:32:14+00:00,0,,,demo
TX0000495,ACC00024,ACC00112,119.41,2026-01-09 05:55:30+00:00,0,,,demo
TX0000511,ACC00066,ACC00003,91.05,2026-01-09 05:57:48+00:00,0,,,demo
TX0000544,ACC00020,ACC00037,38.67,2026-01-09 06:05:17+00:00,0,,,demo
TX0000507,ACC00062,ACC00128,99.39,2026-01-09 06:44:10+00:00,0,,,demo
TX0000517,ACC00117,ACC00078,140.13,2026-01-09 07:06:53+00:00,0,,,demo
TX0000516,ACC00109,ACC00065,170.65,2026-01-09 07:38:30+00:00,0,,,demo
TX0000499,ACC00084,ACC00015,155.83,2026-01-09 07:39:23+00:00,0,,,demo
TX0000492,ACC00139,ACC00010,9.2,2026-01-09 07:44:23+00:00,0,,,demo
TX0000539,ACC00136,ACC00129,150.09,2026-01-09 08:14:39+00:00,0,,,demo
TX0000521,ACC00147,ACC00092,15.13,2026-01-09 09:12:00+00:00,0,,,demo
TX0000533,ACC00149,ACC00094,220.13,2026-01-09 09:18:58+00:00,0,,,demo
TX0000546,ACC00143,ACC00094,131.54,2026-01-09 09:30:29+00:00,0,,,demo
TX0001915,RING003_C1,RING003_S4,106.09,2026-01-09 09:46:54+00:00,0,,,demo
TX0000535,ACC00076,ACC00084,94.09,2026-01-09 09:57:40+00:00,0,,,demo
TX0000550,ACC00117,ACC00095,111.86,2026-01-09 10:03:45+00:00,0,,,demo
TX0001899,RING002_S3,RING002_C1,1030.35,2026-01-09 11:16:10+00:00,1,RING002,RING002,demo
TX0001901,RING002_S5,RING002_C1,816.96,2026-01-09 11:49:18+00:00,1,RING002,RING002,demo
TX0000530,ACC00036,ACC00025,24.47,2026-01-09 12:10:30+00:00,0,,,demo
TX0000545,ACC00058,ACC00102,30.46,2026-01-09 12:36:22+00:00,0,,,demo
TX0000536,ACC00107,ACC00045,30.5,2026-01-09 12:52:08+00:00,0,,,demo
TX0001900,RING002_S4,RING002_C1,955.28,2026-01-09 13:09:42+00:00,1,RING002,RING002,demo
TX0000489,ACC00021,ACC00085,178.71,2026-01-09 13:13:40+00:00,0,,,demo
TX0000548,ACC00004,ACC00068,78.87,2026-01-09 13:36:23+00:00,0,,,demo
TX0000506,ACC00021,ACC00098,14.02,2026-01-09 14:09:53+00:00,0,,,demo
TX0000542,ACC00076,ACC00087,259.62,2026-01-09 14:17:50+00:00,0,,,demo
TX0000504,ACC00145,ACC00047,245.12,2026-01-09 14:53:01+00:00,0,,,demo
TX0001914,RING003_C3,ACC00005,160.27,2026-01-09 15:34:14+00:00,0,,,demo
TX0000540,ACC00070,ACC00043,15.08,2026-01-09 15:55:37+00:00,0,,,demo
TX0001913,ACC00112,RING003_D3,70.83,2026-01-09 16:00:19+00:00,0,,,demo
TX0000494,ACC00074,ACC00059,388.07,2026-01-09 16:23:53+00:00,0,,,demo
TX0000503,ACC00136,ACC00106,17.82,2026-01-09 16:57:01+00:00,0,,,demo
TX0000524,ACC00102,ACC00071,507.25,2026-01-09 16:59:39+00:00,0,,,demo
TX0000498,ACC00008,ACC00012,95.42,2026-01-09 17:04:38+00:00,0,,,demo
TX0000537,ACC00052,ACC00034,77.4,2026-01-09 17:19:07+00:00,0,,,demo
TX0000547,ACC00024,ACC00102,326.14,2026-01-09 18:18:52+00:00,0,,,demo
TX0000510,ACC00066,ACC00118,36.85,2026-01-09 18:33:02+00:00,0,,,demo
TX0000527,ACC00074,ACC00059,91.11,2026-01-09 18:38:02+00:00,0,,,demo
TX0000490,ACC00137,ACC00098,32.39,2026-01-09 18:44:02+00:00,0,,,demo
TX0000529,ACC00049,ACC00065,133.89,2026-01-09 19:03:53+00:00,0,,,demo
TX0000552,ACC00098,ACC00096,115.92,2026-01-09 19:06:17+00:00,0,,,demo
TX0000519,ACC00124,ACC00028,188.67,2026-01-09 19:45:31+00:00,0,,,demo
TX0000543,ACC00030,ACC00120,251.1,2026-01-09 20:08:12+00:00,0,,,demo
TX0000523,ACC00076,ACC00006,25.03,2026-01-09 20:17:08+00:00,0,,,demo
TX0000508,ACC00150,ACC00037,543.26,2026-01-09 20:28:51+00:00,0,,,demo
TX0000493,ACC00018,ACC00061,20.15,2026-01-09 20:43:06+00:00,0,,,demo
TX0000497,ACC00043,ACC00077,29.38,2026-01-09 20:44:07+00:00,0,,,demo
TX0001917,RING003_D5,ACC00013,28.9,2026-01-09 20:56:08+00:00,0,,,demo
TX0000526,ACC00013,ACC00128,347.45,2026-01-09 21:21:37+00:00,0,,,demo
TX0000509,ACC00060,ACC00119,150.85,2026-01-09 21:31:15+00:00,0,,,demo
TX0000513,ACC00140,ACC00041,698.37,2026-01-09 21:49:35+00:00,0,,,demo
TX0000512,ACC00120,ACC00074,32.62,2026-01-09 22:03:03+00:00,0,,,demo
TX0001916,ACC00066,RING003_S2,39.19,2026-01-09 22:08:55+00:00,0,,,demo
TX0000531,ACC00011,ACC00080,85.52,2026-01-09 22:10:48+00:00,0,,,demo
TX0000496,ACC00026,ACC00114,28.78,2026-01-09 22:19:45+00:00,0,,,demo
TX0000501,ACC00096,ACC00111,105.44,2026-01-09 22:23:21+00:00,0,,,demo
TX0000553,ACC00028,ACC00060,54.38,2026-01-09 22:32:50+00:00,0,,,demo
TX0000514,ACC00019,ACC00114,280.35,2026-01-09 23:37:53+00:00,0,,,demo
TX0000591,ACC00092,ACC00061,118.97,2026-01-10 00:12:22+00:00,0,,,demo
TX0000583,ACC00054,ACC00056,12.98,2026-01-10 00:34:07+00:00,0,,,demo
TX0000589,ACC00029,ACC00007,59.92,2026-01-10 01:22:09+00:00,0,,,demo
TX0000566,ACC00040,ACC00107,61.57,2026-01-10 02:30:39+00:00,0,,,demo
TX0000607,ACC00019,ACC00021,65.91,2026-01-10 02:33:36+00:00,0,,,demo
TX0000611,ACC00141,ACC00084,132.91,2026-01-10 02:39:50+00:00,0,,,demo
TX0001919,RING003_S4,ACC00078,125.08,2026-01-10 02:50:09+00:00,0,,,demo
TX0000595,ACC00108,ACC00135,88.91,2026-01-10 03:15:00+00:00,0,,,demo
TX0000582,ACC00018,ACC00142,137.68,2026-01-10 03:54:32+00:00,0,,,demo
TX0000606,ACC00126,ACC00114,93.56,2026-01-10 03:58:03+00:00,0,,,demo
TX0000558,ACC00030,ACC00036,379.09,2026-01-10 04:16:58+00:00,0,,,demo
TX0000588,ACC00065,ACC00045,23.52,2026-01-10 04:51:01+00:00,0,,,demo
TX0001921,RING003_C2,ACC00128,209.5,2026-01-10 06:07:33+00:00,0,,,demo
TX0000557,ACC00078,ACC00105,28.81,2026-01-10 06:22:10+00:00,0,,,demo
TX0000596,ACC00030,ACC00017,81.17,2026-01-10 07:04:29+00:00,0,,,demo
TX0000610,ACC00071,ACC00150,19.38,2026-01-10 07:06:17+00:00,0,,,demo
TX0000602,ACC00078,ACC00118,58.48,2026-01-10 07:18:26+00:00,0,,,demo
TX0000581,ACC00145,ACC00053,91.28,2026-01-10 07:58:27+00:00,0,,,demo
TX0000579,ACC00013,ACC00086,223.32,2026-01-10 08:06:47+00:00,0,,,demo
TX0000559,ACC00012,ACC00010,28.16,2026-01-10 08:13:24+00:00,0,,,demo
TX0000599,ACC00028,ACC00116,29.63,2026-01-10 08:30:59+00:00,0,,,demo
TX0000572,ACC00093,ACC00026,519.93,2026-01-10 09:03:05+00:00,0,,,demo
TX0000580,ACC00063,ACC00033,118.93,2026-01-10 09:03:11+00:00,0,,,demo
TX0000562,ACC00061,ACC00138,80.03,2026-01-10 09:05:50+00:00,0,,,demo
TX0000574,ACC00092,ACC00016,129.73,2026-01-10 09:28:16+00:00,0,,,demo
TX0000569,ACC00009,ACC00095,375.21,2026-01-10 10:20:41+00:00,0,,,demo
TX0000565,ACC00139,ACC00108,428.99,2026-01-10 10:39:55+00:00,0,,,demo
TX0001920,ACC00108,RING003_S4,58.9,2026-01-10 10:57:00+00:00,0,,,demo
TX0000590,ACC00034,ACC00004,85.92,2026-01-10 11:14:31+00:00,0,,,demo
TX0000560,ACC00078,ACC00127,13.99,2026-01-10 11:16:31+00:00,0,,,demo
TX0000585,ACC00038,ACC00001,21.28,2026-01-10 11:20:57+00:00,0,,,demo
TX0000587,ACC00034,ACC00139,44.99,2026-01-10 11:28:24+00:00,0,,,demo
TX0000592,ACC00083,ACC00005,185.73,2026-01-10 11:33:21+00:00,0,,,demo
TX0000594,ACC00014,ACC00033,12.7,2026-01-10 11:53:32+00:00,0,,,demo
TX0000605,ACC00110,ACC00028,51.54,2026-01-10 12:30:14+00:00,0,,,demo
TX0000575,ACC00102,ACC00071,2162.14,2026-01-10 13:42:49+00:00,0,,,demo
TX0000577,ACC00117,ACC00024,237.22,2026-01-10 13:49:08+00:00,0,,,demo
TX0000576,ACC00049,ACC00032,44.38,2026-01-10 13:56:37+00:00,0,,,demo
TX0000573,ACC00095,ACC00140,82.0,2026-01-10 15:05:23+00:00,0,,,demo
TX0000561,ACC00030,ACC00025,92.68,2026-01-10 15:30:05+00:00,0,,,demo
TX0000563,ACC00035,ACC00100,303.14,2026-01-10 15:40:00+00:00,0,,,demo
TX0000593,ACC00045,ACC00068,95.87,2026-01-10 16:09:49+00:00,0,,,demo
TX0000556,ACC00017,ACC00119,118.3,2026-01-10 16:22:55+00:00,0,,,demo
TX0000564,ACC00117,ACC00095,133.74,2026-01-10 17:32:50+00:00,0,,,demo
TX0000609,ACC00017,ACC00033,38.0,2026-01-10 17:45:20+00:00,0,,,demo
TX0000570,ACC00056,ACC00114,64.33,2026-01-10 17:50:47+00:00,0,,,demo
TX0000586,ACC00071,ACC00038,97.9,2026-01-10 18:05:03+00:00,0,,,demo
TX0000597,ACC00122,ACC00115,87.53,2026-01-10 18:32:39+00:00,0,,,demo
TX0001923,RING003_C2,ACC00011,34.55,2026-01-10 18:40:31+00:00,0,,,demo
TX0000568,ACC00105,ACC00072,64.96,2026-01-10 19:09:15+00:00,0,,,demo
TX0000603,ACC00008,ACC00016,7.38,2026-01-10 19:35:45+00:00,0,,,demo
TX0000604,ACC00123,ACC00103,39.13,2026-01-10 20:17:57+00:00,0,,,demo
TX0000608,ACC00083,ACC00038,45.79,2026-01-10 20:26:47+00:00,0,,,demo
TX0001922,RING003_D5,RING003_D1,81.02,2026-01-10 20:30:19+00:00,0,,,demo
TX0000567,ACC00026,ACC00126,42.4,2026-01-10 20:40:07+00:00,0,,,demo
TX0000598,ACC00093,ACC00132,232.21,2026-01-10 21:38:21+00:00,0,,,demo
TX0000578,ACC00055,ACC00006,55.16,2026-01-10 22:26:57+00:00,0,,,demo
TX0000601,ACC00012,ACC00134,120.17,2026-01-10 22:35:26+00:00,0,,,demo
TX0001902,RING002_C1,RING002_C2,4997.66,2026-01-10 22:35:34+00:00,1,RING002,RING002,demo
TX0001903,RING002_C2,RING002_C3,4548.61,2026-01-10 22:51:56+00:00,1,RING002,RING002,demo
TX0000600,ACC00129,ACC00057,30.16,2026-01-10 22:52:19+00:00,0,,,demo
TX0000584,ACC00060,ACC00085,33.72,2026-01-10 22:55:03+00:00,0,,,demo
TX0001904,RING002_C3,RING002_C4,4450.82,2026-01-10 23:01:56+00:00,1,RING002,RING002,demo
TX0000571,ACC00114,ACC00061,604.9,2026-01-10 23:42:45+00:00,0,,,demo
TX0001924,RING003_S3,RING003_S4,63.51,2026-01-10 23:59:07+00:00,0,,,demo
TX0000625,ACC00024,ACC00022,65.5,2026-01-11 00:52:38+00:00,0,,,demo
TX0000648,ACC00002,ACC00047,354.44,2026-01-11 01:12:10+00:00,0,,,demo
TX0000616,ACC00056,ACC00111,96.54,2026-01-11 02:24:35+00:00,0,,,demo
TX0000638,ACC00058,ACC00028,111.23,2026-01-11 02:51:18+00:00,0,,,demo
TX0001925,RING003_S1,RING003_C1,912.73,2026-01-11 02:53:57+00:00,1,RING003,RING003,demo
TX0000632,ACC00091,ACC00109,140.94,2026-01-11 03:00:58+00:00,0,,,demo
TX0000658,ACC00022,ACC00014,67.84,2026-01-11 03:05:49+00:00,0,,,demo
TX0000643,ACC00144,ACC00143,4.8,2026-01-11 03:25:17+00:00,0,,,demo
TX0000675,ACC00084,ACC00031,128.09,2026-01-11 03:35:19+00:00,0,,,demo
TX0000646,ACC00070,ACC00080,145.12,2026-01-11 03:40:09+00:00,0,,,demo
TX0000671,ACC00015,ACC00002,55.55,2026-01-11 04:08:06+00:00,0,,,demo
TX0000618,ACC00106,ACC00087,133.89,2026-01-11 04:18:28+00:00,0,,,demo
TX0000619,ACC00117,ACC00103,156.9,2026-01-11 04:26:44+00:00,0,,,demo
TX0000636,ACC00130,ACC00055,82.44,2026-01-11 04:59:07+00:00,0,,,demo
TX0000652,ACC00024,ACC00136,102.62,2026-01-11 05:05:13+00:00,0,,,demo
TX0000620,ACC00107,ACC00025,241.63,2026-01-11 05:53:11+00:00,0,,,demo
TX0000624,ACC00122,ACC00018,13.72,2026-01-11 05:57:43+00:00,0,,,demo
TX0001927,RING003_S3,RING003_C1,1212.85,2026-01-11 06:07:42+00:00,1,RING003,RING003,demo
TX0000655,ACC00088,ACC00041,22.99,2026-01-11 06:44:08+00:00,0,,,demo
TX0000656,ACC00095,ACC00080,42.85,2026-01-11 06:44:30+00:00,0,,,demo
TX0000653,ACC00056,ACC00097,33.04,2026-01-11 06:53:34+00:00,0,,,demo
TX0000669,ACC00079,ACC00012,22.1,2026-01-11 06:57:07+00:00,0,,,demo
TX0000672,ACC00053,ACC00078,395.15,2026-01-11 07:15:34+00:00,0,,,demo
TX0000627,ACC00025,ACC00096,50.83,2026-01-11 07:52:54+00:00,0,,,demo
TX0000677,ACC00111,ACC00045,102.59,2026-01-11 07:55:50+00:00,0,,,demo
TX0001929,RING003_S5,RING003_C1,1055.63,2026-01-11 08:13:04+00:00,1,RING003,RING003,demo
TX0000666,ACC00089,ACC00111,113.24,2026-01-11 08:13:31+00:00,0,,,demo
TX0000631,ACC00032,ACC00106,97.1,2026-01-11 08:38:00+00:00,0,,,demo
TX0000637,ACC00040,ACC00124,230.51,2026-01-11 09:07:24+00:00,0,,,demo
TX0001907,RING002_C4,RING002_D3,768.45,2026-01-11 09:24:24+00:00,1,RING002,RING002,demo
TX0000660,ACC00013,ACC00021,166.8,2026-01-11 09:25:49+00:00,0,,,demo
TX0000629,ACC00016,ACC00144,75.97,2026-01-11 09:26:20+00:00,0,,,demo
TX0000661,ACC00070,ACC00114,33.12,2026-01-11 09:56:04+00:00,0,,,demo
TX0000659,ACC00040,ACC00041,80.95,2026-01-11 11:55:18+00:00,0,,,demo
TX0000628,ACC00034,ACC00143,591.21,2026-01-11 12:25:26+00:00,0,,,demo
TX0000665,ACC00132,ACC00030,143.08,2026-01-11 12:36:49+00:00,0,,,demo
TX0000641,ACC00072,ACC00147,120.22,2026-01-11 12:41:14+00:00,0,,,demo
TX0000642,ACC00058,ACC00110,125.94,2026-01-11 12:45:55+00:00,0,,,demo
TX0000630,ACC00144,ACC00085,71.36,2026-01-11 12:52:39+00:00,0,,,demo
TX0000647,ACC00087,ACC00090,28.15,2026-01-11 13:25:11+00:00,0,,,demo
TX0001909,RING002_C4,RING002_D5,839.84,2026-01-11 13:30:06+00:00,1,RING002,RING002,demo
TX0000621,ACC00081,ACC00110,286.43,2026-01-11 13:47:00+00:00,0,,,demo
TX0000664,ACC00070,ACC00056,140.3,2026-01-11 14:23:34+00:00,0,,,demo
TX0000613,ACC00117,ACC00130,440.66,2026-01-11 14:28:51+00:00,0,,,demo
TX0000640,ACC00095,ACC00030,298.96,2026-01-11 14:35:42+00:00,0,,,demo
TX0001906,RING002_C4,RING002_D2,888.39,2026-01-11 14:38:49+00:00,1,RING002,RING002,demo
TX0000617,ACC00116,ACC00059,30.68,2026-01-11 14:49:30+00:00,0,,,demo
TX0000650,ACC00103,ACC00018,89.84,2026-01-11 14:56:42+00:00,0,,,demo
TX0000654,ACC00108,ACC00117,86.87,2026-01-11 15:20:11+00:00,0,,,demo
TX0001905,RING002_C4,RING002_D1,839.11,2026-01-11 15:29:27+00:00,1,RING002,RING002,demo
TX0000649,ACC00037,ACC00145,55.48,2026-01-11 15:46:53+00:00,0,,,demo
TX0000663,ACC00114,ACC00107,59.6,2026-01-11 15:47:51+00:00,0,,,demo
TX0001926,RING003_S2,RING003_C1,841.99,2026-01-11 16:10:46+00:00,1,RING003,RING003,demo
TX0001928,RING003_S4,RING003_C1,1211.7,2026-01-11 16:24:57+00:00,1,RING003,RING003,demo
TX0000676,ACC00002,ACC00128,101.61,2026-01-11 17:16:29+00:00,0,,,demo
TX0000623,ACC00096,ACC00040,152.84,2026-01-11 17:16:43+00:00,0,,,demo
TX0000662,ACC00109,ACC00125,271.69,2026-01-11 17:25:42+00:00,0,,,demo
TX0000615,ACC00030,ACC00142,71.85,2026-01-11 17:26:30+00:00,0,,,demo
TX0000673,ACC00055,ACC00036,541.51,2026-01-11 17:38:00+00:00,0,,,demo
TX0000674,ACC00066,ACC00075,80.66,2026-01-11 17:43:27+00:00,0,,,demo
TX0000612,ACC00136,ACC00076,77.68,2026-01-11 18:14:25+00:00,0,,,demo
TX0000657,ACC00084,ACC00146,226.87,2026-01-11 19:08:56+00:00,0,,,demo
TX0000644,ACC00007,ACC00069,2.34,2026-01-11 19:38:21+00:00,0,,,demo
TX0000651,ACC00037,ACC00008,135.37,2026-01-11 19:51:21+00:00,0,,,demo
TX0000633,ACC00014,ACC00074,288.68,2026-01-11 20:01:23+00:00,0,,,demo
TX0000645,ACC00008,ACC00047,16.06,2026-01-11 20:08:28+00:00,0,,,demo
TX0000668,ACC00125,ACC00135,169.35,2026-01-11 20:18:15+00:00,0,,,demo
TX0000622,ACC00081,ACC00066,34.37,2026-01-11 20:59:23+00:00,0,,,demo
TX0000670,ACC00057,ACC00102,66.51,2026-01-11 21:25:11+00:00,0,,,demo
TX0000639,ACC00090,ACC00143,218.41,2026-01-11 21:58:12+00:00,0,,,demo
TX0000626,ACC00024,ACC00111,101.42,2026-01-11 22:33:37+00:00,0,,,demo
TX0000614,ACC00111,ACC00026,706.48,2026-01-11 22:35:49+00:00,0,,,demo
TX0000634,ACC00080,ACC00091,122.68,2026-01-11 22:52:37+00:00,0,,,demo
TX0000635,ACC00027,ACC00148,162.32,2026-01-11 23:02:07+00:00,0,,,demo
TX0001908,RING002_C4,RING002_D4,783.88,2026-01-11 23:23:16+00:00,1,RING002,RING002,demo
TX0000667,ACC00029,ACC00073,187.84,2026-01-11 23:40:06+00:00,0,,,demo
TX0000722,ACC00099,ACC00119,30.82,2026-01-12 00:10:49+00:00,0,,,demo
TX0000711,ACC00081,ACC00039,139.42,2026-01-12 00:30:07+00:00,0,,,demo
TX0000697,ACC00057,ACC00086,89.6,2026-01-12 01:32:21+00:00,0,,,demo
TX0000682,ACC00011,ACC00112,175.93,2026-01-12 02:12:05+00:00,0,,,demo
TX0000713,ACC00121,ACC00114,100.45,2026-01-12 02:31:33+00:00,0,,,demo
TX0000726,ACC00083,ACC00122,71.57,2026-01-12 02:46:37+00:00,0,,,demo
TX0000723,ACC00149,ACC00142,141.89,2026-01-12 03:13:24+00:00,0,,,demo
TX0001944,RING004_S1,RING004_S5,100.4,2026-01-12 03:41:09+00:00,0,,,demo
TX0000703,ACC00061,ACC00027,51.53,2026-01-12 04:14:07+00:00,0,,,demo
TX0000686,ACC00147,ACC00104,54.56,2026-01-12 04:44:51+00:00,0,,,demo
TX0000688,ACC00030,ACC00104,32.43,2026-01-12 05:55:13+00:00,0,,,demo
TX0000690,ACC00044,ACC00118,64.27,2026-01-12 06:36:13+00:00,0,,,demo
TX0000691,ACC00093,ACC00023,167.29,2026-01-12 06:44:48+00:00,0,,,demo
TX0000727,ACC00129,ACC00039,18.31,2026-01-12 06:52:32+00:00,0,,,demo
TX0000698,ACC00044,ACC00020,295.19,2026-01-12 07:41:31+00:00,0,,,demo
TX0000708,ACC00119,ACC00145,38.12,2026-01-12 08:01:07+00:00,0,,,demo
TX0000721,ACC00024,ACC00130,47.26,2026-01-12 08:47:02+00:00,0,,,demo
TX0000680,ACC00144,ACC00091,169.68,2026-01-12 09:47:45+00:00,0,,,demo
TX0000678,ACC00098,ACC00137,84.84,2026-01-12 10:03:48+00:00,0,,,demo
TX0001910,ACC00150,RING002_C2,653.58,2026-01-12 10:04:55+00:00,1,RING002,RING002,demo
TX0000699,ACC00131,ACC00030,110.25,2026-01-12 10:34:09+00:00,0,,,demo
TX0000717,ACC00080,ACC00119,101.33,2026-01-12 11:04:58+00:00,0,,,demo
TX0001945,RING004_C4,RING004_S3,74.69,2026-01-12 11:14:40+00:00,0,,,demo
TX0000714,ACC00078,ACC00071,22.71,2026-01-12 11:32:05+00:00,0,,,demo
TX0001941,RING004_S4,RING004_C4,136.32,2026-01-12 12:55:37+00:00,0,,,demo
TX0000694,ACC00103,ACC00135,10.94,2026-01-12 13:00:36+00:00,0,,,demo
TX0000706,ACC00040,ACC00020,181.01,2026-01-12 13:04:09+00:00,0,,,demo
TX0000695,ACC00021,ACC00102,62.52,2026-01-12 13:58:38+00:00,0,,,demo
TX0000718,ACC00116,ACC00010,77.19,2026-01-12 14:03:47+00:00,0,,,demo
TX0000725,ACC00147,ACC00049,73.93,2026-01-12 14:31:04+00:00,0,,,demo
TX0000715,ACC00015,ACC00091,392.3,2026-01-12 14:32:57+00:00,0,,,demo
TX0000696,ACC00080,ACC00087,93.32,2026-01-12 14:38:29+00:00,0,,,demo
TX0000716,ACC00130,ACC00019,135.8,2026-01-12 15:28:32+00:00,0,,,demo
TX0000719,ACC00015,ACC00095,385.31,2026-01-12 15:46:43+00:00,0,,,demo
TX0000684,ACC00020,ACC00081,131.48,2026-01-12 15:54:35+00:00,0,,,demo
TX0001911,RING002_C2,RING002_D5,620.9,2026-01-12 16:10:15+00:00,1,RING002,RING002,demo
TX0000692,ACC00112,ACC00028,123.48,2026-01-12 16:11:37+00:00,0,,,demo
TX0000700,ACC00136,ACC00131,146.23,2026-01-12 16:27:01+00:00,0,,,demo
TX0000679,ACC00059,ACC00129,43.41,2026-01-12 16:42:59+00:00,0,,,demo
TX0001930,RING003_C1,RING003_C2,5211.49,2026-01-12 16:44:05+00:00,1,RING003,RING003,demo
TX0000701,ACC00050,ACC00090,53.09,2026-01-12 16:49:09+00:00,0,,,demo
TX0000683,ACC00005,ACC00118,61.88,2026-01-12 17:35:37+00:00,0,,,demo
TX0000712,ACC00113,ACC00018,73.4,2026-01-12 17:52:47+00:00,0,,,demo
TX0000687,ACC00107,ACC00075,17.2,2026-01-12 18:01:47+00:00,0,,,demo
TX0001942,ACC00060,RING004_S2,166.11,2026-01-12 19:09:37+00:00,0,,,demo
TX0000685,ACC00148,ACC00110,26.19,2026-01-12 19:19:12+00:00,0,,,demo
TX0000707,ACC00046,ACC00127,99.68,2026-01-12 19:30:41+00:00,0,,,demo
TX0000720,ACC00074,ACC00020,279.29,2026-01-12 19:35:07+00:00,0,,,demo
TX0000681,ACC00019,ACC00102,90.29,2026-01-12 19:51:13+00:00,0,,,demo
TX0000724,ACC00011,ACC00116,83.32,2026-01-12 20:08:24+00:00,0,,,demo
TX0000705,ACC00051,ACC00045,34.65,2026-01-12 20:33:31+00:00,0,,,demo
TX0000689,ACC00006,ACC00084,94.84,2026-01-12 20:54:28+00:00,0,,,demo
TX0000702,ACC00090,ACC00038,241.32,2026-01-12 21:00:09+00:00,0,,,demo
TX0001946,RING004_D4,ACC00030,51.11,2026-01-12 21:55:16+00:00,0,,,demo
TX0000710,ACC00145,ACC00083,34.62,2026-01-12 22:10:22+00:00,0,,,demo
TX0001943,RING004_D3,RING004_D2,66.58,2026-01-12 22:19:16+00:00,0,,,demo
TX0000704,ACC00038,ACC00066,177.22,2026-01-12 22:27:45+00:00,0,,,demo
TX0000709,ACC00149,ACC00115,52.58,2026-01-12 22:54:24+00:00,0,,,demo
TX0000693,ACC00063,ACC00112,135.62,2026-01-12 23:03:14+00:00,0,,,demo
TX0001931,RING003_C2,RING003_C3,4776.91,2026-01-12 23:22:10+00:00,1,RING003,RING003,demo
TX0001932,RING003_C3,RING003_C4,4636.24,2026-01-12 23:43:29+00:00,1,RING003,RING003,demo
TX0000760,ACC00010,ACC00087,42.53,2026-01-13 00:00:45+00:00,0,,,demo
TX0000741,ACC00065,ACC00039,46.71,2026-01-13 00:34:14+00:00,0,,,demo
TX0000762,ACC00040,ACC00042,68.71,2026-01-13 00:50:10+00:00,0,,,demo
TX0000767,ACC00073,ACC00115,45.34,2026-01-13 01:02:34+00:00,0,,,demo
TX0000732,ACC00113,ACC00135,77.38,2026-01-13 01:40:17+00:00,0,,,demo
TX0000768,ACC00060,ACC00137,76.33,2026-01-13 02:13:35+00:00,0,,,demo
TX0000761,ACC00034,ACC00097,71.11,2026-01-13 02:22:19+00:00,0,,,demo
TX0000736,ACC00105,ACC00087,19.23,2026-01-13 02:41:04+00:00,0,,,demo
TX0001951,RING004_D2,RING004_S1,145.92,2026-01-13 02:42:51+00:00,0,,,demo
TX0000737,ACC00014,ACC00086,172.99,2026-01-13 03:44:15+00:00,0,,,demo
TX0001948,RING004_S4,RING004_D5,61.85,2026-01-13 03:46:07+00:00,0,,,demo
TX0000753,ACC00047,ACC00055,68.6,2026-01-13 04:01:03+00:00,0,,,demo
TX0000764,ACC00113,ACC00012,70.53,2026-01-13 04:01:56+00:00,0,,,demo
TX0000728,ACC00116,ACC00027,112.93,2026-01-13 04:37:20+00:00,0,,,demo
TX0000759,ACC00139,ACC00135,141.22,2026-01-13 05:26:27+00:00,0,,,demo
TX0001936,RING003_C4,RING003_D4,789.72,2026-01-13 05:52:16+00:00,1,RING003,RING003,demo
TX0000733,ACC00134,ACC00041,138.74,2026-01-13 05:59:12+00:00,0,,,demo
TX0001952,RING004_D2,ACC00145,33.44,2026-01-13 06:10:18+00:00,0,,,demo
TX0000770,ACC00121,ACC00050,93.43,2026-01-13 06:10:44+00:00,0,,,demo
TX0000765,ACC00106,ACC00094,11.05,2026-01-13 06:26:31+00:00,0,,,demo
TX0000734,ACC00094,ACC00096,100.52,2026-01-13 06:29:43+00:00,0,,,demo
TX0000739,ACC00025,ACC00143,90.79,2026-01-13 07:04:55+00:00,0,,,demo
TX0000745,ACC00101,ACC00034,311.67,2026-01-13 07:07:39+00:00,0,,,demo
TX0000757,ACC00020,ACC00076,62.72,2026-01-13 07:23:20+00:00,0,,,demo
TX0000752,ACC00093,ACC00080,398.38,2026-01-13 07:43:02+00:00,0,,,demo
TX0000763,ACC00047,ACC00043,529.19,2026-01-13 08:12:47+00:00,0,,,demo
TX0000747,ACC00144,ACC00097,163.75,2026-01-13 08:50:59+00:00,0,,,demo
TX0000751,ACC00093,ACC00005,331.48,2026-01-13 09:28:20+00:00,0,,,demo
TX0000729,ACC00088,ACC00022,336.64,2026-01-13 09:37:34+00:00,0,,,demo
TX0000738,ACC00017,ACC00085,49.6,2026-01-13 10:09:50+00:00,0,,,demo
TX0000735,ACC00073,ACC00100,59.84,2026-01-13 10:51:44+00:00,0,,,demo
TX0000746,ACC00022,ACC00080,166.35,2026-01-13 11:04:08+00:00,0,,,demo
TX0001934,RING003_C4,RING003_D2,832.89,2026-01-13 11:19:23+00:00,1,RING003,RING003,demo
TX0000754,ACC00088,ACC00125,70.78,2026-01-13 11:47:25+00:00,0,,,demo
TX0000758,ACC00026,ACC00130,33.49,2026-01-13 12:48:44+00:00,0,,,demo
TX0000771,ACC00095,ACC00147,82.37,2026-01-13 12:55:52+00:00,0,,,demo
TX0000755,ACC00050,ACC00058,99.69,2026-01-13 13:40:36+00:00,0,,,demo
TX0000769,ACC00062,ACC00080,326.5,2026-01-13 14:06:04+00:00,0,,,demo
TX0000730,ACC00130,ACC00045,50.07,2026-01-13 14:52:19+00:00,0,,,demo
TX0000731,ACC00011,ACC00064,378.15,2026-01-13 15:11:02+00:00,0,,,demo
TX0001949,RING004_D4,RING004_D3,39.23,2026-01-13 15:44:32+00:00,0,,,demo
TX0000748,ACC00085,ACC00033,30.04,2026-01-13 16:08:03+00:00,0,,,demo
TX0000749,ACC00135,ACC00024,181.4,2026-01-13 16:20:54+00:00,0,,,demo
TX0000743,ACC00150,ACC00037,436.67,2026-01-13 16:24:05+00:00,0,,,demo
TX0000740,ACC00099,ACC00073,107.81,2026-01-13 16:28:04+00:00,0,,,demo
TX0001947,RING004_D5,RING004_C1,34.67,2026-01-13 16:31:26+00:00,0,,,demo
TX0000744,ACC00090,ACC00080,238.33,2026-01-13 17:28:05+00:00,0,,,demo
TX0000772,ACC00113,ACC00119,502.1,2026-01-13 18:00:23+00:00,0,,,demo
TX0001933,RING003_C4,RING003_D1,880.91,2026-01-13 18:53:27+00:00,1,RING003,RING003,demo
TX0000766,ACC00061,ACC00114,69.19,2026-01-13 19:45:18+00:00,0,,,demo
TX0000750,ACC00109,ACC00131,40.67,2026-01-13 19:58:15+00:00,0,,,demo
TX0001937,RING003_C4,RING003_D5,925.39,2026-01-13 20:00:02+00:00,1,RING003,RING003,demo
TX0000756,ACC00036,ACC00040,279.69,2026-01-13 21:05:51+00:00,0,,,demo
TX0001935,RING003_C4,RING003_D3,800.11,2026-01-13 21:56:33+00:00,1,RING003,RING003,demo
TX0001912,RING002_D1,RING002_S1,244.77,2026-01-13 22:20:59+00:00,1,RING002,RING002,demo
TX0001950,RING004_S4,RING004_D5,25.32,2026-01-13 23:16:30+00:00,0,,,demo
TX0000742,ACC00086,ACC00021,84.18,2026-01-13 23:59:10+00:00,0,,,demo
TX0000802,ACC00109,ACC00029,22.73,2026-01-14 00:01:33+00:00,0,,,demo
TX0000792,ACC00008,ACC00082,28.53,2026-01-14 01:11:14+00:00,0,,,demo
TX0000808,ACC00128,ACC00138,622.53,2026-01-14 01:25:40+00:00,0,,,demo
TX0000829,ACC00140,ACC00087,152.01,2026-01-14 01:29:45+00:00,0,,,demo
TX0000805,ACC00013,ACC00062,78.18,2026-01-14 02:16:53+00:00,0,,,demo
TX0000812,ACC00110,ACC00001,23.99,2026-01-14 02:22:48+00:00,0,,,demo
TX0000822,ACC00100,ACC00096,22.69,2026-01-14 02:23:46+00:00,0,,,demo
TX0000795,ACC00010,ACC00074,82.69,2026-01-14 02:29:30+00:00,0,,,demo
TX0000776,ACC00036,ACC00065,144.47,2026-01-14 02:51:14+00:00,0,,,demo
TX0000827,ACC00086,ACC00035,135.77,2026-01-14 03:26:16+00:00,0,,,demo
TX0000777,ACC00014,ACC00124,61.3,2026-01-14 03:53:42+00:00,0,,,demo
TX0000778,ACC00096,ACC00142,252.19,2026-01-14 04:12:30+00:00,0,,,demo
TX0000814,ACC00147,ACC00107,81.26,2026-01-14 04:13:39+00:00,0,,,demo
TX0000781,ACC00022,ACC00042,51.34,2026-01-14 04:18:35+00:00,0,,,demo
TX0000815,ACC00048,ACC00022,46.97,2026-01-14 04:19:37+00:00,0,,,demo
TX0000810,ACC00148,ACC00062,35.64,2026-01-14 04:41:30+00:00,0,,,demo
TX0000820,ACC00006,ACC00100,74.74,2026-01-14 04:55:46+00:00,0,,,demo
TX0000774,ACC00136,ACC00108,52.29,2026-01-14 05:15:38+00:00,0,,,demo
TX0000786,ACC00090,ACC00007,62.6,2026-01-14 05:17:57+00:00,0,,,demo
TX0001938,ACC00135,RING003_C2,825.95,2026-01-14 05:20:23+00:00,1,RING003,RING003,demo
TX0000787,ACC00107,ACC00014,69.78,2026-01-14 06:02:46+00:00,0,,,demo
TX0001955,RING004_S3,RING004_C1,928.32,2026-01-14 06:07:40+00:00,1,RING004,RING004,demo
TX0000794,ACC00038,ACC00036,33.19,2026-01-14 06:14:40+00:00,0,,,demo
TX0001957,RING004_S5,RING004_C1,889.73,2026-01-14 06:16:14+00:00,1,RING004,RING004,demo
TX0000798,ACC00002,ACC00021,136.66,2026-01-14 06:29:48+00:00,0,,,demo
TX0001954,RING004_S2,RING004_C1,1201.69,2026-01-14 06:48:12+00:00,1,RING004,RING004,demo
TX0000816,ACC00135,ACC00093,44.15,2026-01-14 07:41:22+00:00,0,,,demo
TX0000830,ACC00045,ACC00119,50.57,2026-01-14 07:46:28+00:00,0,,,demo
TX0000818,ACC00140,ACC00130,121.21,2026-01-14 08:34:37+00:00,0,,,demo
TX0000801,ACC00141,ACC00136,169.5,2026-01-14 08:41:45+00:00,0,,,demo
TX0000789,ACC00096,ACC00061,38.06,2026-01-14 09:12:54+00:00,0,,,demo
TX0000773,ACC00098,ACC00129,8.85,2026-01-14 09:52:41+00:00,0,,,demo
TX0000819,ACC00130,ACC00142,218.49,2026-01-14 10:02:55+00:00,0,,,demo
TX0000782,ACC00070,ACC00116,100.55,2026-01-14 10:46:10+00:00,0,,,demo
TX0000799,ACC00005,ACC00066,24.03,2026-01-14 10:48:40+00:00,0,,,demo
TX0000823,ACC00065,ACC00005,14.72,2026-01-14 11:02:10+00:00,0,,,demo
TX0000809,ACC00005,ACC00132,639.37,2026-01-14 11:08:01+00:00,0,,,demo
TX0001956,RING004_S4,RING004_C1,1255.57,2026-01-14 11:15:33+00:00,1,RING004,RING004,demo
TX0000806,ACC00108,ACC00118,246.54,2026-01-14 11:16:44+00:00,0,,,demo
TX0000807,ACC00017,ACC00029,69.64,2026-01-14 11:23:31+00:00,0,,,demo
TX0000813,ACC00091,ACC00062,55.36,2026-01-14 12:30:53+00:00,0,,,demo
TX0000817,ACC00018,ACC00135,37.36,2026-01-14 12:36:13+00:00,0,,,demo
TX0000791,ACC00096,ACC00058,59.64,2026-01-14 12:43:57+00:00,0,,,demo
TX0000800,ACC00056,ACC00039,40.44,2026-01-14 13:32:18+00:00,0,,,demo
TX0000785,ACC00057,ACC00116,21.81,2026-01-14 14:48:42+00:00,0,,,demo
TX0000793,ACC00026,ACC00086,13.35,2026-01-14 14:51:37+00:00,0,,,demo
TX0000824,ACC00092,ACC00018,27.24,2026-01-14 14:52:11+00:00,0,,,demo
TX0000804,ACC00078,ACC00032,166.16,2026-01-14 15:30:39+00:00,0,,,demo
TX0000779,ACC00027,ACC00133,108.21,2026-01-14 16:46:47+00:00,0,,,demo
TX0000821,ACC00121,ACC00012,44.1,2026-01-14 16:47:10+00:00,0,,,demo
TX0000788,ACC00102,ACC00129,33.61,2026-01-14 17:38:00+00:00,0,,,demo
TX0000826,ACC00027,ACC00149,327.2,2026-01-14 18:06:09+00:00,0,,,demo
TX0000797,ACC00121,ACC00115,104.44,2026-01-14 18:06:37+00:00,0,,,demo
TX0000803,ACC00074,ACC00061,65.61,2026-01-14 18:33:54+00:00,0,,,demo
TX0000832,ACC00035,ACC00017,51.96,2026-01-14 19:20:55+00:00,0,,,demo
TX0000796,ACC00121,ACC00036,42.01,2026-01-14 19:50:19+00:00,0,,,demo
TX0000790,ACC00099,ACC00021,545.52,2026-01-14 19:53:06+00:00,0,,,demo
TX0001953,RING004_S1,RING004_C1,1024.32,2026-01-14 20:06:31+00:00,1,RING004,RING004,demo
TX0000811,ACC00037,ACC00075,397.39,2026-01-14 21:24:58+00:00,0,,,demo
TX0000831,ACC00123,ACC00047,157.52,2026-01-14 21:58:41+00:00,0,,,demo
TX0000783,ACC00132,ACC00038,90.14,2026-01-14 22:52:17+00:00,0,,,demo
TX0000775,ACC00042,ACC00052,91.33,2026-01-14 23:05:02+00:00,0,,,demo
TX0000825,ACC00089,ACC00062,338.65,2026-01-14 23:06:10+00:00,0,,,demo
TX0000784,ACC00112,ACC00024,7.76,2026-01-14 23:24:51+00:00,0,,,demo
TX0000780,ACC00032,ACC00073,118.23,2026-01-14 23:46:09+00:00,0,,,demo
TX0001939,RING003_C2,RING003_D5,784.65,2026-01-14 23:48:59+00:00,1,RING003,RING003,demo
TX0000828,ACC00012,ACC00091,36.57,2026-01-14 23:55:12+00:00,0,,,demo
TX0000839,ACC00065,ACC00010,322.78,2026-01-15 00:44:43+00:00,0,,,demo
TX0000896,ACC00007,ACC00093,236.86,2026-01-15 00:57:45+00:00,0,,,demo
TX0000885,ACC00019,ACC00116,5.6,2026-01-15 03:04:00+00:00,0,,,demo
TX0000895,ACC00061,ACC00127,18.86,2026-01-15 03:16:23+00:00,0,,,demo
TX0000852,ACC00076,ACC00083,244.53,2026-01-15 03:59:08+00:00,0,,,demo
TX0001940,RING003_D1,RING003_S1,285.08,2026-01-15 04:02:51+00:00,1,RING003,RING003,demo
TX0000857,ACC00114,ACC00090,174.53,2026-01-15 04:21:19+00:00,0,,,demo
TX0000878,ACC00128,ACC00133,34.28,2026-01-15 04:30:10+00:00,0,,,demo
TX0000838,ACC00140,ACC00122,424.91,2026-01-15 04:38:14+00:00,0,,,demo
TX0000901,ACC00080,ACC00102,216.27,2026-01-15 04:46:12+00:00,0,,,demo
TX0000867,ACC00094,ACC00093,12.01,2026-01-15 04:52:26+00:00,0,,,demo
TX0000898,ACC00095,ACC00120,79.53,2026-01-15 05:08:38+00:00,0,,,demo
TX0000854,ACC00084,ACC00076,57.56,2026-01-15 05:08:56+00:00,0,,,demo
TX0000837,ACC00132,ACC00102,159.26,2026-01-15 05:12:17+00:00,0,,,demo
TX0000887,ACC00023,ACC00082,201.25,2026-01-15 05:18:33+00:00,0,,,demo
TX0000875,ACC00081,ACC00072,116.47,2026-01-15 05:46:38+00:00,0,,,demo
TX0000903,ACC00106,ACC00105,577.95,2026-01-15 05:53:03+00:00,0,,,demo
TX0000856,ACC00110,ACC00043,39.01,2026-01-15 06:10:42+00:00,0,,,demo
TX0000845,ACC00113,ACC00099,18.93,2026-01-15 06:30:08+00:00,0,,,demo
TX0000847,ACC00128,ACC00095,40.57,2026-01-15 06:59:21+00:00,0,,,demo
TX0000851,ACC00047,ACC00140,512.68,2026-01-15 07:20:11+00:00,0,,,demo
TX0000833,ACC00010,ACC00076,29.29,2026-01-15 07:49:29+00:00,0,,,demo
TX0000870,ACC00116,ACC00095,87.95,2026-01-15 07:56:14+00:00,0,,,demo
TX0000865,ACC00009,ACC00033,72.38,2026-01-15 08:03:14+00:00,0,,,demo
TX0000900,ACC00023,ACC00017,30.73,2026-01-15 08:15:34+00:00,0,,,demo
TX0000850,ACC00021,ACC00111,86.61,2026-01-15 08:17:51+00:00,0,,,demo
TX0000880,ACC00031,ACC00068,7.06,2026-01-15 08:59:14+00:00,0,,,demo
TX0000902,ACC00123,ACC00135,135.91,2026-01-15 09:43:12+00:00,0,,,demo
TX0000886,ACC00045,ACC00114,27.66,2026-01-15 10:01:22+00:00,0,,,demo
TX0000842,ACC00085,ACC00070,96.35,2026-01-15 10:21:23+00:00,0,,,demo
TX0000873,ACC00036,ACC00136,58.03,2026-01-15 10:26:01+00:00,0,,,demo
TX0000841,ACC00092,ACC00013,52.93,2026-01-15 10:33:09+00:00,0,,,demo
TX0000846,ACC00087,ACC00048,410.26,2026-01-15 10:49:30+00:00,0,,,demo
TX0000892,ACC00093,ACC00131,296.02,2026-01-15 11:07:42+00:00,0,,,demo
TX0000868,ACC00099,ACC00146,95.63,2026-01-15 11:10:41+00:00,0,,,demo
TX0000882,ACC00055,ACC00074,70.03,2026-01-15 11:33:44+00:00,0,,,demo
TX0000899,ACC00142,ACC00034,189.05,2026-01-15 11:48:52+00:00,0,,,demo
TX0000834,ACC00052,ACC00012,98.15,2026-01-15 11:58:02+00:00,0,,,demo
TX0000881,ACC00067,ACC00115,166.38,2026-01-15 12:07:42+00:00,0,,,demo
TX0000891,ACC00041,ACC00045,131.11,2026-01-15 12:09:19+00:00,0,,,demo
TX0000855,ACC00079,ACC00115,85.66,2026-01-15 12:46:42+00:00,0,,,demo
TX0000872,ACC00020,ACC00147,106.67,2026-01-15 13:33:43+00:00,0,,,demo
TX0000862,ACC00094,ACC00132,92.14,2026-01-15 13:53:44+00:00,0,,,demo
TX0000879,ACC00100,ACC00144,94.96,2026-01-15 13:54:38+00:00,0,,,demo
TX0000836,ACC00081,ACC00080,92.44,2026-01-15 14:02:03+00:00,0,,,demo
TX0000840,ACC00049,ACC00074,484.73,2026-01-15 14:08:38+00:00,0,,,demo
TX0000858,ACC00115,ACC00011,162.97,2026-01-15 14:20:15+00:00,0,,,demo
TX0000884,ACC00032,ACC00035,308.86,2026-01-15 14:34:23+00:00,0,,,demo
TX0000893,ACC00058,ACC00032,42.08,2026-01-15 15:02:21+00:00,0,,,demo
TX0000859,ACC00091,ACC00112,418.62,2026-01-15 15:45:28+00:00,0,,,demo
TX0000848,ACC00133,ACC00069,43.58,2026-01-15 15:48:36+00:00,0,,,demo
TX0000894,ACC00052,ACC00036,88.04,2026-01-15 16:02:24+00:00,0,,,demo
TX0000864,ACC00037,ACC00113,129.5,2026-01-15 16:19:48+00:00,0,,,demo
TX0000883,ACC00126,ACC00052,7.53,2026-01-15 17:30:21+00:00,0,,,demo
TX0000889,ACC00141,ACC00139,158.45,2026-01-15 17:31:55+00:00,0,,,demo
TX0000866,ACC00018,ACC00061,10.27,2026-01-15 17:50:35+00:00,0,,,demo
TX0000874,ACC00094,ACC00102,10.71,2026-01-15 18:35:52+00:00,0,,,demo
TX0000835,ACC00052,ACC00011,124.84,2026-01-15 19:04:31+00:00,0,,,demo
TX0000843,ACC00032,ACC00095,59.61,2026-01-15 19:14:58+00:00,0,,,demo
TX0000888,ACC00089,ACC00017,134.82,2026-01-15 20:06:18+00:00,0,,,demo
TX0000871,ACC00096,ACC00114,667.48,2026-01-15 20:25:17+00:00,0,,,demo
TX0000877,ACC00007,ACC00048,46.46,2026-01-15 20:26:10+00:00,0,,,demo
TX0000853,ACC00027,ACC00021,99.23,2026-01-15 20:43:05+00:00,0,,,demo
TX0000890,ACC00075,ACC00077,73.48,2026-01-15 20:59:02+00:00,0,,,demo
TX0000861,ACC00020,ACC00104,130.72,2026-01-15 22:06:42+00:00,0,,,demo
TX0001958,RING004_C1,RING004_C2,5172.52,2026-01-15 22:20:03+00:00,1,RING004,RING004,demo
TX0000897,ACC00142,ACC00147,120.65,2026-01-15 22:21:20+00:00,0,,,demo
TX0000844,ACC00112,ACC00103,75.83,2026-01-15 22:23:12+00:00,0,,,demo
TX0000863,ACC00041,ACC00008,49.41,2026-01-15 22:27:24+00:00,0,,,demo
TX0000869,ACC00009,ACC00040,115.64,2026-01-15 22:28:14+00:00,0,,,demo
TX0001959,RING004_C2,RING004_C3,4994.39,2026-01-15 22:39:29+00:00,1,RING004,RING004,demo
TX0000860,ACC00071,ACC00015,61.87,2026-01-15 22:41:32+00:00,0,,,demo
TX0000876,ACC00064,ACC00030,18.62,2026-01-15 23:10:11+00:00,0,,,demo
TX0000849,ACC00022,ACC00109,48.02,2026-01-15 23:17:08+00:00,0,,,demo
TX0001960,RING004_C3,RING004_C4,4778.63,2026-01-15 23:32:08+00:00,1,RING004,RING004,demo
TX0000915,ACC00058,ACC00089,128.08,2026-01-16 00:06:50+00:00,0,,,demo
TX0000977,ACC00033,ACC00025,921.29,2026-01-16 00:24:57+00:00,0,,,demo
TX0000969,ACC00012,ACC00103,114.09,2026-01-16 00:45:20+00:00,0,,,demo
TX0000908,ACC00033,ACC00142,53.16,2026-01-16 00:51:42+00:00,0,,,demo
TX0000980,ACC00094,ACC00037,149.89,2026-01-16 01:26:53+00:00,0,,,demo
TX0000974,ACC00099,ACC00130,22.41,2026-01-16 01:36:14+00:00,0,,,demo
TX0000917,ACC00021,ACC00065,61.79,2026-01-16 01:39:42+00:00,0,,,demo
TX0000938,ACC00053,ACC00088,126.01,2026-01-16 01:51:31+00:00,0,,,demo
TX0000904,ACC00019,ACC00033,173.8,2026-01-16 01:56:16+00:00,0,,,demo
TX0000971,ACC00144,ACC00050,4.69,2026-01-16 02:22:33+00:00,0,,,demo
TX0001964,RING004_C4,RING004_D4,899.28,2026-01-16 02:23:18+00:00,1,RING004,RING004,demo
TX0000968,ACC00104,ACC00094,17.54,2026-01-16 02:34:32+00:00,0,,,demo
TX0000925,ACC00011,ACC00008,312.82,2026-01-16 03:03:36+00:00,0,,,demo
TX0000955,ACC00120,ACC00128,317.65,2026-01-16 03:03:44+00:00,0,,,demo
TX0001973,ACC00104,ACC00118,51.97,2026-01-16 03:11:13+00:00,0,,,demo
TX0000949,ACC00075,ACC00099,50.37,2026-01-16 03:33:59+00:00,0,,,demo
TX0000948,ACC00025,ACC00013,55.06,2026-01-16 03:41:12+00:00,0,,,demo
TX0000942,ACC00095,ACC00132,13.86,2026-01-16 03:46:50+00:00,0,,,demo
TX0000963,ACC00127,ACC00121,36.18,2026-01-16 03:53:25+00:00,0,,,demo
TX0000966,ACC00111,ACC00035,68.65,2026-01-16 04:03:11+00:00,0,,,demo
TX0000939,ACC00037,ACC00081,36.02,2026-01-16 04:38:50+00:00,0,,,demo
TX0000923,ACC00040,ACC00044,131.23,2026-01-16 04:45:02+00:00,0,,,demo
TX0001974,RING005_S4,ACC00128,133.72,2026-01-16 05:02:32+00:00,0,,,demo
TX0000944,ACC00082,ACC00062,75.0,2026-01-16 05:14:56+00:00,0,,,demo
TX0000935,ACC00016,ACC00041,76.35,2026-01-16 06:43:06+00:00,0,,,demo
TX0000921,ACC00024,ACC00129,15.91,2026-01-16 06:55:51+00:00,0,,,demo
TX0000912,ACC00133,ACC00040,80.71,2026-01-16 07:14:33+00:00,0,,,demo
TX0000922,ACC00044,ACC00149,61.58,2026-01-16 07:27:21+00:00,0,,,demo
TX0000913,ACC00078,ACC00043,69.9,2026-01-16 07:27:47+00:00,0,,,demo
TX0000941,ACC00103,ACC00034,52.32,2026-01-16 07:33:55+00:00,0,,,demo
TX0000962,ACC00013,ACC00073,107.91,2026-01-16 07:41:52+00:00,0,,,demo
TX0000959,ACC00118,ACC00062,92.58,2026-01-16 07:48:51+00:00,0,,,demo
TX0000956,ACC00079,ACC00128,38.39,2026-01-16 08:20:59+00:00,0,,,demo
TX0000947,ACC00064,ACC00037,65.11,2026-01-16 08:31:42+00:00,0,,,demo
TX0000936,ACC00113,ACC00107,98.91,2026-01-16 08:40:42+00:00,0,,,demo
TX0000907,ACC00133,ACC00089,138.07,2026-01-16 08:44:48+00:00,0,,,demo
TX0000957,ACC00006,ACC00024,836.54,2026-01-16 09:46:18+00:00,0,,,demo
TX0000964,ACC00074,ACC00138,226.14,2026-01-16 10:26:03+00:00,0,,,demo
TX0000958,ACC00101,ACC00130,237.73,2026-01-16 10:30:30+00:00,0,,,demo
TX0000920,ACC00078,ACC00137,225.05,2026-01-16 10:40:49+00:00,0,,,demo
TX0000978,ACC00101,ACC00096,66.25,2026-01-16 11:15:22+00:00,0,,,demo
TX0000909,ACC00047,ACC00034,32.06,2026-01-16 11:29:05+00:00,0,,,demo
TX0000934,ACC00117,ACC00019,65.53,2026-01-16 11:35:26+00:00,0,,,demo
TX0000972,ACC00093,ACC00142,276.12,2026-01-16 11:40:15+00:00,0,,,demo
TX0000970,ACC00014,ACC00146,57.98,2026-01-16 12:11:48+00:00,0,,,demo
TX0000911,ACC00015,ACC00032,43.28,2026-01-16 13:04:58+00:00,0,,,demo
TX0001972,RING005_C3,RING005_D4,22.64,2026-01-16 13:30:44+00:00,0,,,demo
TX0000950,ACC00108,ACC00064,116.27,2026-01-16 13:38:44+00:00,0,,,demo
TX0001961,RING004_C4,RING004_D1,915.03,2026-01-16 14:41:16+00:00,1,RING004,RING004,demo
TX0000961,ACC00091,ACC00013,133.02,2026-01-16 14:47:41+00:00,0,,,demo
TX0000954,ACC00128,ACC00132,18.77,2026-01-16 14:49:37+00:00,0,,,demo
TX0000927,ACC00148,ACC00068,206.26,2026-01-16 14:51:31+00:00,0,,,demo
TX0000952,ACC00148,ACC00081,150.39,2026-01-16 15:01:25+00:00,0,,,demo
TX0000906,ACC00116,ACC00120,40.53,2026-01-16 15:13:18+00:00,0,,,demo
TX0000976,ACC00072,ACC00031,120.31,2026-01-16 15:18:09+00:00,0,,,demo
TX0000951,ACC00041,ACC00084,172.73,2026-01-16 15:50:32+00:00,0,,,demo
TX0000926,ACC00021,ACC00012,19.79,2026-01-16 16:59:18+00:00,0,,,demo
TX0000979,ACC00087,ACC00143,49.74,2026-01-16 17:12:45+00:00,0,,,demo
TX0000975,ACC00116,ACC00141,379.44,2026-01-16 17:16:20+00:00,0,,,demo
TX0000937,ACC00124,ACC00119,313.8,2026-01-16 17:22:20+00:00,0,,,demo
TX0001963,RING004_C4,RING004_D3,852.25,2026-01-16 17:51:02+00:00,1,RING004,RING004,demo
TX0001965,RING004_C4,RING004_D5,821.88,2026-01-16 17:53:30+00:00,1,RING004,RING004,demo
TX0000981,ACC00051,ACC00131,81.03,2026-01-16 17:56:33+00:00,0,,,demo
TX0000933,ACC00104,ACC00077,306.75,2026-01-16 18:20:29+00:00,0,,,demo
TX0000960,ACC00056,ACC00150,73.01,2026-01-16 18:29:55+00:00,0,,,demo
TX0000919,ACC00071,ACC00033,69.83,2026-01-16 19:01:41+00:00,0,,,demo
TX0000930,ACC00128,ACC00140,156.97,2026-01-16 19:05:56+00:00,0,,,demo
TX0000943,ACC00144,ACC00028,579.59,2026-01-16 19:38:17+00:00,0,,,demo
TX0001970,ACC00003,ACC00014,136.84,2026-01-16 19:43:30+00:00,0,,,demo
TX0000967,ACC00068,ACC00094,35.55,2026-01-16 19:43:54+00:00,0,,,demo
TX0000916,ACC00133,ACC00073,143.48,2026-01-16 20:01:58+00:00,0,,,demo
TX0000928,ACC00054,ACC00147,18.08,2026-01-16 20:12:42+00:00,0,,,demo
TX0000953,ACC00049,ACC00041,59.21,2026-01-16 20:42:44+00:00,0,,,demo
TX0001971,RING005_D2,RING005_C3,126.54,2026-01-16 20:48:30+00:00,0,,,demo
TX0000945,ACC00120,ACC00032,160.06,2026-01-16 20:54:25+00:00,0,,,demo
TX0001962,RING004_C4,RING004_D2,900.33,2026-01-16 21:00:08+00:00,1,RING004,RING004,demo
TX0000905,ACC00082,ACC00019,1353.9,2026-01-16 21:13:12+00:00,0,,,demo
TX0000932,ACC00124,ACC00063,392.92,2026-01-16 21:34:26+00:00,0,,,demo
TX0000965,ACC00003,ACC00028,173.24,2026-01-16 21:39:49+00:00,0,,,demo
TX0000918,ACC00051,ACC00142,59.72,2026-01-16 21:58:40+00:00,0,,,demo
TX0000929,ACC00107,ACC00008,87.86,2026-01-16 22:08:58+00:00,0,,,demo
TX0001969,RING005_D4,RING005_S5,39.82,2026-01-16 22:16:24+00:00,0,,,demo
TX0000940,ACC00082,ACC00089,394.41,2026-01-16 22:20:11+00:00,0,,,demo
TX0000914,ACC00042,ACC00083,24.73,2026-01-16 22:27:39+00:00,0,,,demo
TX0000910,ACC00111,ACC00129,124.82,2026-01-16 23:00:32+00:00,0,,,demo
TX0000924,ACC00087,ACC00145,339.89,2026-01-16 23:08:41+00:00,0,,,demo
TX0000931,ACC00075,ACC00078,107.48,2026-01-16 23:10:08+00:00,0,,,demo
TX0000973,ACC00074,ACC00019,46.31,2026-01-16 23:21:33+00:00,0,,,demo
TX0000946,ACC00069,ACC00116,293.69,2026-01-16 23:27:09+00:00,0,,,demo
TX0001025,ACC00054,ACC00126,65.68,2026-01-17 00:34:05+00:00,0,,,demo
TX0001023,ACC00077,ACC00058,111.08,2026-01-17 01:25:01+00:00,0,,,demo
TX0001037,ACC00052,ACC00138,190.42,2026-01-17 01:38:55+00:00,0,,,demo
TX0000997,ACC00150,ACC00079,732.16,2026-01-17 02:23:38+00:00,0,,,demo
TX0001036,ACC00123,ACC00055,34.49,2026-01-17 02:36:28+00:00,0,,,demo
TX0001011,ACC00129,ACC00121,28.5,2026-01-17 02:36:59+00:00,0,,,demo
TX0001039,ACC00070,ACC00036,410.09,2026-01-17 02:50:42+00:00,0,,,demo
TX0001020,ACC00068,ACC00124,155.73,2026-01-17 03:08:29+00:00,0,,,demo
TX0001046,ACC00026,ACC00036,18.78,2026-01-17 04:04:31+00:00,0,,,demo
TX0000983,ACC00012,ACC00010,80.3,2026-01-17 04:38:03+00:00,0,,,demo
TX0000994,ACC00122,ACC00005,88.82,2026-01-17 04:45:58+00:00,0,,,demo
TX0001045,ACC00085,ACC00121,156.21,2026-01-17 05:10:14+00:00,0,,,demo
TX0000992,ACC00137,ACC00126,15.37,2026-01-17 05:10:19+00:00,0,,,demo
TX0000995,ACC00095,ACC00085,9.39,2026-01-17 05:23:27+00:00,0,,,demo
TX0001015,ACC00123,ACC00135,125.25,2026-01-17 05:33:08+00:00,0,,,demo
TX0001014,ACC00144,ACC00084,338.71,2026-01-17 05:46:41+00:00,0,,,demo
TX0001966,ACC00127,RING004_C2,524.28,2026-01-17 05:47:28+00:00,1,RING004,RING004,demo
TX0001042,ACC00136,ACC00058,352.08,2026-01-17 06:26:03+00:00,0,,,demo
TX0001006,ACC00029,ACC00049,48.6,2026-01-17 06:33:45+00:00,0,,,demo
TX0001013,ACC00133,ACC00054,51.1,2026-01-17 06:38:40+00:00,0,,,demo
TX0001977,ACC00088,RING005_D2,7.45,2026-01-17 06:44:18+00:00,0,,,demo
TX0001000,ACC00148,ACC00059,158.11,2026-01-17 06:59:31+00:00,0,,,demo
TX0001044,ACC00026,ACC00106,40.32,2026-01-17 08:16:17+00:00,0,,,demo
TX0001004,ACC00038,ACC00063,22.81,2026-01-17 08:35:04+00:00,0,,,demo
TX0001029,ACC00032,ACC00147,58.88,2026-01-17 08:36:40+00:00,0,,,demo
TX0001019,ACC00140,ACC00091,102.75,2026-01-17 08:46:19+00:00,0,,,demo
TX0001022,ACC00072,ACC00143,16.74,2026-01-17 08:51:45+00:00,0,,,demo
TX0000989,ACC00042,ACC00101,241.91,2026-01-17 08:51:50+00:00,0,,,demo
TX0000988,ACC00084,ACC00082,142.55,2026-01-17 08:54:07+00:00,0,,,demo
TX0000993,ACC00145,ACC00077,100.43,2026-01-17 09:17:03+00:00,0,,,demo
TX0001005,ACC00009,ACC00147,125.01,2026-01-17 09:20:17+00:00,0,,,demo
TX0000999,ACC00068,ACC00149,495.64,2026-01-17 09:29:02+00:00,0,,,demo
TX0001009,ACC00039,ACC00106,63.21,2026-01-17 10:08:51+00:00,0,,,demo
TX0001043,ACC00060,ACC00014,71.05,2026-01-17 10:21:52+00:00,0,,,demo
TX0000985,ACC00122,ACC00133,536.64,2026-01-17 10:26:22+00:00,0,,,demo
TX0001027,ACC00090,ACC00144,5.76,2026-01-17 10:35:08+00:00,0,,,demo
TX0001033,ACC00011,ACC00074,156.86,2026-01-17 10:49:57+00:00,0,,,demo
TX0001030,ACC00140,ACC00098,298.43,2026-01-17 11:03:45+00:00,0,,,demo
TX0001016,ACC00097,ACC00081,148.22,2026-01-17 11:13:11+00:00,0,,,demo
TX0001032,ACC00038,ACC00075,166.88,2026-01-17 11:27:10+00:00,0,,,demo
TX0001010,ACC00053,ACC00106,124.31,2026-01-17 11:32:49+00:00,0,,,demo
TX0000990,ACC00077,ACC00087,24.87,2026-01-17 12:08:18+00:00,0,,,demo
TX0000991,ACC00130,ACC00131,23.1,2026-01-17 12:46:42+00:00,0,,,demo
TX0001008,ACC00081,ACC00108,30.82,2026-01-17 13:12:21+00:00,0,,,demo
TX0001034,ACC00021,ACC00089,240.2,2026-01-17 13:38:10+00:00,0,,,demo
TX0001031,ACC00102,ACC00089,75.91,2026-01-17 13:56:08+00:00,0,,,demo
TX0001980,ACC00028,RING005_S5,248.17,2026-01-17 14:09:35+00:00,0,,,demo
TX0001975,RING005_S2,RING005_S1,171.15,2026-01-17 14:51:38+00:00,0,,,demo
TX0001047,ACC00002,ACC00141,43.63,2026-01-17 15:06:19+00:00,0,,,demo
TX0001979,RING005_D1,ACC00088,48.38,2026-01-17 15:46:08+00:00,0,,,demo
TX0000986,ACC00117,ACC00039,235.79,2026-01-17 15:54:02+00:00,0,,,demo
TX0000987,ACC00132,ACC00036,43.61,2026-01-17 16:55:04+00:00,0,,,demo
TX0001007,ACC00005,ACC00113,88.0,2026-01-17 16:58:12+00:00,0,,,demo
TX0001001,ACC00014,ACC00150,100.95,2026-01-17 17:27:49+00:00,0,,,demo
TX0001978,RING005_S4,ACC00116,207.95,2026-01-17 17:53:46+00:00,0,,,demo
TX0001041,ACC00063,ACC00013,114.09,2026-01-17 17:58:33+00:00,0,,,demo
TX0001003,ACC00135,ACC00098,40.07,2026-01-17 18:01:50+00:00,0,,,demo
TX0001018,ACC00137,ACC00088,663.49,2026-01-17 18:02:34+00:00,0,,,demo
TX0001002,ACC00123,ACC00044,195.9,2026-01-17 18:15:11+00:00,0,,,demo
TX0000982,ACC00129,ACC00011,390.4,2026-01-17 18:45:44+00:00,0,,,demo
TX0001012,ACC00016,ACC00036,27.62,2026-01-17 19:33:42+00:00,0,,,demo
TX0001976,RING005_C2,ACC00024,36.45,2026-01-17 19:54:04+00:00,0,,,demo
TX0001038,ACC00070,ACC00144,35.51,2026-01-17 20:20:53+00:00,0,,,demo
TX0000984,ACC00036,ACC00086,98.57,2026-01-17 20:32:58+00:00,0,,,demo
TX0001021,ACC00050,ACC00064,220.44,2026-01-17 20:39:03+00:00,0,,,demo
TX0001026,ACC00082,ACC00123,25.33,2026-01-17 20:48:43+00:00,0,,,demo
TX0001028,ACC00071,ACC00074,74.56,2026-01-17 21:21:17+00:00,0,,,demo
TX0001040,ACC00028,ACC00062,208.5,2026-01-17 21:21:27+00:00,0,,,demo
TX0000996,ACC00029,ACC00107,76.49,2026-01-17 21:28:21+00:00,0,,,demo
TX0001017,ACC00045,ACC00118,10.94,2026-01-17 21:50:14+00:00,0,,,demo
TX0001024,ACC00077,ACC00074,334.3,2026-01-17 22:19:12+00:00,0,,,demo
TX0001048,ACC00041,ACC00105,62.46,2026-01-17 22:46:59+00:00,0,,,demo
TX0000998,ACC00007,ACC00122,60.91,2026-01-17 22:56:42+00:00,0,,,demo
TX0001967,RING004_C2,RING004_D5,498.07,2026-01-17 23:20:07+00:00,1,RING004,RING004,demo
TX0001035,ACC00114,ACC00066,28.08,2026-01-17 23:44:53+00:00,0,,,demo
TX0001049,ACC00123,ACC00052,22.74,2026-01-18 00:04:33+00:00,0,,,demo
TX0001064,ACC00035,ACC00130,251.84,2026-01-18 00:06:13+00:00,0,,,demo
TX0001066,ACC00050,ACC00029,295.78,2026-01-18 00:55:39+00:00,0,,,demo
TX0001097,ACC00021,ACC00135,8.63,2026-01-18 01:44:23+00:00,0,,,demo
TX0001079,ACC00067,ACC00099,30.95,2026-01-18 02:05:15+00:00,0,,,demo
TX0001103,ACC00147,ACC00138,266.27,2026-01-18 02:32:34+00:00,0,,,demo
TX0001087,ACC00079,ACC00041,69.94,2026-01-18 02:50:44+00:00,0,,,demo
TX0001102,ACC00130,ACC00052,119.47,2026-01-18 03:04:45+00:00,0,,,demo
TX0001081,ACC00069,ACC00085,318.79,2026-01-18 03:08:40+00:00,0,,,demo
TX0001075,ACC00103,ACC00025,43.4,2026-01-18 03:13:21+00:00,0,,,demo
TX0001054,ACC00010,ACC00045,39.78,2026-01-18 03:21:41+00:00,0,,,demo
TX0001107,ACC00053,ACC00150,148.87,2026-01-18 03:52:12+00:00,0,,,demo
TX0001071,ACC00146,ACC00050,231.08,2026-01-18 04:08:51+00:00,0,,,demo
TX0001105,ACC00084,ACC00134,90.77,2026-01-18 04:29:44+00:00,0,,,demo
TX0001072,ACC00045,ACC00104,57.08,2026-01-18 04:41:31+00:00,0,,,demo
TX0001082,ACC00078,ACC00150,65.87,2026-01-18 04:48:49+00:00,0,,,demo
TX0001051,ACC00074,ACC00016,194.71,2026-01-18 05:24:56+00:00,0,,,demo
TX0001098,ACC00115,ACC00136,130.98,2026-01-18 05:27:50+00:00,0,,,demo
TX0001056,ACC00010,ACC00102,47.71,2026-01-18 05:38:46+00:00,0,,,demo
TX0001083,ACC00147,ACC00003,350.07,2026-01-18 05:42:42+00:00,0,,,demo
TX0001110,ACC00015,ACC00117,94.96,2026-01-18 05:43:13+00:00,0,,,demo
TX0001077,ACC00123,ACC00083,124.07,2026-01-18 05:50:07+00:00,0,,,demo
TX0001060,ACC00146,ACC00028,72.25,2026-01-18 06:04:22+00:00,0,,,demo
TX0001088,ACC00104,ACC00129,97.38,2026-01-18 06:06:49+00:00,0,,,demo
TX0001058,ACC00075,ACC00010,186.74,2026-01-18 06:21:01+00:00,0,,,demo
TX0001084,ACC00067,ACC00093,109.43,2026-01-18 06:56:47+00:00,0,,,demo
TX0001115,ACC00079,ACC00006,153.9,2026-01-18 06:56:53+00:00,0,,,demo
TX0001100,ACC00145,ACC00029,39.22,2026-01-18 07:20:21+00:00,0,,,demo
TX0001117,ACC00001,ACC00056,18.78,2026-01-18 08:05:13+00:00,0,,,demo
TX0001069,ACC00048,ACC00004,79.89,2026-01-18 08:07:16+00:00,0,,,demo
TX0001062,ACC00117,ACC00140,21.04,2026-01-18 09:04:47+00:00,0,,,demo
TX0001095,ACC00121,ACC00138,291.64,2026-01-18 09:25:32+00:00,0,,,demo
TX0001092,ACC00123,ACC00040,42.09,2026-01-18 09:34:51+00:00,0,,,demo
TX0001090,ACC00076,ACC00095,1659.46,2026-01-18 09:38:57+00:00,0,,,demo
TX0001055,ACC00107,ACC00046,28.59,2026-01-18 10:05:11+00:00,0,,,demo
TX0001983,RING005_S3,RING005_C1,1422.51,2026-01-18 11:43:29+00:00,1,RING005,RING005,demo
TX0001111,ACC00034,ACC00132,79.9,2026-01-18 12:07:24+00:00,0,,,demo
TX0001089,ACC00080,ACC00031,45.69,2026-01-18 12:19:20+00:00,0,,,demo
TX0001106,ACC00114,ACC00030,20.67,2026-01-18 12:39:32+00:00,0,,,demo
TX0001085,ACC00061,ACC00016,72.41,2026-01-18 12:55:57+00:00,0,,,demo
TX0001099,ACC00093,ACC00020,264.5,2026-01-18 12:59:43+00:00,0,,,demo
TX0001968,RING004_D1,RING004_S1,248.1,2026-01-18 13:10:24+00:00,1,RING004,RING004,demo
TX0001057,ACC00127,ACC00048,28.12,2026-01-18 13:28:48+00:00,0,,,demo
TX0001061,ACC00086,ACC00073,126.66,2026-01-18 13:53:30+00:00,0,,,demo
TX0001112,ACC00107,ACC00117,75.29,2026-01-18 13:59:00+00:00,0,,,demo
TX0001101,ACC00016,ACC00141,104.16,2026-01-18 14:27:39+00:00,0,,,demo
TX0001091,ACC00057,ACC00035,15.23,2026-01-18 15:10:07+00:00,0,,,demo
TX0001094,ACC00107,ACC00141,192.84,2026-01-18 15:20:31+00:00,0,,,demo
TX0001063,ACC00135,ACC00127,25.47,2026-01-18 16:14:17+00:00,0,,,demo
TX0001116,ACC00102,ACC00066,71.06,2026-01-18 16:16:17+00:00,0,,,demo
TX0001050,ACC00074,ACC00083,43.44,2026-01-18 16:21:07+00:00,0,,,demo
TX0001059,ACC00003,ACC00077,18.41,2026-01-18 16:47:19+00:00,0,,,demo
TX0001104,ACC00039,ACC00043,238.37,2026-01-18 17:28:51+00:00,0,,,demo
TX0001067,ACC00085,ACC00042,77.24,2026-01-18 17:29:35+00:00,0,,,demo
TX0001073,ACC00110,ACC00132,22.5,2026-01-18 17:47:07+00:00,0,,,demo
TX0001070,ACC00087,ACC00076,8.63,2026-01-18 17:55:47+00:00,0,,,demo
TX0001108,ACC00126,ACC00024,56.78,2026-01-18 17:59:04+00:00,0,,,demo
TX0001982,RING005_S2,RING005_C1,1005.06,2026-01-18 18:01:12+00:00,1,RING005,RING005,demo
TX0001080,ACC00061,ACC00115,279.41,2026-01-18 18:06:35+00:00,0,,,demo
TX0001981,RING005_S1,RING005_C1,855.65,2026-01-18 18:11:45+00:00,1,RING005,RING005,demo
TX0001984,RING005_S4,RING005_C1,1288.73,2026-01-18 18:17:23+00:00,1,RING005,RING005,demo
TX0001053,ACC00060,ACC00137,60.82,2026-01-18 18:27:57+00:00,0,,,demo
TX0001093,ACC00117,ACC00096,160.36,2026-01-18 18:52:44+00:00,0,,,demo
TX0001118,ACC00149,ACC00019,15.49,2026-01-18 19:05:08+00:00,0,,,demo
TX0001086,ACC00031,ACC00120,120.09,2026-01-18 19:15:55+00:00,0,,,demo
TX0001068,ACC00118,ACC00066,44.56,2026-01-18 19:26:19+00:00,0,,,demo
TX0001052,ACC00023,ACC00147,77.8,2026-01-18 19:29:15+00:00,0,,,demo
TX0001119,ACC00012,ACC00109,190.91,2026-01-18 19:32:26+00:00,0,,,demo
TX0001074,ACC00084,ACC00023,75.65,2026-01-18 20:41:00+00:00,0,,,demo
TX0001985,RING005_S5,RING005_C1,995.02,2026-01-18 21:01:52+00:00,1,RING005,RING005,demo
TX0001065,ACC00120,ACC00070,9.83,2026-01-18 21:11:27+00:00,0,,,demo
TX0001114,ACC00144,ACC00119,321.46,2026-01-18 21:54:56+00:00,0,,,demo
TX0001096,ACC00056,ACC00064,279.23,2026-01-18 22:01:03+00:00,0,,,demo
TX0001120,ACC00089,ACC00017,979.41,2026-01-18 22:01:43+00:00,0,,,demo
TX0001078,ACC00064,ACC00002,436.05,2026-01-18 22:09:37+00:00,0,,,demo
TX0001113,ACC00145,ACC00015,44.96,2026-01-18 23:03:50+00:00,0,,,demo
TX0001076,ACC00048,ACC00036,141.53,2026-01-18 23:35:30+00:00,0,,,demo
TX0001109,ACC00131,ACC00115,172.15,2026-01-18 23:40:58+00:00,0,,,demo
TX0001163,ACC00082,ACC00107,277.93,2026-01-19 00:43:22+00:00,0,,,demo
TX0001195,ACC00128,ACC00120,57.32,2026-01-19 00:53:29+00:00,0,,,demo
TX0001151,ACC00075,ACC00060,57.2,2026-01-19 01:28:04+00:00,0,,,demo
TX0001171,ACC00106,ACC00107,22.91,2026-01-19 01:38:15+00:00,0,,,demo
TX0001162,ACC00098,ACC00135,615.81,2026-01-19 01:42:41+00:00,0,,,demo
TX0001178,ACC00138,ACC00049,123.2,2026-01-19 01:51:58+00:00,0,,,demo
TX0001165,ACC00077,ACC00097,53.02,2026-01-19 02:02:27+00:00,0,,,demo
TX0001124,ACC00047,ACC00035,112.61,2026-01-19 02:15:05+00:00,0,,,demo
TX0001125,ACC00108,ACC00096,90.2,2026-01-19 02:20:09+00:00,0,,,demo
TX0001181,ACC00019,ACC00049,48.48,2026-01-19 02:40:37+00:00,0,,,demo
TX0001155,ACC00037,ACC00134,170.88,2026-01-19 03:05:02+00:00,0,,,demo
TX0001164,ACC00105,ACC00039,35.14,2026-01-19 03:10:52+00:00,0,,,demo
TX0001156,ACC00057,ACC00106,32.7,2026-01-19 03:23:05+00:00,0,,,demo
TX0001174,ACC00063,ACC00066,394.41,2026-01-19 03:41:05+00:00,0,,,demo
TX0001185,ACC00004,ACC00055,869.26,2026-01-19 03:43:23+00:00,0,,,demo
TX0001172,ACC00143,ACC00136,39.66,2026-01-19 04:04:24+00:00,0,,,demo
TX0001160,ACC00143,ACC00127,256.55,2026-01-19 05:04:57+00:00,0,,,demo
TX0001180,ACC00097,ACC00011,41.49,2026-01-19 05:11:56+00:00,0,,,demo
TX0001134,ACC00077,ACC00119,32.28,2026-01-19 05:17:02+00:00,0,,,demo
TX0001123,ACC00074,ACC00105,296.31,2026-01-19 05:19:50+00:00,0,,,demo
TX0001192,ACC00137,ACC00092,35.95,2026-01-19 05:20:13+00:00,0,,,demo
TX0001146,ACC00063,ACC00012,110.35,2026-01-19 05:32:17+00:00,0,,,demo
TX0001194,ACC00093,ACC00132,65.96,2026-01-19 05:41:22+00:00,0,,,demo
TX0001129,ACC00090,ACC00031,141.18,2026-01-19 05:59:17+00:00,0,,,demo
TX0001126,ACC00098,ACC00115,44.76,2026-01-19 06:49:02+00:00,0,,,demo
TX0001159,ACC00045,ACC00110,165.06,2026-01-19 06:59:00+00:00,0,,,demo
TX0001131,ACC00101,ACC00136,241.9,2026-01-19 07:03:34+00:00,0,,,demo
TX0001182,ACC00144,ACC00056,51.13,2026-01-19 07:04:50+00:00,0,,,demo
TX0001167,ACC00122,ACC00062,82.2,2026-01-19 07:22:51+00:00,0,,,demo
TX0001176,ACC00021,ACC00116,176.13,2026-01-19 07:55:30+00:00,0,,,demo
TX0001183,ACC00123,ACC00054,270.21,2026-01-19 08:08:28+00:00,0,,,demo
TX0001121,ACC00016,ACC00018,29.96,2026-01-19 08:31:59+00:00,0,,,demo
TX0001161,ACC00013,ACC00089,22.25,2026-01-19 09:07:49+00:00,0,,,demo
TX0001169,ACC00037,ACC00119,21.29,2026-01-19 09:56:58+00:00,0,,,demo
TX0001139,ACC00040,ACC00071,78.15,2026-01-19 09:59:34+00:00,0,,,demo
TX0001173,ACC00035,ACC00100,100.62,2026-01-19 10:07:35+00:00,0,,,demo
TX0001147,ACC00103,ACC00113,29.14,2026-01-19 10:37:17+00:00,0,,,demo
TX0001190,ACC00083,ACC00073,77.92,2026-01-19 10:43:27+00:00,0,,,demo
TX0001170,ACC00015,ACC00144,224.67,2026-01-19 10:44:15+00:00,0,,,demo
TX0001133,ACC00001,ACC00006,67.99,2026-01-19 10:55:51+00:00,0,,,demo
TX0001136,ACC00137,ACC00098,47.49,2026-01-19 11:53:40+00:00,0,,,demo
TX0001141,ACC00009,ACC00108,18.68,2026-01-19 12:35:41+00:00,0,,,demo
TX0001144,ACC00026,ACC00009,56.5,2026-01-19 12:45:04+00:00,0,,,demo
TX0001150,ACC00036,ACC00129,603.6,2026-01-19 12:45:31+00:00,0,,,demo
TX0001143,ACC00053,ACC00018,25.81,2026-01-19 13:08:37+00:00,0,,,demo
TX0001184,ACC00086,ACC00078,497.67,2026-01-19 13:18:10+00:00,0,,,demo
TX0001135,ACC00140,ACC00109,52.57,2026-01-19 14:31:49+00:00,0,,,demo
TX0001127,ACC00097,ACC00021,82.33,2026-01-19 14:38:29+00:00,0,,,demo
TX0001187,ACC00123,ACC00063,27.77,2026-01-19 14:49:04+00:00,0,,,demo
TX0001186,ACC00049,ACC00031,96.58,2026-01-19 14:57:54+00:00,0,,,demo
TX0001122,ACC00121,ACC00009,543.64,2026-01-19 15:19:02+00:00,0,,,demo
TX0001168,ACC00058,ACC00077,72.65,2026-01-19 15:19:23+00:00,0,,,demo
TX0001152,ACC00148,ACC00082,250.87,2026-01-19 15:22:14+00:00,0,,,demo
TX0001132,ACC00033,ACC00058,43.55,2026-01-19 15:48:13+00:00,0,,,demo
TX0001188,ACC00053,ACC00102,47.94,2026-01-19 16:11:38+00:00,0,,,demo
TX0001157,ACC00077,ACC00071,102.17,2026-01-19 16:16:20+00:00,0,,,demo
TX0001175,ACC00053,ACC00085,149.39,2026-01-19 16:32:17+00:00,0,,,demo
TX0001986,RING005_C1,RING005_C2,5367.18,2026-01-19 17:00:53+00:00,1,RING005,RING005,demo
TX0001148,ACC00060,ACC00139,103.69,2026-01-19 17:02:25+00:00,0,,,demo
TX0001189,ACC00062,ACC00142,31.28,2026-01-19 18:01:51+00:00,0,,,demo
TX0001179,ACC00014,ACC00069,55.05,2026-01-19 18:03:50+00:00,0,,,demo
TX0001196,ACC00026,ACC00121,24.65,2026-01-19 18:15:00+00:00,0,,,demo
TX0001130,ACC00046,ACC00138,17.9,2026-01-19 18:29:04+00:00,0,,,demo
TX0001193,ACC00079,ACC00067,1494.53,2026-01-19 18:30:11+00:00,0,,,demo
TX0001166,ACC00048,ACC00138,93.46,2026-01-19 18:35:09+00:00,0,,,demo
TX0001145,ACC00115,ACC00013,967.39,2026-01-19 19:05:33+00:00,0,,,demo
TX0001154,ACC00061,ACC00078,9.25,2026-01-19 19:28:55+00:00,0,,,demo
TX0001137,ACC00059,ACC00064,170.75,2026-01-19 19:38:17+00:00,0,,,demo
TX0001153,ACC00148,ACC00083,76.4,2026-01-19 20:05:33+00:00,0,,,demo
TX0001138,ACC00118,ACC00089,115.35,2026-01-19 20:45:44+00:00,0,,,demo
TX0001142,ACC00005,ACC00062,52.89,2026-01-19 20:47:55+00:00,0,,,demo
TX0001987,RING005_C2,RING005_C3,4869.78,2026-01-19 21:04:56+00:00,1,RING005,RING005,demo
TX0001177,ACC00095,ACC00024,41.49,2026-01-19 21:09:19+00:00,0,,,demo
TX0001988,RING005_C3,RING005_C4,4474.23,2026-01-19 22:02:03+00:00,1,RING005,RING005,demo
TX0001158,ACC00016,ACC00143,53.07,2026-01-19 22:07:32+00:00,0,,,demo
TX0001149,ACC00056,ACC00015,8.8,2026-01-19 22:16:20+00:00,0,,,demo
TX0001140,ACC00049,ACC00029,52.73,2026-01-19 22:41:00+00:00,0,,,demo
TX0001128,ACC00139,ACC00035,103.04,2026-01-19 23:31:10+00:00,0,,,demo
TX0001191,ACC00098,ACC00120,26.66,2026-01-19 23:54:22+00:00,0,,,demo
TX0001212,ACC00044,ACC00036,64.89,2026-01-20 00:46:18+00:00,0,,,demo
TX0001202,ACC00142,ACC00150,99.03,2026-01-20 01:43:28+00:00,0,,,demo
TX0001237,ACC00102,ACC00021,136.27,2026-01-20 01:56:03+00:00,0,,,demo
TX0001197,ACC00053,ACC00095,495.76,2026-01-20 01:59:01+00:00,0,,,demo
TX0001253,ACC00070,ACC00012,255.63,2026-01-20 02:27:46+00:00,0,,,demo
TX0001245,ACC00122,ACC00015,11.73,2026-01-20 02:30:57+00:00,0,,,demo
TX0001213,ACC00140,ACC00126,77.63,2026-01-20 02:32:01+00:00,0,,,demo
TX0001201,ACC00005,ACC00067,388.52,2026-01-20 02:52:49+00:00,0,,,demo
TX0001254,ACC00020,ACC00072,22.27,2026-01-20 03:43:47+00:00,0,,,demo
TX0001991,RING005_C4,RING005_D3,837.23,2026-01-20 04:12:02+00:00,1,RING005,RING005,demo
TX0001215,ACC00016,ACC00135,86.51,2026-01-20 04:41:08+00:00,0,,,demo
TX0001230,ACC00005,ACC00129,171.5,2026-01-20 04:53:34+00:00,0,,,demo
TX0001208,ACC00128,ACC00141,17.14,2026-01-20 05:12:22+00:00,0,,,demo
TX0001231,ACC00111,ACC00046,37.35,2026-01-20 05:23:48+00:00,0,,,demo
TX0001224,ACC00125,ACC00005,106.72,2026-01-20 06:00:38+00:00,0,,,demo
TX0001236,ACC00091,ACC00069,29.45,2026-01-20 06:27:33+00:00,0,,,demo
TX0001250,ACC00136,ACC00011,176.29,2026-01-20 06:36:03+00:00,0,,,demo
TX0001217,ACC00013,ACC00002,59.76,2026-01-20 06:57:00+00:00,0,,,demo
TX0001232,ACC00028,ACC00025,212.84,2026-01-20 07:16:37+00:00,0,,,demo
TX0001992,RING005_C4,RING005_D4,779.58,2026-01-20 07:32:23+00:00,1,RING005,RING005,demo
TX0001248,ACC00112,ACC00085,47.39,2026-01-20 07:35:34+00:00,0,,,demo
TX0001229,ACC00138,ACC00074,194.27,2026-01-20 07:44:19+00:00,0,,,demo
TX0001216,ACC00009,ACC00020,66.39,2026-01-20 07:49:47+00:00,0,,,demo
TX0001242,ACC00009,ACC00024,91.01,2026-01-20 07:56:11+00:00,0,,,demo
TX0001227,ACC00004,ACC00005,146.05,2026-01-20 08:10:53+00:00,0,,,demo
TX0001223,ACC00016,ACC00124,118.37,2026-01-20 08:23:42+00:00,0,,,demo
TX0001989,RING005_C4,RING005_D1,813.4,2026-01-20 08:24:48+00:00,1,RING005,RING005,demo
TX0001221,ACC00056,ACC00130,235.27,2026-01-20 08:38:24+00:00,0,,,demo
TX0001240,ACC00063,ACC00058,394.76,2026-01-20 09:47:59+00:00,0,,,demo
TX0001239,ACC00118,ACC00145,112.12,2026-01-20 09:54:05+00:00,0,,,demo
TX0001241,ACC00077,ACC00021,36.57,2026-01-20 10:10:40+00:00,0,,,demo
TX0001207,ACC00146,ACC00063,121.7,2026-01-20 10:13:25+00:00,0,,,demo
TX0001210,ACC00126,ACC00118,66.64,2026-01-20 10:22:00+00:00,0,,,demo
TX0001256,ACC00009,ACC00046,369.63,2026-01-20 10:37:42+00:00,0,,,demo
TX0001233,ACC00135,ACC00039,427.87,2026-01-20 10:46:31+00:00,0,,,demo
TX0001220,ACC00039,ACC00003,93.66,2026-01-20 12:00:18+00:00,0,,,demo
TX0001203,ACC00149,ACC00107,7.87,2026-01-20 12:21:05+00:00,0,,,demo
TX0001200,ACC00057,ACC00038,29.33,2026-01-20 12:41:16+00:00,0,,,demo
TX0001243,ACC00104,ACC00098,216.8,2026-01-20 12:46:40+00:00,0,,,demo
TX0001238,ACC00096,ACC00104,98.29,2026-01-20 13:27:31+00:00,0,,,demo
TX0001252,ACC00146,ACC00122,76.05,2026-01-20 13:57:41+00:00,0,,,demo
TX0001198,ACC00081,ACC00106,121.14,2026-01-20 14:52:24+00:00,0,,,demo
TX0001257,ACC00081,ACC00005,250.66,2026-01-20 15:02:32+00:00,0,,,demo
TX0001228,ACC00136,ACC00071,10.94,2026-01-20 15:20:12+00:00,0,,,demo
TX0001209,ACC00087,ACC00066,89.31,2026-01-20 15:30:29+00:00,0,,,demo
TX0001255,ACC00140,ACC00145,173.4,2026-01-20 16:11:49+00:00,0,,,demo
TX0001211,ACC00044,ACC00091,14.12,2026-01-20 17:01:38+00:00,0,,,demo
TX0001990,RING005_C4,RING005_D2,824.27,2026-01-20 17:48:57+00:00,1,RING005,RING005,demo
TX0001225,ACC00002,ACC00137,56.71,2026-01-20 18:01:09+00:00,0,,,demo
TX0001246,ACC00003,ACC00044,29.42,2026-01-20 18:13:27+00:00,0,,,demo
TX0001218,ACC00106,ACC00036,13.19,2026-01-20 18:13:53+00:00,0,,,demo
TX0001993,RING005_C4,RING005_D5,796.45,2026-01-20 20:23:39+00:00,1,RING005,RING005,demo
TX0001244,ACC00097,ACC00142,24.28,2026-01-20 20:24:45+00:00,0,,,demo
TX0001249,ACC00145,ACC00025,113.44,2026-01-20 21:24:10+00:00,0,,,demo
TX0001258,ACC00054,ACC00037,105.34,2026-01-20 21:25:59+00:00,0,,,demo
TX0001204,ACC00076,ACC00040,179.07,2026-01-20 22:07:13+00:00,0,,,demo
TX0001251,ACC00059,ACC00055,144.77,2026-01-20 22:09:18+00:00,0,,,demo
TX0001214,ACC00048,ACC00139,57.8,2026-01-20 22:35:09+00:00,0,,,demo
TX0001219,ACC00060,ACC00018,145.04,2026-01-20 22:40:02+00:00,0,,,demo
TX0001199,ACC00012,ACC00145,23.41,2026-01-20 23:00:56+00:00,0,,,demo
TX0001235,ACC00135,ACC00065,190.05,2026-01-20 23:03:12+00:00,0,,,demo
TX0001206,ACC00059,ACC00098,18.32,2026-01-20 23:05:34+00:00,0,,,demo
TX0001205,ACC00051,ACC00085,302.74,2026-01-20 23:14:05+00:00,0,,,demo
TX0001247,ACC00022,ACC00128,61.28,2026-01-20 23:25:34+00:00,0,,,demo
TX0001234,ACC00062,ACC00050,71.78,2026-01-20 23:38:28+00:00,0,,,demo
TX0001226,ACC00142,ACC00106,228.75,2026-01-20 23:50:40+00:00,0,,,demo
TX0001222,ACC00117,ACC00096,12.51,2026-01-20 23:58:18+00:00,0,,,demo
TX0001286,ACC00034,ACC00023,104.31,2026-01-21 00:17:22+00:00,0,,,demo
TX0001284,ACC00114,ACC00093,167.19,2026-01-21 00:25:44+00:00,0,,,demo
TX0001278,ACC00022,ACC00069,50.32,2026-01-21 01:01:17+00:00,0,,,demo
TX0001314,ACC00085,ACC00113,665.78,2026-01-21 01:42:36+00:00,0,,,demo
TX0001290,ACC00105,ACC00027,4.87,2026-01-21 01:52:33+00:00,0,,,demo
TX0001312,ACC00002,ACC00102,42.43,2026-01-21 02:07:18+00:00,0,,,demo
TX0001309,ACC00127,ACC00051,98.97,2026-01-21 02:16:51+00:00,0,,,demo
TX0001299,ACC00044,ACC00098,50.24,2026-01-21 03:07:50+00:00,0,,,demo
TX0001315,ACC00086,ACC00111,95.24,2026-01-21 03:21:58+00:00,0,,,demo
TX0001324,ACC00101,ACC00094,43.19,2026-01-21 03:39:53+00:00,0,,,demo
TX0001294,ACC00099,ACC00004,20.78,2026-01-21 03:41:10+00:00,0,,,demo
TX0001279,ACC00040,ACC00098,19.09,2026-01-21 03:53:48+00:00,0,,,demo
TX0001277,ACC00064,ACC00019,10.42,2026-01-21 04:16:42+00:00,0,,,demo
TX0001287,ACC00048,ACC00111,56.27,2026-01-21 04:42:31+00:00,0,,,demo
TX0001263,ACC00085,ACC00099,48.61,2026-01-21 04:42:56+00:00,0,,,demo
TX0001262,ACC00100,ACC00139,51.33,2026-01-21 04:52:01+00:00,0,,,demo
TX0001302,ACC00069,ACC00127,60.12,2026-01-21 05:16:12+00:00,0,,,demo
TX0001268,ACC00020,ACC00088,185.83,2026-01-21 05:23:10+00:00,0,,,demo
TX0001998,RING006_D5,RING006_S2,206.01,2026-01-21 05:31:21+00:00,0,,,demo
TX0001323,ACC00097,ACC00072,68.66,2026-01-21 06:29:54+00:00,0,,,demo
TX0001316,ACC00035,ACC00077,15.24,2026-01-21 06:50:35+00:00,0,,,demo
TX0001266,ACC00014,ACC00026,549.45,2026-01-21 07:12:24+00:00,0,,,demo
TX0001313,ACC00086,ACC00098,36.27,2026-01-21 07:26:35+00:00,0,,,demo
TX0001321,ACC00126,ACC00148,50.1,2026-01-21 08:28:21+00:00,0,,,demo
TX0001301,ACC00069,ACC00078,187.25,2026-01-21 09:02:53+00:00,0,,,demo
TX0001306,ACC00077,ACC00124,28.16,2026-01-21 09:04:37+00:00,0,,,demo
TX0001997,RING006_D4,RING006_C2,68.21,2026-01-21 09:11:07+00:00,0,,,demo
TX0001280,ACC00040,ACC00100,57.4,2026-01-21 09:56:04+00:00,0,,,demo
TX0001311,ACC00035,ACC00078,61.58,2026-01-21 10:49:16+00:00,0,,,demo
TX0001276,ACC00022,ACC00076,28.88,2026-01-21 11:24:02+00:00,0,,,demo
TX0001269,ACC00102,ACC00084,373.2,2026-01-21 11:34:08+00:00,0,,,demo
TX0001293,ACC00024,ACC00084,250.97,2026-01-21 12:02:33+00:00,0,,,demo
TX0001285,ACC00070,ACC00027,28.19,2026-01-21 12:13:21+00:00,0,,,demo
TX0001298,ACC00147,ACC00134,27.32,2026-01-21 12:14:09+00:00,0,,,demo
TX0001318,ACC00123,ACC00081,32.31,2026-01-21 12:28:54+00:00,0,,,demo
TX0001303,ACC00038,ACC00017,37.97,2026-01-21 12:30:19+00:00,0,,,demo
TX0001273,ACC00142,ACC00097,109.91,2026-01-21 12:31:45+00:00,0,,,demo
TX0001283,ACC00002,ACC00079,164.5,2026-01-21 12:46:56+00:00,0,,,demo
TX0001325,ACC00030,ACC00145,146.22,2026-01-21 13:00:58+00:00,0,,,demo
TX0001271,ACC00116,ACC00126,12.09,2026-01-21 13:02:57+00:00,0,,,demo
TX0001265,ACC00129,ACC00089,14.46,2026-01-21 13:25:44+00:00,0,,,demo
TX0001281,ACC00082,ACC00093,30.7,2026-01-21 13:37:05+00:00,0,,,demo
TX0002001,RING006_S5,RING006_S4,151.78,2026-01-21 13:50:46+00:00,0,,,demo
TX0001307,ACC00020,ACC00093,45.73,2026-01-21 14:09:21+00:00,0,,,demo
TX0001259,ACC00020,ACC00077,73.04,2026-01-21 14:15:21+00:00,0,,,demo
TX0001264,ACC00036,ACC00021,31.05,2026-01-21 14:23:10+00:00,0,,,demo
TX0001292,ACC00091,ACC00142,48.62,2026-01-21 14:45:13+00:00,0,,,demo
TX0002000,RING006_D5,ACC00136,64.98,2026-01-21 14:49:37+00:00,0,,,demo
TX0001308,ACC00065,ACC00064,25.16,2026-01-21 14:50:52+00:00,0,,,demo
TX0002002,RING006_D5,RING006_C3,65.07,2026-01-21 15:15:11+00:00,0,,,demo
TX0001272,ACC00059,ACC00092,31.08,2026-01-21 15:27:22+00:00,0,,,demo
TX0001305,ACC00071,ACC00108,447.75,2026-01-21 15:45:37+00:00,0,,,demo
TX0001310,ACC00118,ACC00028,10.17,2026-01-21 16:37:49+00:00,0,,,demo
TX0001295,ACC00075,ACC00106,30.15,2026-01-21 16:52:09+00:00,0,,,demo
TX0001270,ACC00008,ACC00070,99.63,2026-01-21 17:04:26+00:00,0,,,demo
TX0001999,RING006_S5,ACC00116,38.66,2026-01-21 17:13:18+00:00,0,,,demo
TX0001297,ACC00144,ACC00063,278.38,2026-01-21 17:20:44+00:00,0,,,demo
TX0001296,ACC00100,ACC00022,13.18,2026-01-21 17:30:53+00:00,0,,,demo
TX0001317,ACC00083,ACC00052,46.81,2026-01-21 17:33:02+00:00,0,,,demo
TX0001300,ACC00044,ACC00036,214.05,2026-01-21 17:35:42+00:00,0,,,demo
TX0001304,ACC00043,ACC00112,23.33,2026-01-21 17:37:10+00:00,0,,,demo
TX0001267,ACC00112,ACC00060,374.4,2026-01-21 17:46:12+00:00,0,,,demo
TX0001289,ACC00143,ACC00132,149.88,2026-01-21 18:56:39+00:00,0,,,demo
TX0001319,ACC00046,ACC00102,223.2,2026-01-21 19:13:23+00:00,0,,,demo
TX0001274,ACC00111,ACC00048,154.91,2026-01-21 19:27:09+00:00,0,,,demo
TX0001994,ACC00025,RING005_C2,740.97,2026-01-21 20:37:56+00:00,1,RING005,RING005,demo
TX0001275,ACC00150,ACC00098,250.76,2026-01-21 20:45:12+00:00,0,,,demo
TX0001322,ACC00063,ACC00084,47.44,2026-01-21 21:14:32+00:00,0,,,demo
TX0001261,ACC00062,ACC00146,113.93,2026-01-21 21:32:13+00:00,0,,,demo
TX0001260,ACC00042,ACC00145,62.13,2026-01-21 21:41:37+00:00,0,,,demo
TX0001288,ACC00115,ACC00143,41.25,2026-01-21 21:44:30+00:00,0,,,demo
TX0001282,ACC00028,ACC00024,262.78,2026-01-21 22:12:59+00:00,0,,,demo
TX0001291,ACC00007,ACC00023,295.98,2026-01-21 22:31:02+00:00,0,,,demo
TX0001995,RING005_C2,RING005_D4,703.92,2026-01-21 22:47:22+00:00,1,RING005,RING005,demo
TX0001320,ACC00082,ACC00075,67.6,2026-01-21 22:52:17+00:00,0,,,demo
TX0001330,ACC00018,ACC00105,491.07,2026-01-22 00:46:09+00:00,0,,,demo
TX0001359,ACC00090,ACC00080,87.52,2026-01-22 01:06:03+00:00,0,,,demo
TX0001360,ACC00088,ACC00117,161.07,2026-01-22 02:10:37+00:00,0,,,demo
TX0001351,ACC00057,ACC00115,22.09,2026-01-22 02:12:18+00:00,0,,,demo
TX0001341,ACC00022,ACC00028,23.1,2026-01-22 02:19:54+00:00,0,,,demo
TX0001353,ACC00119,ACC00129,29.64,2026-01-22 02:28:11+00:00,0,,,demo
TX0001365,ACC00082,ACC00018,20.66,2026-01-22 03:05:37+00:00,0,,,demo
TX0001355,ACC00007,ACC00124,25.42,2026-01-22 03:37:53+00:00,0,,,demo
TX0001372,ACC00085,ACC00144,56.68,2026-01-22 04:48:16+00:00,0,,,demo
TX0001337,ACC00103,ACC00137,69.96,2026-01-22 04:55:37+00:00,0,,,demo
TX0002007,RING006_D5,RING006_D1,419.78,2026-01-22 04:57:35+00:00,0,,,demo
TX0001334,ACC00109,ACC00097,146.74,2026-01-22 05:57:33+00:00,0,,,demo
TX0001379,ACC00002,ACC00055,174.24,2026-01-22 06:22:47+00:00,0,,,demo
TX0001366,ACC00077,ACC00012,6.67,2026-01-22 06:42:28+00:00,0,,,demo
TX0001326,ACC00140,ACC00047,82.38,2026-01-22 06:52:42+00:00,0,,,demo
TX0001370,ACC00133,ACC00045,60.53,2026-01-22 07:14:01+00:00,0,,,demo
TX0002005,RING006_D1,RING006_D3,35.61,2026-01-22 07:33:03+00:00,0,,,demo
TX0001331,ACC00128,ACC00036,23.56,2026-01-22 07:53:20+00:00,0,,,demo
TX0001367,ACC00030,ACC00006,110.54,2026-01-22 07:54:03+00:00,0,,,demo
TX0001340,ACC00093,ACC00138,40.19,2026-01-22 08:16:34+00:00,0,,,demo
TX0001376,ACC00102,ACC00008,611.82,2026-01-22 08:22:22+00:00,0,,,demo
TX0001378,ACC00110,ACC00100,33.3,2026-01-22 08:40:16+00:00,0,,,demo
TX0001996,RING005_D1,RING005_S1,436.97,2026-01-22 09:04:18+00:00,1,RING005,RING005,demo
TX0001375,ACC00048,ACC00111,226.48,2026-01-22 09:36:44+00:00,0,,,demo
TX0001328,ACC00119,ACC00054,71.11,2026-01-22 09:56:40+00:00,0,,,demo
TX0001329,ACC00113,ACC00075,66.24,2026-01-22 10:13:03+00:00,0,,,demo
TX0001333,ACC00065,ACC00040,111.86,2026-01-22 10:51:14+00:00,0,,,demo
TX0001362,ACC00124,ACC00090,40.85,2026-01-22 12:03:28+00:00,0,,,demo
TX0001364,ACC00113,ACC00116,23.72,2026-01-22 12:06:33+00:00,0,,,demo
TX0001373,ACC00110,ACC00119,243.85,2026-01-22 12:10:01+00:00,0,,,demo
TX0001368,ACC00088,ACC00028,333.03,2026-01-22 12:44:14+00:00,0,,,demo
TX0001350,ACC00149,ACC00148,115.8,2026-01-22 13:07:40+00:00,0,,,demo
TX0001371,ACC00142,ACC00041,100.86,2026-01-22 13:30:48+00:00,0,,,demo
TX0001338,ACC00130,ACC00108,67.36,2026-01-22 14:14:40+00:00,0,,,demo
TX0001344,ACC00145,ACC00103,98.28,2026-01-22 14:25:59+00:00,0,,,demo
TX0002006,RING006_D2,RING006_S4,40.93,2026-01-22 15:25:14+00:00,0,,,demo
TX0001332,ACC00078,ACC00062,13.56,2026-01-22 15:37:55+00:00,0,,,demo
TX0001377,ACC00051,ACC00116,41.95,2026-01-22 15:40:26+00:00,0,,,demo
TX0002003,ACC00071,RING006_S5,41.79,2026-01-22 16:09:06+00:00,0,,,demo
TX0001374,ACC00060,ACC00104,120.86,2026-01-22 16:11:44+00:00,0,,,demo
TX0001327,ACC00141,ACC00007,58.53,2026-01-22 16:33:38+00:00,0,,,demo
TX0001369,ACC00043,ACC00063,54.96,2026-01-22 16:57:45+00:00,0,,,demo
TX0001357,ACC00107,ACC00022,89.1,2026-01-22 17:25:26+00:00,0,,,demo
TX0001361,ACC00053,ACC00134,144.98,2026-01-22 17:31:41+00:00,0,,,demo
TX0001339,ACC00140,ACC00010,109.77,2026-01-22 18:09:21+00:00,0,,,demo
TX0002004,ACC00077,RING006_D2,86.0,2026-01-22 18:21:12+00:00,0,,,demo
TX0001335,ACC00019,ACC00115,106.76,2026-01-22 18:21:16+00:00,0,,,demo
TX0001345,ACC00085,ACC00111,133.22,2026-01-22 18:28:19+00:00,0,,,demo
TX0001342,ACC00064,ACC00091,155.29,2026-01-22 18:47:15+00:00,0,,,demo
TX0001346,ACC00028,ACC00003,82.14,2026-01-22 18:54:05+00:00,0,,,demo
TX0001336,ACC00123,ACC00150,92.86,2026-01-22 19:26:50+00:00,0,,,demo
TX0001354,ACC00039,ACC00089,168.29,2026-01-22 20:13:25+00:00,0,,,demo
TX0001363,ACC00122,ACC00025,102.51,2026-01-22 21:08:29+00:00,0,,,demo
TX0002008,RING006_S1,RING006_D4,229.56,2026-01-22 21:16:38+00:00,0,,,demo
TX0001358,ACC00030,ACC00037,105.56,2026-01-22 22:41:24+00:00,0,,,demo
TX0001349,ACC00133,ACC00143,46.25,2026-01-22 23:02:10+00:00,0,,,demo
TX0001356,ACC00027,ACC00076,173.96,2026-01-22 23:28:23+00:00,0,,,demo
TX0001343,ACC00043,ACC00012,113.48,2026-01-22 23:31:03+00:00,0,,,demo
TX0001348,ACC00057,ACC00131,57.29,2026-01-22 23:32:38+00:00,0,,,demo
TX0001347,ACC00026,ACC00067,52.94,2026-01-22 23:35:40+00:00,0,,,demo
TX0001352,ACC00096,ACC00101,81.93,2026-01-22 23:42:12+00:00,0,,,demo
TX0002009,RING006_S1,RING006_C1,1253.91,2026-01-23 00:36:50+00:00,1,RING006,RING006,demo
TX0001398,ACC00036,ACC00148,50.72,2026-01-23 00:47:15+00:00,0,,,demo
TX0001418,ACC00138,ACC00074,68.06,2026-01-23 00:49:14+00:00,0,,,demo
TX0001382,ACC00138,ACC00048,26.45,2026-01-23 00:56:08+00:00,0,,,demo
TX0001413,ACC00126,ACC00043,215.04,2026-01-23 01:38:01+00:00,0,,,demo
TX0001393,ACC00031,ACC00062,87.15,2026-01-23 01:45:46+00:00,0,,,demo
TX0001396,ACC00037,ACC00131,12.46,2026-01-23 02:35:53+00:00,0,,,demo
TX0001411,ACC00105,ACC00126,204.13,2026-01-23 02:55:27+00:00,0,,,demo
TX0001417,ACC00071,ACC00058,44.09,2026-01-23 03:12:08+00:00,0,,,demo
TX0001390,ACC00118,ACC00045,131.59,2026-01-23 03:54:31+00:00,0,,,demo
TX0001392,ACC00035,ACC00081,236.17,2026-01-23 04:16:12+00:00,0,,,demo
TX0001404,ACC00036,ACC00048,105.47,2026-01-23 04:51:03+00:00,0,,,demo
TX0001380,ACC00072,ACC00017,99.71,2026-01-23 05:07:55+00:00,0,,,demo
TX0001403,ACC00126,ACC00074,132.56,2026-01-23 05:25:23+00:00,0,,,demo
TX0001384,ACC00051,ACC00118,129.86,2026-01-23 05:43:24+00:00,0,,,demo
TX0001422,ACC00029,ACC00147,133.01,2026-01-23 06:37:20+00:00,0,,,demo
TX0001408,ACC00035,ACC00050,143.71,2026-01-23 07:33:00+00:00,0,,,demo
TX0001402,ACC00143,ACC00043,135.27,2026-01-23 07:52:13+00:00,0,,,demo
TX0001401,ACC00138,ACC00045,10.42,2026-01-23 08:12:02+00:00,0,,,demo
TX0001405,ACC00081,ACC00116,250.24,2026-01-23 08:25:44+00:00,0,,,demo
TX0001431,ACC00090,ACC00023,96.32,2026-01-23 08:59:14+00:00,0,,,demo
TX0001400,ACC00048,ACC00125,94.99,2026-01-23 09:05:13+00:00,0,,,demo
TX0001387,ACC00081,ACC00100,49.27,2026-01-23 09:58:51+00:00,0,,,demo
TX0001426,ACC00113,ACC00140,95.84,2026-01-23 10:12:09+00:00,0,,,demo
TX0001415,ACC00008,ACC00057,421.36,2026-01-23 10:41:31+00:00,0,,,demo
TX0001424,ACC00140,ACC00094,109.79,2026-01-23 10:45:26+00:00,0,,,demo
TX0002011,RING006_S3,RING006_C1,1146.87,2026-01-23 11:04:13+00:00,1,RING006,RING006,demo
TX0001430,ACC00116,ACC00068,40.08,2026-01-23 12:03:37+00:00,0,,,demo
TX0001432,ACC00113,ACC00031,109.2,2026-01-23 12:03:51+00:00,0,,,demo
TX0002013,RING006_S5,RING006_C1,950.9,2026-01-23 12:06:15+00:00,1,RING006,RING006,demo
TX0001389,ACC00090,ACC00091,503.89,2026-01-23 12:38:32+00:00,0,,,demo
TX0001434,ACC00090,ACC00110,137.32,2026-01-23 13:34:44+00:00,0,,,demo
TX0001420,ACC00145,ACC00127,31.59,2026-01-23 14:27:28+00:00,0,,,demo
TX0001433,ACC00061,ACC00054,817.72,2026-01-23 14:36:04+00:00,0,,,demo
TX0002012,RING006_S4,RING006_C1,906.16,2026-01-23 14:48:59+00:00,1,RING006,RING006,demo
TX0001423,ACC00030,ACC00069,147.87,2026-01-23 15:49:17+00:00,0,,,demo
TX0001388,ACC00101,ACC00030,21.18,2026-01-23 17:07:34+00:00,0,,,demo
TX0001409,ACC00099,ACC00144,109.41,2026-01-23 17:36:07+00:00,0,,,demo
TX0001429,ACC00077,ACC00009,156.83,2026-01-23 17:46:10+00:00,0,,,demo
TX0001381,ACC00148,ACC00027,29.28,2026-01-23 17:47:22+00:00,0,,,demo
TX0001421,ACC00141,ACC00131,40.52,2026-01-23 18:02:49+00:00,0,,,demo
TX0001412,ACC00107,ACC00114,197.29,2026-01-23 18:24:18+00:00,0,,,demo
TX0001416,ACC00075,ACC00009,16.21,2026-01-23 18:28:56+00:00,0,,,demo
TX0001391,ACC00077,ACC00022,66.09,2026-01-23 18:45:58+00:00,0,,,demo
TX0002010,RING006_S2,RING006_C1,1230.22,2026-01-23 18:47:17+00:00,1,RING006,RING006,demo
TX0001419,ACC00044,ACC00118,53.94,2026-01-23 19:16:06+00:00,0,,,demo
TX0001397,ACC00100,ACC00108,69.3,2026-01-23 19:47:18+00:00,0,,,demo
TX0001410,ACC00130,ACC00127,102.71,2026-01-23 20:15:45+00:00,0,,,demo
TX0001425,ACC00139,ACC00011,146.85,2026-01-23 20:24:41+00:00,0,,,demo
TX0001427,ACC00056,ACC00109,100.24,2026-01-23 20:39:59+00:00,0,,,demo
TX0001428,ACC00027,ACC00064,194.91,2026-01-23 21:26:59+00:00,0,,,demo
TX0001385,ACC00030,ACC00068,161.27,2026-01-23 21:45:21+00:00,0,,,demo
TX0001399,ACC00099,ACC00109,24.88,2026-01-23 21:53:55+00:00,0,,,demo
TX0001394,ACC00079,ACC00030,73.99,2026-01-23 22:15:50+00:00,0,,,demo
TX0001406,ACC00014,ACC00092,81.84,2026-01-23 22:17:04+00:00,0,,,demo
TX0001414,ACC00022,ACC00145,14.76,2026-01-23 22:18:06+00:00,0,,,demo
TX0001407,ACC00003,ACC00125,56.37,2026-01-23 22:23:58+00:00,0,,,demo
TX0001386,ACC00126,ACC00136,14.73,2026-01-23 22:29:08+00:00,0,,,demo
TX0001395,ACC00047,ACC00096,63.93,2026-01-23 22:40:28+00:00,0,,,demo
TX0001383,ACC00094,ACC00084,286.85,2026-01-23 22:51:39+00:00,0,,,demo
TX0001447,ACC00038,ACC00083,229.65,2026-01-24 00:17:39+00:00,0,,,demo
TX0001483,ACC00055,ACC00123,75.43,2026-01-24 00:24:15+00:00,0,,,demo
TX0001468,ACC00013,ACC00012,61.97,2026-01-24 00:55:49+00:00,0,,,demo
TX0001446,ACC00034,ACC00064,35.07,2026-01-24 01:24:45+00:00,0,,,demo
TX0001448,ACC00064,ACC00101,102.24,2026-01-24 01:37:15+00:00,0,,,demo
TX0001449,ACC00126,ACC00037,84.48,2026-01-24 01:40:32+00:00,0,,,demo
TX0001460,ACC00137,ACC00102,16.29,2026-01-24 02:44:12+00:00,0,,,demo
TX0001444,ACC00106,ACC00016,133.52,2026-01-24 02:45:52+00:00,0,,,demo
TX0001453,ACC00024,ACC00104,125.53,2026-01-24 02:53:41+00:00,0,,,demo
TX0001456,ACC00125,ACC00084,35.02,2026-01-24 03:45:04+00:00,0,,,demo
TX0001481,ACC00110,ACC00024,72.59,2026-01-24 05:52:03+00:00,0,,,demo
TX0001466,ACC00034,ACC00145,145.62,2026-01-24 06:04:46+00:00,0,,,demo
TX0001478,ACC00096,ACC00043,107.02,2026-01-24 06:06:33+00:00,0,,,demo
TX0001436,ACC00053,ACC00016,932.48,2026-01-24 06:09:41+00:00,0,,,demo
TX0001457,ACC00149,ACC00001,330.68,2026-01-24 06:10:22+00:00,0,,,demo
TX0001445,ACC00071,ACC00033,43.84,2026-01-24 06:14:44+00:00,0,,,demo
TX0001451,ACC00107,ACC00097,30.71,2026-01-24 06:16:11+00:00,0,,,demo
TX0001480,ACC00079,ACC00060,91.29,2026-01-24 06:17:08+00:00,0,,,demo
TX0002014,RING006_C1,RING006_C2,5213.02,2026-01-24 06:28:40+00:00,1,RING006,RING006,demo
TX0001476,ACC00024,ACC00093,35.48,2026-01-24 07:07:30+00:00,0,,,demo
TX0001485,ACC00058,ACC00133,265.3,2026-01-24 07:11:06+00:00,0,,,demo
TX0001441,ACC00075,ACC00147,123.85,2026-01-24 07:16:48+00:00,0,,,demo
TX0001462,ACC00055,ACC00127,38.44,2026-01-24 07:33:12+00:00,0,,,demo
TX0001474,ACC00034,ACC00078,672.45,2026-01-24 07:41:02+00:00,0,,,demo
TX0001461,ACC00056,ACC00110,43.02,2026-01-24 08:15:51+00:00,0,,,demo
TX0001482,ACC00025,ACC00001,52.48,2026-01-24 08:17:21+00:00,0,,,demo
TX0002015,RING006_C2,RING006_C3,4876.01,2026-01-24 08:54:32+00:00,1,RING006,RING006,demo
TX0001484,ACC00020,ACC00034,164.81,2026-01-24 09:05:34+00:00,0,,,demo
TX0001464,ACC00073,ACC00087,26.67,2026-01-24 09:59:16+00:00,0,,,demo
TX0001475,ACC00041,ACC00071,155.86,2026-01-24 11:13:03+00:00,0,,,demo
TX0001455,ACC00095,ACC00117,42.78,2026-01-24 11:18:14+00:00,0,,,demo
TX0001458,ACC00024,ACC00118,164.84,2026-01-24 11:34:37+00:00,0,,,demo
TX0001437,ACC00146,ACC00090,61.68,2026-01-24 11:55:25+00:00,0,,,demo
TX0001486,ACC00114,ACC00003,57.05,2026-01-24 12:31:39+00:00,0,,,demo
TX0002016,RING006_C3,RING006_C4,4732.78,2026-01-24 12:35:55+00:00,1,RING006,RING006,demo
TX0001440,ACC00083,ACC00075,209.83,2026-01-24 12:38:06+00:00,0,,,demo
TX0001477,ACC00065,ACC00022,33.14,2026-01-24 13:02:29+00:00,0,,,demo
TX0001442,ACC00069,ACC00132,81.86,2026-01-24 14:01:12+00:00,0,,,demo
TX0001454,ACC00132,ACC00072,177.24,2026-01-24 14:06:12+00:00,0,,,demo
TX0001469,ACC00026,ACC00118,750.8,2026-01-24 14:07:20+00:00,0,,,demo
TX0001467,ACC00125,ACC00088,149.56,2026-01-24 14:11:07+00:00,0,,,demo
TX0001470,ACC00005,ACC00032,13.98,2026-01-24 15:43:52+00:00,0,,,demo
TX0001450,ACC00148,ACC00069,38.6,2026-01-24 15:54:37+00:00,0,,,demo
TX0001479,ACC00014,ACC00102,14.06,2026-01-24 16:42:58+00:00,0,,,demo
TX0001463,ACC00069,ACC00083,30.64,2026-01-24 17:41:54+00:00,0,,,demo
TX0001472,ACC00117,ACC00001,91.59,2026-01-24 17:57:51+00:00,0,,,demo
TX0001473,ACC00110,ACC00052,79.69,2026-01-24 20:24:47+00:00,0,,,demo
TX0001465,ACC00141,ACC00148,125.84,2026-01-24 20:36:54+00:00,0,,,demo
TX0001471,ACC00041,ACC00113,33.04,2026-01-24 21:19:45+00:00,0,,,demo
TX0001452,ACC00116,ACC00020,164.18,2026-01-24 21:28:24+00:00,0,,,demo
TX0001459,ACC00092,ACC00017,313.32,2026-01-24 21:33:30+00:00,0,,,demo
TX0001439,ACC00138,ACC00044,63.34,2026-01-24 22:14:16+00:00,0,,,demo
TX0001443,ACC00025,ACC00035,64.58,2026-01-24 22:33:41+00:00,0,,,demo
TX0001435,ACC00036,ACC00053,262.03,2026-01-24 23:09:40+00:00,0,,,demo
TX0001438,ACC00137,ACC00072,40.5,2026-01-24 23:13:20+00:00,0,,,demo
TX0001493,ACC00095,ACC00077,91.04,2026-01-25 00:42:56+00:00,0,,,demo
TX0001514,ACC00062,ACC00127,85.23,2026-01-25 01:02:11+00:00,0,,,demo
TX0001488,ACC00109,ACC00034,58.31,2026-01-25 01:24:34+00:00,0,,,demo
TX0002017,RING006_C4,RING006_D1,857.66,2026-01-25 01:42:18+00:00,1,RING006,RING006,demo
TX0001507,ACC00071,ACC00022,82.25,2026-01-25 01:59:55+00:00,0,,,demo
TX0001506,ACC00036,ACC00064,86.57,2026-01-25 02:14:46+00:00,0,,,demo
TX0001499,ACC00090,ACC00055,113.78,2026-01-25 02:22:37+00:00,0,,,demo
TX0002019,RING006_C4,RING006_D3,830.41,2026-01-25 03:25:50+00:00,1,RING006,RING006,demo
TX0001525,ACC00004,ACC00068,145.13,2026-01-25 03:32:57+00:00,0,,,demo
TX0001509,ACC00073,ACC00007,307.78,2026-01-25 03:57:32+00:00,0,,,demo
TX0001508,ACC00064,ACC00142,66.36,2026-01-25 04:47:43+00:00,0,,,demo
TX0001517,ACC00019,ACC00136,176.82,2026-01-25 05:45:46+00:00,0,,,demo
TX0001526,ACC00056,ACC00011,165.41,2026-01-25 06:53:58+00:00,0,,,demo
TX0001512,ACC00049,ACC00101,48.4,2026-01-25 07:10:45+00:00,0,,,demo
TX0001504,ACC00099,ACC00090,438.27,2026-01-25 08:08:12+00:00,0,,,demo
TX0001487,ACC00088,ACC00031,139.44,2026-01-25 08:26:21+00:00,0,,,demo
TX0001524,ACC00005,ACC00018,74.07,2026-01-25 09:13:57+00:00,0,,,demo
TX0001523,ACC00121,ACC00019,41.07,2026-01-25 09:24:44+00:00,0,,,demo
TX0001491,ACC00023,ACC00027,532.89,2026-01-25 10:38:57+00:00,0,,,demo
TX0002018,RING006_C4,RING006_D2,862.74,2026-01-25 10:42:17+00:00,1,RING006,RING006,demo
TX0001518,ACC00004,ACC00093,253.1,2026-01-25 11:39:54+00:00,0,,,demo
TX0001528,ACC00130,ACC00074,57.08,2026-01-25 11:54:39+00:00,0,,,demo
TX0001494,ACC00036,ACC00098,47.03,2026-01-25 12:11:03+00:00,0,,,demo
TX0001520,ACC00100,ACC00146,115.2,2026-01-25 12:31:16+00:00,0,,,demo
TX0002021,RING006_C4,RING006_D5,806.88,2026-01-25 12:44:56+00:00,1,RING006,RING006,demo
TX0001489,ACC00123,ACC00019,198.42,2026-01-25 12:55:38+00:00,0,,,demo
TX0001500,ACC00039,ACC00106,160.66,2026-01-25 13:20:55+00:00,0,,,demo
TX0001492,ACC00027,ACC00081,91.28,2026-01-25 13:29:18+00:00,0,,,demo
TX0001497,ACC00145,ACC00003,98.1,2026-01-25 14:10:48+00:00,0,,,demo
TX0001495,ACC00035,ACC00037,20.38,2026-01-25 14:21:22+00:00,0,,,demo
TX0001511,ACC00133,ACC00131,231.04,2026-01-25 14:33:21+00:00,0,,,demo
TX0001513,ACC00076,ACC00014,18.5,2026-01-25 14:48:08+00:00,0,,,demo
TX0001496,ACC00018,ACC00136,41.75,2026-01-25 15:05:41+00:00,0,,,demo
TX0001521,ACC00108,ACC00094,266.29,2026-01-25 15:11:39+00:00,0,,,demo
TX0001502,ACC00023,ACC00026,146.22,2026-01-25 15:33:41+00:00,0,,,demo
TX0001505,ACC00110,ACC00081,35.75,2026-01-25 16:36:00+00:00,0,,,demo
TX0001510,ACC00078,ACC00053,22.34,2026-01-25 16:59:47+00:00,0,,,demo
TX0002020,RING006_C4,RING006_D4,868.25,2026-01-25 17:33:32+00:00,1,RING006,RING006,demo
TX0001501,ACC00114,ACC00056,801.0,2026-01-25 18:00:46+00:00,0,,,demo
TX0001519,ACC00082,ACC00034,27.59,2026-01-25 18:52:35+00:00,0,,,demo
TX0001527,ACC00016,ACC00102,72.66,2026-01-25 19:47:18+00:00,0,,,demo
TX0001498,ACC00043,ACC00113,29.97,2026-01-25 20:13:08+00:00,0,,,demo
TX0001503,ACC00036,ACC00032,30.64,2026-01-25 21:31:40+00:00,0,,,demo
TX0001522,ACC00140,ACC00045,8.35,2026-01-25 21:33:17+00:00,0,,,demo
TX0001516,ACC00062,ACC00128,82.72,2026-01-25 22:46:22+00:00,0,,,demo
TX0001490,ACC00059,ACC00099,327.56,2026-01-25 23:40:51+00:00,0,,,demo
TX0001515,ACC00099,ACC00029,288.78,2026-01-25 23:42:55+00:00,0,,,demo
TX0001545,ACC00003,ACC00042,288.57,2026-01-26 00:02:14+00:00,0,,,demo
TX0001578,ACC00103,ACC00018,202.7,2026-01-26 00:15:45+00:00,0,,,demo
TX0001553,ACC00135,ACC00017,623.52,2026-01-26 00:40:21+00:00,0,,,demo
TX0001565,ACC00063,ACC00012,8.3,2026-01-26 00:58:37+00:00,0,,,demo
TX0001574,ACC00096,ACC00031,257.11,2026-01-26 01:04:38+00:00,0,,,demo
TX0001572,ACC00082,ACC00070,97.97,2026-01-26 01:08:03+00:00,0,,,demo
TX0001546,ACC00128,ACC00089,1179.11,2026-01-26 01:35:37+00:00,0,,,demo
TX0001530,ACC00103,ACC00022,169.23,2026-01-26 01:36:27+00:00,0,,,demo
TX0001600,ACC00012,ACC00060,44.74,2026-01-26 01:38:49+00:00,0,,,demo
TX0001542,ACC00015,ACC00080,140.7,2026-01-26 01:39:34+00:00,0,,,demo
TX0001547,ACC00134,ACC00133,42.52,2026-01-26 01:48:31+00:00,0,,,demo
TX0001548,ACC00067,ACC00043,66.28,2026-01-26 02:08:04+00:00,0,,,demo
TX0001598,ACC00016,ACC00037,63.14,2026-01-26 02:19:36+00:00,0,,,demo
TX0001569,ACC00142,ACC00108,36.52,2026-01-26 02:20:53+00:00,0,,,demo
TX0001557,ACC00093,ACC00015,353.82,2026-01-26 02:21:30+00:00,0,,,demo
TX0001599,ACC00072,ACC00024,7.85,2026-01-26 02:32:42+00:00,0,,,demo
TX0001571,ACC00064,ACC00107,87.04,2026-01-26 02:43:29+00:00,0,,,demo
TX0001533,ACC00080,ACC00021,25.08,2026-01-26 02:56:08+00:00,0,,,demo
TX0001596,ACC00136,ACC00061,70.92,2026-01-26 02:58:20+00:00,0,,,demo
TX0001568,ACC00046,ACC00010,244.61,2026-01-26 03:12:40+00:00,0,,,demo
TX0001538,ACC00112,ACC00062,142.39,2026-01-26 03:19:34+00:00,0,,,demo
TX0001566,ACC00121,ACC00094,9.78,2026-01-26 03:35:55+00:00,0,,,demo
TX0001534,ACC00131,ACC00053,52.12,2026-01-26 04:45:18+00:00,0,,,demo
TX0001585,ACC00078,ACC00063,27.52,2026-01-26 04:53:05+00:00,0,,,demo
TX0001539,ACC00015,ACC00063,129.41,2026-01-26 05:03:08+00:00,0,,,demo
TX0001570,ACC00058,ACC00083,116.83,2026-01-26 05:42:03+00:00,0,,,demo
TX0001586,ACC00119,ACC00095,104.59,2026-01-26 05:56:04+00:00,0,,,demo
TX0001580,ACC00080,ACC00084,45.07,2026-01-26 06:10:58+00:00,0,,,demo
TX0001601,ACC00134,ACC00106,93.94,2026-01-26 06:17:26+00:00,0,,,demo
TX0001532,ACC00072,ACC00022,4.2,2026-01-26 06:18:20+00:00,0,,,demo
TX0001560,ACC00041,ACC00066,134.96,2026-01-26 06:19:11+00:00,0,,,demo
TX0001573,ACC00020,ACC00147,1432.87,2026-01-26 06:28:09+00:00,0,,,demo
TX0001531,ACC00138,ACC00040,223.27,2026-01-26 07:01:54+00:00,0,,,demo
TX0001564,ACC00012,ACC00004,91.08,2026-01-26 07:19:54+00:00,0,,,demo
TX0001537,ACC00017,ACC00080,271.77,2026-01-26 07:22:07+00:00,0,,,demo
TX0001588,ACC00140,ACC00063,433.26,2026-01-26 07:54:54+00:00,0,,,demo
TX0001561,ACC00027,ACC00147,840.83,2026-01-26 08:23:46+00:00,0,,,demo
TX0001581,ACC00023,ACC00142,404.25,2026-01-26 09:22:58+00:00,0,,,demo
TX0001552,ACC00110,ACC00070,54.97,2026-01-26 10:13:48+00:00,0,,,demo
TX0001592,ACC00089,ACC00003,395.48,2026-01-26 11:41:27+00:00,0,,,demo
TX0001554,ACC00068,ACC00148,327.35,2026-01-26 12:00:57+00:00,0,,,demo
TX0001543,ACC00045,ACC00031,281.88,2026-01-26 12:24:25+00:00,0,,,demo
TX0001562,ACC00030,ACC00059,136.93,2026-01-26 12:30:53+00:00,0,,,demo
TX0001594,ACC00097,ACC00079,37.22,2026-01-26 12:39:48+00:00,0,,,demo
TX0001549,ACC00096,ACC00033,55.13,2026-01-26 13:03:25+00:00,0,,,demo
TX0001582,ACC00117,ACC00003,172.7,2026-01-26 13:19:34+00:00,0,,,demo
TX0001577,ACC00133,ACC00012,11.53,2026-01-26 13:28:06+00:00,0,,,demo
TX0001555,ACC00020,ACC00128,116.91,2026-01-26 13:43:55+00:00,0,,,demo
TX0001567,ACC00099,ACC00039,391.48,2026-01-26 13:47:03+00:00,0,,,demo
TX0001536,ACC00084,ACC00101,91.23,2026-01-26 13:55:50+00:00,0,,,demo
TX0001576,ACC00046,ACC00058,74.44,2026-01-26 14:12:40+00:00,0,,,demo
TX0001541,ACC00030,ACC00117,237.7,2026-01-26 15:40:56+00:00,0,,,demo
TX0001583,ACC00095,ACC00052,167.6,2026-01-26 16:36:07+00:00,0,,,demo
TX0001563,ACC00131,ACC00001,316.64,2026-01-26 16:42:34+00:00,0,,,demo
TX0001544,ACC00004,ACC00036,58.76,2026-01-26 17:28:09+00:00,0,,,demo
TX0001584,ACC00075,ACC00145,109.68,2026-01-26 18:04:25+00:00,0,,,demo
TX0001602,ACC00096,ACC00118,68.46,2026-01-26 18:10:35+00:00,0,,,demo
TX0001595,ACC00027,ACC00053,198.13,2026-01-26 18:18:43+00:00,0,,,demo
TX0001559,ACC00043,ACC00095,129.84,2026-01-26 18:19:01+00:00,0,,,demo
TX0001551,ACC00008,ACC00086,58.28,2026-01-26 18:25:48+00:00,0,,,demo
TX0001556,ACC00117,ACC00131,119.01,2026-01-26 19:56:12+00:00,0,,,demo
TX0001535,ACC00040,ACC00138,12.38,2026-01-26 19:58:17+00:00,0,,,demo
TX0001597,ACC00108,ACC00126,80.26,2026-01-26 20:06:30+00:00,0,,,demo
TX0001575,ACC00129,ACC00014,209.34,2026-01-26 20:23:03+00:00,0,,,demo
TX0001550,ACC00069,ACC00031,5.68,2026-01-26 20:29:13+00:00,0,,,demo
TX0001540,ACC00023,ACC00112,877.81,2026-01-26 20:50:15+00:00,0,,,demo
TX0001587,ACC00127,ACC00051,124.46,2026-01-26 20:56:37+00:00,0,,,demo
TX0001558,ACC00128,ACC00146,147.84,2026-01-26 21:16:19+00:00,0,,,demo
TX0001589,ACC00039,ACC00002,432.68,2026-01-26 21:48:25+00:00,0,,,demo
TX0001591,ACC00060,ACC00139,145.52,2026-01-26 22:02:24+00:00,0,,,demo
TX0001529,ACC00107,ACC00109,136.51,2026-01-26 22:52:15+00:00,0,,,demo
TX0002022,ACC00028,RING006_C2,826.31,2026-01-26 23:08:10+00:00,1,RING006,RING006,demo
TX0001579,ACC00120,ACC00073,34.13,2026-01-26 23:18:26+00:00,0,,,demo
TX0001590,ACC00105,ACC00007,63.29,2026-01-26 23:23:24+00:00,0,,,demo
TX0001593,ACC00086,ACC00001,275.72,2026-01-26 23:26:28+00:00,0,,,demo
TX0002023,RING006_C2,RING006_D2,784.99,2026-01-26 23:36:07+00:00,1,RING006,RING006,demo
TX0001648,ACC00044,ACC00147,56.94,2026-01-27 00:48:48+00:00,0,,,demo
TX0001619,ACC00031,ACC00138,17.33,2026-01-27 02:30:38+00:00,0,,,demo
TX0001636,ACC00036,ACC00032,251.53,2026-01-27 02:32:17+00:00,0,,,demo
TX0001640,ACC00096,ACC00022,16.84,2026-01-27 02:39:35+00:00,0,,,demo
TX0001632,ACC00104,ACC00116,279.72,2026-01-27 03:25:56+00:00,0,,,demo
TX0001610,ACC00101,ACC00084,17.12,2026-01-27 03:50:58+00:00,0,,,demo
TX0001623,ACC00031,ACC00024,435.14,2026-01-27 04:22:22+00:00,0,,,demo
TX0001641,ACC00150,ACC00067,33.68,2026-01-27 04:29:31+00:00,0,,,demo
TX0001605,ACC00101,ACC00020,178.4,2026-01-27 04:34:19+00:00,0,,,demo
TX0001647,ACC00119,ACC00013,1216.37,2026-01-27 04:44:56+00:00,0,,,demo
TX0001646,ACC00032,ACC00011,204.25,2026-01-27 05:04:55+00:00,0,,,demo
TX0001624,ACC00041,ACC00078,21.3,2026-01-27 05:19:18+00:00,0,,,demo
TX0001620,ACC00092,ACC00054,63.14,2026-01-27 06:33:21+00:00,0,,,demo
TX0001617,ACC00116,ACC00120,119.24,2026-01-27 06:51:05+00:00,0,,,demo
TX0001611,ACC00082,ACC00116,122.58,2026-01-27 08:06:29+00:00,0,,,demo
TX0001615,ACC00028,ACC00040,162.18,2026-01-27 08:17:12+00:00,0,,,demo
TX0001629,ACC00132,ACC00013,14.0,2026-01-27 08:52:45+00:00,0,,,demo
TX0001625,ACC00011,ACC00056,273.14,2026-01-27 09:07:12+00:00,0,,,demo
TX0001638,ACC00057,ACC00034,70.62,2026-01-27 09:12:01+00:00,0,,,demo
TX0001642,ACC00020,ACC00006,243.6,2026-01-27 09:39:05+00:00,0,,,demo
TX0001614,ACC00035,ACC00150,47.27,2026-01-27 09:42:10+00:00,0,,,demo
TX0001607,ACC00112,ACC00034,175.66,2026-01-27 09:54:13+00:00,0,,,demo
TX0001608,ACC00061,ACC00075,86.06,2026-01-27 10:29:28+00:00,0,,,demo
TX0001628,ACC00092,ACC00102,8.78,2026-01-27 10:42:36+00:00,0,,,demo
TX0001612,ACC00070,ACC00060,28.22,2026-01-27 11:33:11+00:00,0,,,demo
TX0001613,ACC00020,ACC00052,57.86,2026-01-27 11:34:09+00:00,0,,,demo
TX0001649,ACC00111,ACC00102,194.22,2026-01-27 11:56:12+00:00,0,,,demo
TX0001609,ACC00067,ACC00081,12.67,2026-01-27 11:57:48+00:00,0,,,demo
TX0001630,ACC00077,ACC00067,424.07,2026-01-27 12:28:27+00:00,0,,,demo
TX0001621,ACC00116,ACC00079,8.4,2026-01-27 13:18:58+00:00,0,,,demo
TX0001639,ACC00051,ACC00103,34.54,2026-01-27 13:45:49+00:00,0,,,demo
TX0001604,ACC00130,ACC00035,53.68,2026-01-27 14:04:06+00:00,0,,,demo
TX0001626,ACC00084,ACC00038,42.73,2026-01-27 14:14:35+00:00,0,,,demo
TX0001645,ACC00024,ACC00085,34.07,2026-01-27 15:25:06+00:00,0,,,demo
TX0001616,ACC00028,ACC00043,239.89,2026-01-27 15:46:33+00:00,0,,,demo
TX0001622,ACC00119,ACC00068,36.56,2026-01-27 16:17:50+00:00,0,,,demo
TX0002024,RING006_D1,RING006_S1,460.73,2026-01-27 17:21:55+00:00,1,RING006,RING006,demo
TX0001627,ACC00024,ACC00064,47.84,2026-01-27 17:27:04+00:00,0,,,demo
TX0001631,ACC00045,ACC00008,58.22,2026-01-27 18:47:11+00:00,0,,,demo
TX0001618,ACC00081,ACC00105,37.87,2026-01-27 18:57:57+00:00,0,,,demo
TX0001637,ACC00004,ACC00016,32.51,2026-01-27 20:31:48+00:00,0,,,demo
TX0001603,ACC00149,ACC00025,198.41,2026-01-27 21:06:08+00:00,0,,,demo
TX0001644,ACC00114,ACC00033,159.36,2026-01-27 21:12:28+00:00,0,,,demo
TX0001633,ACC00143,ACC00141,740.17,2026-01-27 22:03:01+00:00,0,,,demo
TX0001643,ACC00017,ACC00051,79.06,2026-01-27 22:21:42+00:00,0,,,demo
TX0001634,ACC00064,ACC00025,88.51,2026-01-27 22:39:34+00:00,0,,,demo
TX0001635,ACC00119,ACC00027,556.72,2026-01-27 22:40:22+00:00,0,,,demo
TX0001606,ACC00146,ACC00016,18.01,2026-01-27 22:58:02+00:00,0,,,demo
TX0001670,ACC00047,ACC00007,553.65,2026-01-28 00:23:45+00:00,0,,,demo
TX0001684,ACC00008,ACC00091,115.46,2026-01-28 00:36:04+00:00,0,,,demo
TX0001686,ACC00037,ACC00145,304.21,2026-01-28 00:44:38+00:00,0,,,demo
TX0001714,ACC00009,ACC00047,65.9,2026-01-28 00:45:29+00:00,0,,,demo
TX0001665,ACC00092,ACC00123,124.93,2026-01-28 01:11:21+00:00,0,,,demo
TX0001700,ACC00135,ACC00094,178.11,2026-01-28 01:50:31+00:00,0,,,demo
TX0001687,ACC00049,ACC00127,225.75,2026-01-28 02:46:12+00:00,0,,,demo
TX0001656,ACC00063,ACC00076,13.24,2026-01-28 02:52:01+00:00,0,,,demo
TX0001678,ACC00069,ACC00137,193.63,2026-01-28 04:09:01+00:00,0,,,demo
TX0001671,ACC00082,ACC00057,37.29,2026-01-28 04:11:25+00:00,0,,,demo
TX0001722,ACC00115,ACC00003,378.04,2026-01-28 04:44:23+00:00,0,,,demo
TX0001703,ACC00087,ACC00078,52.35,2026-01-28 04:48:14+00:00,0,,,demo
TX0001716,ACC00145,ACC00027,148.38,2026-01-28 05:34:53+00:00,0,,,demo
TX0001663,ACC00064,ACC00140,91.48,2026-01-28 07:00:13+00:00,0,,,demo
TX0001721,ACC00023,ACC00086,11.03,2026-01-28 07:11:39+00:00,0,,,demo
TX0001717,ACC00128,ACC00037,16.79,2026-01-28 07:15:50+00:00,0,,,demo
TX0001719,ACC00061,ACC00089,11.19,2026-01-28 07:28:33+00:00,0,,,demo
TX0001657,ACC00128,ACC00106,25.55,2026-01-28 07:36:41+00:00,0,,,demo
TX0001689,ACC00045,ACC00126,222.57,2026-01-28 07:45:18+00:00,0,,,demo
TX0001676,ACC00041,ACC00026,89.81,2026-01-28 08:09:12+00:00,0,,,demo
TX0001699,ACC00037,ACC00029,14.87,2026-01-28 08:31:11+00:00,0,,,demo
TX0001695,ACC00052,ACC00034,378.42,2026-01-28 08:53:01+00:00,0,,,demo
TX0001690,ACC00010,ACC00024,49.33,2026-01-28 09:30:20+00:00,0,,,demo
TX0001661,ACC00036,ACC00108,57.94,2026-01-28 09:33:40+00:00,0,,,demo
TX0001677,ACC00064,ACC00062,203.43,2026-01-28 10:39:47+00:00,0,,,demo
TX0001702,ACC00102,ACC00026,265.7,2026-01-28 10:41:10+00:00,0,,,demo
TX0001704,ACC00083,ACC00035,154.81,2026-01-28 10:49:34+00:00,0,,,demo
TX0001691,ACC00015,ACC00060,496.1,2026-01-28 11:00:22+00:00,0,,,demo
TX0001713,ACC00101,ACC00146,86.01,2026-01-28 11:46:27+00:00,0,,,demo
TX0001674,ACC00136,ACC00092,100.19,2026-01-28 12:14:01+00:00,0,,,demo
TX0001675,ACC00150,ACC00060,210.18,2026-01-28 12:28:12+00:00,0,,,demo
TX0001669,ACC00100,ACC00070,192.9,2026-01-28 12:38:19+00:00,0,,,demo
TX0001667,ACC00089,ACC00145,93.36,2026-01-28 12:55:04+00:00,0,,,demo
TX0001680,ACC00148,ACC00100,821.1,2026-01-28 13:02:22+00:00,0,,,demo
TX0001696,ACC00088,ACC00046,16.26,2026-01-28 13:05:06+00:00,0,,,demo
TX0001660,ACC00072,ACC00099,41.51,2026-01-28 13:10:00+00:00,0,,,demo
TX0001679,ACC00015,ACC00057,42.01,2026-01-28 13:12:12+00:00,0,,,demo
TX0001694,ACC00001,ACC00085,91.01,2026-01-28 13:22:55+00:00,0,,,demo
TX0001662,ACC00052,ACC00135,174.5,2026-01-28 13:31:10+00:00,0,,,demo
TX0001651,ACC00110,ACC00045,60.15,2026-01-28 14:22:24+00:00,0,,,demo
TX0001701,ACC00019,ACC00096,83.93,2026-01-28 14:26:52+00:00,0,,,demo
TX0001668,ACC00129,ACC00083,111.24,2026-01-28 14:53:01+00:00,0,,,demo
TX0001705,ACC00041,ACC00112,114.97,2026-01-28 15:17:39+00:00,0,,,demo
TX0001654,ACC00072,ACC00115,243.7,2026-01-28 15:24:56+00:00,0,,,demo
TX0001692,ACC00057,ACC00006,201.32,2026-01-28 15:43:11+00:00,0,,,demo
TX0001693,ACC00135,ACC00123,101.87,2026-01-28 15:48:26+00:00,0,,,demo
TX0001712,ACC00001,ACC00147,197.84,2026-01-28 16:01:03+00:00,0,,,demo
TX0001707,ACC00045,ACC00144,256.12,2026-01-28 17:35:36+00:00,0,,,demo
TX0001688,ACC00139,ACC00080,128.87,2026-01-28 17:55:17+00:00,0,,,demo
TX0001681,ACC00091,ACC00045,79.67,2026-01-28 18:11:58+00:00,0,,,demo
TX0001720,ACC00082,ACC00043,61.56,2026-01-28 18:32:58+00:00,0,,,demo
TX0001653,ACC00048,ACC00071,59.71,2026-01-28 18:44:05+00:00,0,,,demo
TX0001672,ACC00008,ACC00072,86.85,2026-01-28 18:45:18+00:00,0,,,demo
TX0001697,ACC00083,ACC00016,72.58,2026-01-28 19:13:31+00:00,0,,,demo
TX0001715,ACC00082,ACC00057,679.01,2026-01-28 19:17:25+00:00,0,,,demo
TX0001673,ACC00015,ACC00121,81.43,2026-01-28 19:22:05+00:00,0,,,demo
TX0001650,ACC00008,ACC00098,52.72,2026-01-28 19:53:58+00:00,0,,,demo
TX0001711,ACC00033,ACC00046,135.33,2026-01-28 20:04:34+00:00,0,,,demo
TX0001658,ACC00141,ACC00123,77.12,2026-01-28 20:04:45+00:00,0,,,demo
TX0001698,ACC00006,ACC00038,72.69,2026-01-28 20:36:54+00:00,0,,,demo
TX0001655,ACC00039,ACC00009,49.18,2026-01-28 20:55:51+00:00,0,,,demo
TX0001685,ACC00146,ACC00145,246.82,2026-01-28 20:56:59+00:00,0,,,demo
TX0001718,ACC00085,ACC00020,58.34,2026-01-28 21:16:46+00:00,0,,,demo
TX0001706,ACC00125,ACC00082,75.57,2026-01-28 21:26:06+00:00,0,,,demo
TX0001666,ACC00140,ACC00125,36.32,2026-01-28 21:39:35+00:00,0,,,demo
TX0001664,ACC00005,ACC00098,58.37,2026-01-28 21:53:34+00:00,0,,,demo
TX0001708,ACC00092,ACC00058,17.78,2026-01-28 21:55:10+00:00,0,,,demo
TX0001659,ACC00016,ACC00023,27.42,2026-01-28 21:57:08+00:00,0,,,demo
TX0001709,ACC00045,ACC00097,166.41,2026-01-28 22:28:53+00:00,0,,,demo
TX0001652,ACC00091,ACC00055,39.35,2026-01-28 22:34:06+00:00,0,,,demo
TX0001710,ACC00079,ACC00076,145.51,2026-01-28 22:37:12+00:00,0,,,demo
TX0001682,ACC00046,ACC00061,52.04,2026-01-28 22:48:00+00:00,0,,,demo
TX0001683,ACC00082,ACC00092,308.55,2026-01-28 23:49:08+00:00,0,,,demo
TX0001776,ACC00022,ACC00089,72.68,2026-01-29 00:46:18+00:00,0,,,demo
TX0001729,ACC00106,ACC00127,14.74,2026-01-29 01:26:03+00:00,0,,,demo
TX0001763,ACC00030,ACC00079,472.19,2026-01-29 01:34:59+00:00,0,,,demo
TX0001756,ACC00093,ACC00001,23.79,2026-01-29 01:40:58+00:00,0,,,demo
TX0001750,ACC00068,ACC00073,52.26,2026-01-29 02:32:34+00:00,0,,,demo
TX0001761,ACC00044,ACC00075,89.34,2026-01-29 02:55:02+00:00,0,,,demo
TX0001727,ACC00099,ACC00113,35.11,2026-01-29 03:34:55+00:00,0,,,demo
TX0001766,ACC00024,ACC00140,51.83,2026-01-29 03:41:02+00:00,0,,,demo
TX0001743,ACC00124,ACC00008,168.04,2026-01-29 04:04:39+00:00,0,,,demo
TX0001769,ACC00095,ACC00048,39.77,2026-01-29 04:05:56+00:00,0,,,demo
TX0001753,ACC00101,ACC00147,292.64,2026-01-29 04:23:48+00:00,0,,,demo
TX0001736,ACC00076,ACC00006,355.08,2026-01-29 05:01:22+00:00,0,,,demo
TX0001726,ACC00001,ACC00013,279.66,2026-01-29 05:28:49+00:00,0,,,demo
TX0001745,ACC00112,ACC00041,144.0,2026-01-29 05:37:05+00:00,0,,,demo
TX0001770,ACC00115,ACC00012,98.51,2026-01-29 06:07:23+00:00,0,,,demo
TX0001765,ACC00126,ACC00068,418.78,2026-01-29 06:33:13+00:00,0,,,demo
TX0001739,ACC00088,ACC00044,126.45,2026-01-29 06:53:02+00:00,0,,,demo
TX0001730,ACC00097,ACC00090,873.92,2026-01-29 06:55:31+00:00,0,,,demo
TX0001757,ACC00110,ACC00023,16.98,2026-01-29 07:14:35+00:00,0,,,demo
TX0001741,ACC00020,ACC00141,97.78,2026-01-29 08:08:39+00:00,0,,,demo
TX0001764,ACC00102,ACC00121,45.46,2026-01-29 08:11:35+00:00,0,,,demo
TX0001725,ACC00066,ACC00028,339.73,2026-01-29 08:25:27+00:00,0,,,demo
TX0001772,ACC00120,ACC00068,90.5,2026-01-29 09:09:05+00:00,0,,,demo
TX0001771,ACC00068,ACC00113,33.57,2026-01-29 09:19:39+00:00,0,,,demo
TX0001752,ACC00025,ACC00013,110.47,2026-01-29 09:31:02+00:00,0,,,demo
TX0001728,ACC00108,ACC00043,139.7,2026-01-29 10:08:24+00:00,0,,,demo
TX0001760,ACC00007,ACC00053,45.65,2026-01-29 11:19:31+00:00,0,,,demo
TX0001762,ACC00021,ACC00122,41.63,2026-01-29 11:19:53+00:00,0,,,demo
TX0001754,ACC00141,ACC00126,33.35,2026-01-29 11:47:55+00:00,0,,,demo
TX0001773,ACC00058,ACC00069,281.52,2026-01-29 11:54:16+00:00,0,,,demo
TX0001732,ACC00026,ACC00123,108.08,2026-01-29 11:55:03+00:00,0,,,demo
TX0001759,ACC00052,ACC00025,60.81,2026-01-29 11:56:53+00:00,0,,,demo
TX0001734,ACC00042,ACC00116,39.81,2026-01-29 12:30:12+00:00,0,,,demo
TX0001749,ACC00142,ACC00139,13.28,2026-01-29 12:53:46+00:00,0,,,demo
TX0001775,ACC00039,ACC00025,301.09,2026-01-29 13:02:03+00:00,0,,,demo
TX0001731,ACC00140,ACC00097,170.7,2026-01-29 14:07:50+00:00,0,,,demo
TX0001755,ACC00040,ACC00014,73.96,2026-01-29 14:34:38+00:00,0,,,demo
TX0001758,ACC00076,ACC00123,49.26,2026-01-29 14:44:34+00:00,0,,,demo
TX0001735,ACC00019,ACC00009,34.34,2026-01-29 14:45:49+00:00,0,,,demo
TX0001778,ACC00059,ACC00142,162.17,2026-01-29 16:31:48+00:00,0,,,demo
TX0001751,ACC00077,ACC00061,369.19,2026-01-29 16:33:06+00:00,0,,,demo
TX0001733,ACC00148,ACC00058,83.66,2026-01-29 16:46:29+00:00,0,,,demo
TX0001737,ACC00082,ACC00067,33.41,2026-01-29 17:06:58+00:00,0,,,demo
TX0001738,ACC00027,ACC00019,82.52,2026-01-29 17:11:56+00:00,0,,,demo
TX0001742,ACC00024,ACC00087,122.66,2026-01-29 17:30:21+00:00,0,,,demo
TX0001779,ACC00016,ACC00100,82.44,2026-01-29 17:31:59+00:00,0,,,demo
TX0001768,ACC00095,ACC00098,390.02,2026-01-29 17:44:24+00:00,0,,,demo
TX0001767,ACC00100,ACC00048,77.08,2026-01-29 18:48:28+00:00,0,,,demo
TX0001780,ACC00134,ACC00108,34.58,2026-01-29 19:29:42+00:00,0,,,demo
TX0001746,ACC00014,ACC00026,18.03,2026-01-29 19:32:02+00:00,0,,,demo
TX0001744,ACC00111,ACC00043,779.5,2026-01-29 20:18:44+00:00,0,,,demo
TX0001777,ACC00139,ACC00106,174.91,2026-01-29 20:26:08+00:00,0,,,demo
TX0001740,ACC00097,ACC00042,243.31,2026-01-29 20:42:36+00:00,0,,,demo
TX0001774,ACC00145,ACC00016,179.05,2026-01-29 20:59:47+00:00,0,,,demo
TX0001724,ACC00018,ACC00090,94.26,2026-01-29 21:39:05+00:00,0,,,demo
TX0001747,ACC00085,ACC00053,39.54,2026-01-29 21:51:54+00:00,0,,,demo
TX0001723,ACC00054,ACC00064,399.46,2026-01-29 21:56:01+00:00,0,,,demo
TX0001748,ACC00049,ACC00105,119.93,2026-01-29 22:14:48+00:00,0,,,demo
TX0001798,ACC00084,ACC00071,46.72,2026-01-30 00:03:54+00:00,0,,,demo
TX0001790,ACC00050,ACC00033,34.79,2026-01-30 00:17:29+00:00,0,,,demo
TX0001854,ACC00069,ACC00105,17.83,2026-01-30 00:40:45+00:00,0,,,demo
TX0001799,ACC00134,ACC00118,179.66,2026-01-30 00:48:51+00:00,0,,,demo
TX0001811,ACC00010,ACC00045,325.98,2026-01-30 00:50:31+00:00,0,,,demo
TX0001846,ACC00142,ACC00090,172.01,2026-01-30 01:28:17+00:00,0,,,demo
TX0001803,ACC00038,ACC00146,430.86,2026-01-30 02:14:20+00:00,0,,,demo
TX0001829,ACC00015,ACC00132,96.31,2026-01-30 02:26:09+00:00,0,,,demo
TX0001832,ACC00104,ACC00035,107.31,2026-01-30 02:28:47+00:00,0,,,demo
TX0001796,ACC00100,ACC00143,60.37,2026-01-30 03:16:48+00:00,0,,,demo
TX0001794,ACC00067,ACC00082,21.57,2026-01-30 04:01:50+00:00,0,,,demo
TX0001806,ACC00026,ACC00074,72.13,2026-01-30 04:11:58+00:00,0,,,demo
TX0001802,ACC00107,ACC00039,129.73,2026-01-30 04:21:24+00:00,0,,,demo
TX0001850,ACC00099,ACC00013,56.27,2026-01-30 04:24:41+00:00,0,,,demo
TX0001851,ACC00042,ACC00147,76.19,2026-01-30 04:49:30+00:00,0,,,demo
TX0001834,ACC00008,ACC00045,107.73,2026-01-30 05:11:57+00:00,0,,,demo
TX0001825,ACC00023,ACC00049,80.37,2026-01-30 05:15:07+00:00,0,,,demo
TX0001839,ACC00051,ACC00071,27.95,2026-01-30 05:22:27+00:00,0,,,demo
TX0001788,ACC00115,ACC00045,88.17,2026-01-30 05:26:01+00:00,0,,,demo
TX0001848,ACC00067,ACC00024,249.51,2026-01-30 05:52:28+00:00,0,,,demo
TX0001786,ACC00133,ACC00147,105.9,2026-01-30 05:59:32+00:00,0,,,demo
TX0001830,ACC00041,ACC00017,105.84,2026-01-30 06:14:02+00:00,0,,,demo
TX0001847,ACC00089,ACC00042,39.19,2026-01-30 06:39:37+00:00,0,,,demo
TX0001785,ACC00129,ACC00147,31.27,2026-01-30 07:13:02+00:00,0,,,demo
TX0001795,ACC00018,ACC00023,58.99,2026-01-30 07:23:17+00:00,0,,,demo
TX0001833,ACC00135,ACC00146,326.99,2026-01-30 07:32:32+00:00,0,,,demo
TX0001820,ACC00072,ACC00126,207.55,2026-01-30 07:34:42+00:00,0,,,demo
TX0001800,ACC00004,ACC00134,56.58,2026-01-30 08:01:06+00:00,0,,,demo
TX0001828,ACC00133,ACC00096,78.15,2026-01-30 08:30:48+00:00,0,,,demo
TX0001789,ACC00043,ACC00055,50.1,2026-01-30 09:41:59+00:00,0,,,demo
TX0001793,ACC00052,ACC00038,44.7,2026-01-30 10:16:54+00:00,0,,,demo
TX0001817,ACC00069,ACC00096,104.13,2026-01-30 10:29:00+00:00,0,,,demo
TX0001853,ACC00058,ACC00053,133.15,2026-01-30 10:39:34+00:00,0,,,demo
TX0001822,ACC00035,ACC00077,75.47,2026-01-30 10:41:11+00:00,0,,,demo
TX0001807,ACC00138,ACC00089,243.63,2026-01-30 11:22:19+00:00,0,,,demo
TX0001810,ACC00147,ACC00122,70.83,2026-01-30 11:55:43+00:00,0,,,demo
TX0001821,ACC00026,ACC00059,294.75,2026-01-30 12:08:01+00:00,0,,,demo
TX0001781,ACC00122,ACC00147,382.63,2026-01-30 12:11:07+00:00,0,,,demo
TX0001815,ACC00085,ACC00061,364.72,2026-01-30 12:12:29+00:00,0,,,demo
TX0001841,ACC00130,ACC00102,56.69,2026-01-30 12:40:01+00:00,0,,,demo
TX0001805,ACC00028,ACC00145,141.74,2026-01-30 12:48:20+00:00,0,,,demo
TX0001837,ACC00009,ACC00117,75.98,2026-01-30 12:56:10+00:00,0,,,demo
TX0001836,ACC00015,ACC00064,36.42,2026-01-30 12:56:24+00:00,0,,,demo
TX0001783,ACC00077,ACC00021,53.86,2026-01-30 13:24:08+00:00,0,,,demo
TX0001813,ACC00037,ACC00103,32.07,2026-01-30 13:36:50+00:00,0,,,demo
TX0001804,ACC00150,ACC00026,15.28,2026-01-30 13:48:25+00:00,0,,,demo
TX0001819,ACC00078,ACC00080,212.13,2026-01-30 14:05:58+00:00,0,,,demo
TX0001856,ACC00003,ACC00122,27.18,2026-01-30 14:19:17+00:00,0,,,demo
TX0001827,ACC00105,ACC00125,83.53,2026-01-30 14:27:17+00:00,0,,,demo
TX0001845,ACC00046,ACC00122,362.15,2026-01-30 14:36:37+00:00,0,,,demo
TX0001842,ACC00032,ACC00008,60.17,2026-01-30 15:02:32+00:00,0,,,demo
TX0001784,ACC00102,ACC00009,985.03,2026-01-30 15:25:38+00:00,0,,,demo
TX0001818,ACC00006,ACC00087,38.02,2026-01-30 15:40:01+00:00,0,,,demo
TX0001816,ACC00013,ACC00122,147.71,2026-01-30 16:45:44+00:00,0,,,demo
TX0001835,ACC00050,ACC00052,50.13,2026-01-30 17:07:24+00:00,0,,,demo
TX0001812,ACC00071,ACC00104,25.04,2026-01-30 17:22:34+00:00,0,,,demo
TX0001843,ACC00062,ACC00096,35.01,2026-01-30 18:04:35+00:00,0,,,demo
TX0001855,ACC00132,ACC00006,100.87,2026-01-30 18:23:51+00:00,0,,,demo
TX0001844,ACC00126,ACC00115,1051.78,2026-01-30 18:29:22+00:00,0,,,demo
TX0001809,ACC00099,ACC00125,103.67,2026-01-30 18:29:58+00:00,0,,,demo
TX0001808,ACC00106,ACC00068,20.38,2026-01-30 18:47:10+00:00,0,,,demo
TX0001831,ACC00080,ACC00130,254.52,2026-01-30 18:53:37+00:00,0,,,demo
TX0001849,ACC00073,ACC00008,287.18,2026-01-30 19:08:04+00:00,0,,,demo
TX0001801,ACC00108,ACC00029,146.23,2026-01-30 19:11:09+00:00,0,,,demo
TX0001792,ACC00021,ACC00112,32.84,2026-01-30 19:22:43+00:00,0,,,demo
TX0001823,ACC00114,ACC00083,134.33,2026-01-30 19:35:37+00:00,0,,,demo
TX0001838,ACC00013,ACC00093,25.42,2026-01-30 20:03:38+00:00,0,,,demo
TX0001852,ACC00055,ACC00057,31.44,2026-01-30 20:57:28+00:00,0,,,demo
TX0001814,ACC00010,ACC00102,62.44,2026-01-30 21:10:11+00:00,0,,,demo
TX0001826,ACC00114,ACC00055,182.46,2026-01-30 21:17:53+00:00,0,,,demo
TX0001782,ACC00061,ACC00122,464.22,2026-01-30 21:25:10+00:00,0,,,demo
TX0001797,ACC00102,ACC00142,68.62,2026-01-30 21:34:18+00:00,0,,,demo
TX0001791,ACC00011,ACC00109,75.19,2026-01-30 22:08:34+00:00,0,,,demo
TX0001787,ACC00038,ACC00031,325.9,2026-01-30 23:04:35+00:00,0,,,demo
TX0001840,ACC00095,ACC00119,506.45,2026-01-30 23:43:21+00:00,0,,,demo
TX0001824,ACC00069,ACC00107,121.79,2026-01-30 23:47:02+00:00,0,,,demo
