candidate_id,n_accounts,pattern_count,pattern_diversity,pattern_persistence_windows,n_consecutive_suspicious_windows,first_suspicious_pattern,latest_suspicious_pattern,pattern_transitions,n_transitions,pattern_escalation_steps,pattern_combination_score,has_structural_sequence,window_span
TRAJ0001,15,6,2,2,2,fan_in,fan_in,"['fan_in->fan_in', 'fan_in->fan_in', 'fan_in->fan_in']",3,1,1.5,True,"[0, 10]"
TRAJ0002,12,4,2,3,3,fan_in,fan_in,"['fan_in->fan_in', 'fan_in->fan_in']",2,1,1.5,True,"[0, 7]"
TRAJ0003,14,3,1,2,2,fan_in,fan_in,"['fan_in->fan_in', 'fan_in->fan_in']",2,0,1.0,True,"[0, 7]"
TRAJ0004,8,2,1,1,1,fan_in,fan_in,['fan_in->fan_in'],1,0,1.0,True,"[0, 7]"
TRAJ0005,29,6,2,3,3,fan_in,fan_in,"['fan_in->fan_in', 'fan_in->fan_in', 'fan_in->fan_in', 'fan_in->fan_in']",4,1,1.5,True,"[0, 7]"
TRAJ0006,30,6,2,5,5,fan_in,fan_in,"['fan_in->fan_in', 'fan_in->fan_in', 'fan_in->fan_in', 'fan_in->fan_in']",4,1,1.5,True,"[0, 7]"
TRAJ0007,9,3,2,2,2,fan_in,fan_in,['fan_in->fan_in'],1,1,1.5,True,"[0, 7]"
TRAJ0008,25,6,2,4,4,fan_in,fan_in,"['fan_in->fan_in', 'fan_in->fan_in', 'fan_in->fan_in']",3,1,1.5,True,"[0, 8]"
TRAJ0009,13,2,1,1,1,fan_in,fan_in,['fan_in->fan_in'],1,0,1.0,True,"[0, 7]"
TRAJ0010,11,4,2,1,1,fan_in,rapid_pass_through,['fan_in->fan_in'],1,1,1.5,True,"[0, 9]"
TRAJ0011,15,5,2,2,2,fan_in,rapid_pass_through,"['fan_in->fan_in', 'fan_in->fan_in']",2,1,1.5,True,"[0, 9]"
TRAJ0012,13,4,2,2,2,fan_in,fan_in,['fan_in->fan_in'],1,1,1.5,True,"[0, 8]"
TRAJ0013,10,4,2,1,1,fan_in,rapid_pass_through,['fan_in->fan_in'],1,1,1.5,True,"[0, 9]"
TRAJ0014,10,4,2,2,2,fan_in,rapid_pass_through,['fan_in->fan_in'],1,1,1.5,True,"[0, 15]"
TRAJ0015,8,3,2,2,2,fan_in,fan_in,['fan_in->fan_in'],1,1,1.5,True,"[0, 3]"
TRAJ0016,14,5,4,2,2,layering,rapid_pass_through,"['layering->fan_in', 'fan_in->circular_flow', 'circular_flow->fan_in']",3,3,6.5,True,"[1, 9]"
TRAJ0017,10,4,2,1,1,rapid_pass_through,rapid_pass_through,['fan_in->fan_in'],1,1,1.5,True,"[2, 16]"
TRAJ0018,17,4,2,1,1,rapid_pass_through,fan_in,"['fan_in->fan_in', 'fan_in->fan_in']",2,1,1.5,True,"[1, 15]"
TRAJ0019,11,5,2,1,1,rapid_pass_through,rapid_pass_through,['fan_in->fan_in'],1,1,1.5,True,"[0, 14]"
TRAJ0020,8,3,2,1,1,fan_in,fan_in,['fan_in->fan_in'],1,1,1.5,True,"[1, 8]"
TRAJ0021,29,8,2,2,2,fan_in,rapid_pass_through,"['fan_in->fan_in', 'fan_in->fan_in', 'fan_in->fan_in', 'fan_in->fan_in', 'fan_in->fan_in']",5,1,1.5,True,"[1, 13]"
TRAJ0022,10,2,1,1,1,fan_in,fan_in,['fan_in->fan_in'],1,0,1.0,True,"[1, 8]"
TRAJ0023,8,2,1,1,1,fan_in,fan_in,['fan_in->fan_in'],1,0,1.0,True,"[1, 11]"
TRAJ0024,18,4,1,1,1,fan_in,fan_in,"['fan_in->fan_in', 'fan_in->fan_in', 'fan_in->fan_in']",3,0,1.0,True,"[1, 10]"
TRAJ0025,18,4,2,1,1,fan_in,fan_in,"['fan_in->fan_in', 'fan_in->fan_in']",2,1,1.5,True,"[1, 8]"
TRAJ0026,15,3,1,1,1,fan_in,fan_in,"['fan_in->fan_in', 'fan_in->fan_in']",2,0,1.0,True,"[1, 11]"
TRAJ0027,9,4,2,1,1,fan_in,rapid_pass_through,['fan_in->fan_in'],1,1,1.5,True,"[1, 10]"
TRAJ0028,16,2,1,1,1,fan_in,fan_in,['fan_in->fan_in'],1,0,1.0,True,"[1, 8]"
TRAJ0029,9,2,1,1,1,fan_in,fan_in,['fan_in->fan_in'],1,0,1.0,True,"[1, 8]"
TRAJ0030,8,2,1,1,1,fan_in,fan_in,['fan_in->fan_in'],1,0,1.0,True,"[1, 11]"
TRAJ0031,7,2,1,1,1,fan_in,fan_in,['fan_in->fan_in'],1,0,1.0,True,"[1, 8]"
TRAJ0032,8,2,1,1,1,fan_in,fan_in,['fan_in->fan_in'],1,0,1.0,True,"[1, 8]"
TRAJ0033,16,6,2,2,2,fan_in,rapid_pass_through,"['fan_in->fan_in', 'fan_in->fan_in', 'fan_in->fan_in']",3,1,1.5,True,"[1, 12]"
TRAJ0034,5,2,1,1,1,fan_in,fan_in,['fan_in->fan_in'],1,0,1.0,True,"[1, 8]"
TRAJ0035,11,3,1,1,1,fan_in,fan_in,"['fan_in->fan_in', 'fan_in->fan_in']",2,0,1.0,True,"[1, 10]"
TRAJ0036,13,6,3,1,1,fan_in,rapid_pass_through,"['fan_in->fan_in', 'fan_in->circular_flow', 'circular_flow->fan_in']",3,2,4.5,True,"[1, 15]"
TRAJ0037,9,3,2,1,1,fan_in,rapid_pass_through,['fan_in->fan_in'],1,1,1.5,True,"[1, 13]"
TRAJ0038,10,4,2,1,1,fan_in,rapid_pass_through,['fan_in->fan_in'],1,1,1.5,True,"[1, 10]"
TRAJ0039,8,4,2,1,1,fan_in,rapid_pass_through,['fan_in->fan_in'],1,1,1.5,True,"[2, 11]"
TRAJ0040,11,3,1,1,1,fan_in,fan_in,"['fan_in->fan_in', 'fan_in->fan_in']",2,0,1.0,True,"[2, 12]"
TRAJ0041,24,8,2,3,3,fan_in,fan_in,"['fan_in->fan_in', 'fan_in->fan_in', 'fan_in->fan_in', 'fan_in->fan_in', 'fan_in->fan_in']",5,1,1.5,True,"[2, 12]"
TRAJ0042,15,5,2,3,3,fan_in,fan_in,"['fan_in->fan_in', 'fan_in->fan_in']",2,1,1.5,True,"[2, 11]"
TRAJ0043,24,5,1,2,2,fan_in,fan_in,"['fan_in->fan_in', 'fan_in->fan_in', 'fan_in->fan_in', 'fan_in->fan_in']",4,0,1.0,True,"[2, 10]"
TRAJ0044,39,9,2,5,5,fan_in,fan_in,"['fan_in->fan_in', 'fan_in->fan_in', 'fan_in->fan_in', 'fan_in->fan_in', 'fan_in->fan_in', 'fan_in->fan_in']",6,1,1.5,True,"[2, 12]"
TRAJ0045,7,2,1,1,1,fan_in,fan_in,['fan_in->fan_in'],1,0,1.0,True,"[2, 9]"
TRAJ0046,10,2,1,1,1,fan_in,fan_in,['fan_in->fan_in'],1,0,1.0,True,"[2, 9]"
TRAJ0047,14,4,1,1,1,fan_in,fan_in,"['fan_in->fan_in', 'fan_in->fan_in', 'fan_in->fan_in']",3,0,1.0,True,"[2, 12]"
TRAJ0048,30,8,2,3,3,fan_in,rapid_pass_through,"['fan_in->fan_in', 'fan_in->fan_in', 'fan_in->fan_in', 'fan_in->fan_in', 'fan_in->fan_in']",5,1,1.5,True,"[2, 14]"
TRAJ0049,9,2,1,1,1,fan_in,fan_in,['fan_in->fan_in'],1,0,1.0,True,"[2, 9]"
TRAJ0050,15,4,1,2,2,fan_in,fan_in,"['fan_in->fan_in', 'fan_in->fan_in', 'fan_in->fan_in']",3,0,1.0,True,"[2, 10]"
TRAJ0051,14,4,1,1,1,fan_in,fan_in,"['fan_in->fan_in', 'fan_in->fan_in', 'fan_in->fan_in']",3,0,1.0,True,"[2, 11]"
TRAJ0052,6,2,1,1,1,fan_in,fan_in,['fan_in->fan_in'],1,0,1.0,True,"[2, 9]"
TRAJ0053,9,3,2,1,1,fan_in,layering,"['fan_in->fan_in', 'fan_in->layering']",2,1,3.0,True,"[2, 11]"
TRAJ0054,26,7,3,2,2,circular_flow,rapid_pass_through,"['circular_flow->fan_in', 'fan_in->fan_in', 'fan_in->fan_in', 'fan_in->fan_in']",4,2,4.5,True,"[3, 13]"
TRAJ0055,13,6,2,1,1,rapid_pass_through,rapid_pass_through,"['fan_in->fan_in', 'fan_in->fan_in']",2,1,1.5,True,"[4, 18]"
TRAJ0056,18,6,2,2,2,rapid_pass_through,rapid_pass_through,"['fan_in->fan_in', 'fan_in->fan_in', 'fan_in->fan_in']",3,1,1.5,True,"[4, 19]"
TRAJ0057,16,4,2,1,1,fan_in,rapid_pass_through,['fan_in->fan_in'],1,1,1.5,True,"[3, 12]"
TRAJ0058,7,2,1,1,1,fan_in,fan_in,['fan_in->fan_in'],1,0,1.0,True,"[3, 10]"
TRAJ0059,7,2,1,1,1,fan_in,fan_in,['fan_in->fan_in'],1,0,1.0,True,"[3, 10]"
TRAJ0060,9,2,1,1,1,fan_in,fan_in,['fan_in->fan_in'],1,0,1.0,True,"[3, 10]"
TRAJ0061,18,5,1,2,2,fan_in,fan_in,"['fan_in->fan_in', 'fan_in->fan_in', 'fan_in->fan_in', 'fan_in->fan_in']",4,0,1.0,True,"[3, 13]"
TRAJ0062,34,6,1,4,4,fan_in,fan_in,"['fan_in->fan_in', 'fan_in->fan_in', 'fan_in->fan_in', 'fan_in->fan_in', 'fan_in->fan_in']",5,0,1.0,True,"[4, 14]"
TRAJ0063,10,2,1,1,1,fan_in,fan_in,['fan_in->fan_in'],1,0,1.0,True,"[4, 11]"
TRAJ0064,15,5,2,1,1,fan_in,rapid_pass_through,"['fan_in->fan_in', 'fan_in->fan_in']",2,1,1.5,True,"[4, 15]"
TRAJ0065,9,2,1,1,1,fan_in,fan_in,['fan_in->fan_in'],1,0,1.0,True,"[4, 11]"
TRAJ0066,8,2,1,1,1,fan_in,fan_in,['fan_in->fan_in'],1,0,1.0,True,"[4, 11]"
TRAJ0067,7,2,1,1,1,fan_in,fan_in,['fan_in->fan_in'],1,0,1.0,True,"[5, 12]"
TRAJ0068,6,2,1,1,1,fan_in,fan_in,['fan_in->fan_in'],1,0,1.0,True,"[5, 12]"
TRAJ0069,20,7,2,4,4,fan_in,fan_in,"['fan_in->fan_in', 'fan_in->fan_in', 'fan_in->fan_in', 'fan_in->fan_in']",4,1,1.5,True,"[5, 15]"
TRAJ0070,13,3,1,2,2,fan_in,fan_in,"['fan_in->fan_in', 'fan_in->fan_in']",2,0,1.0,True,"[5, 13]"
TRAJ0071,10,2,1,1,1,fan_in,fan_in,['fan_in->fan_in'],1,0,1.0,True,"[5, 12]"
TRAJ0072,10,6,2,1,1,fan_in,rapid_pass_through,['fan_in->fan_in'],1,1,1.5,True,"[5, 21]"
TRAJ0073,15,4,2,1,1,fan_in,rapid_pass_through,"['fan_in->fan_in', 'fan_in->fan_in']",2,1,1.5,True,"[5, 16]"
TRAJ0074,7,2,1,1,1,fan_in,fan_in,['fan_in->fan_in'],1,0,1.0,True,"[5, 12]"
TRAJ0075,11,3,1,2,2,fan_in,fan_in,"['fan_in->fan_in', 'fan_in->fan_in']",2,0,1.0,True,"[5, 13]"
TRAJ0076,6,2,1,1,1,fan_in,fan_in,['fan_in->fan_in'],1,0,1.0,True,"[5, 12]"
TRAJ0077,9,2,1,1,1,fan_in,fan_in,['fan_in->fan_in'],1,0,1.0,True,"[6, 13]"
TRAJ0078,8,2,1,1,1,fan_in,fan_in,['fan_in->fan_in'],1,0,1.0,True,"[6, 13]"
TRAJ0079,19,6,2,3,3,fan_in,rapid_pass_through,"['fan_in->fan_in', 'fan_in->fan_in', 'fan_in->fan_in']",3,1,1.5,True,"[6, 15]"
TRAJ0080,15,3,1,1,1,fan_in,fan_in,"['fan_in->fan_in', 'fan_in->fan_in']",2,0,1.0,True,"[6, 16]"
TRAJ0081,14,3,1,1,1,fan_in,fan_in,"['fan_in->fan_in', 'fan_in->fan_in']",2,0,1.0,True,"[6, 16]"
TRAJ0082,14,4,2,1,1,fan_in,rapid_pass_through,['fan_in->fan_in'],1,1,1.5,True,"[6, 22]"
TRAJ0083,6,2,1,1,1,fan_in,fan_in,['fan_in->fan_in'],1,0,1.0,True,"[6, 13]"
TRAJ0084,6,2,1,1,1,fan_in,fan_in,['fan_in->fan_in'],1,0,1.0,True,"[6, 13]"
TRAJ0085,28,7,2,3,3,rapid_pass_through,fan_in,"['fan_in->fan_in', 'fan_in->fan_in', 'fan_in->fan_in', 'fan_in->fan_in']",4,1,1.5,True,"[7, 24]"
TRAJ0086,6,2,1,1,1,fan_in,fan_in,['fan_in->fan_in'],1,0,1.0,True,"[7, 14]"
TRAJ0087,15,3,1,2,2,fan_in,fan_in,"['fan_in->fan_in', 'fan_in->fan_in']",2,0,1.0,True,"[7, 15]"
TRAJ0088,15,4,1,1,1,fan_in,fan_in,"['fan_in->fan_in', 'fan_in->fan_in', 'fan_in->fan_in']",3,0,1.0,True,"[7, 17]"
TRAJ0089,10,3,1,2,2,fan_in,fan_in,"['fan_in->fan_in', 'fan_in->fan_in']",2,0,1.0,True,"[7, 15]"
TRAJ0090,10,3,1,1,1,fan_in,fan_in,"['fan_in->fan_in', 'fan_in->fan_in']",2,0,1.0,True,"[8, 15]"
TRAJ0091,34,5,1,4,4,fan_in,fan_in,"['fan_in->fan_in', 'fan_in->fan_in', 'fan_in->fan_in', 'fan_in->fan_in']",4,0,1.0,True,"[8, 16]"
TRAJ0092,13,4,2,2,2,fan_in,fan_in,"['fan_in->fan_in', 'fan_in->fan_in']",2,1,1.5,True,"[8, 15]"
TRAJ0093,11,6,3,2,2,rapid_pass_through,rapid_pass_through,['fan_in->repeated_intermediary'],1,2,3.5,True,"[10, 24]"
TRAJ0094,8,2,1,1,1,fan_in,fan_in,['fan_in->fan_in'],1,0,1.0,True,"[9, 16]"
TRAJ0095,10,2,1,1,1,fan_in,fan_in,['fan_in->fan_in'],1,0,1.0,True,"[9, 16]"
TRAJ0096,7,2,1,1,1,fan_in,fan_in,['fan_in->fan_in'],1,0,1.0,True,"[9, 16]"
TRAJ0097,26,8,2,3,3,rapid_pass_through,fan_in,"['fan_in->fan_in', 'fan_in->fan_in', 'fan_in->fan_in', 'fan_in->fan_in']",4,1,1.5,True,"[11, 27]"
TRAJ0098,6,2,1,1,1,fan_in,fan_in,['fan_in->fan_in'],1,0,1.0,True,"[10, 17]"
TRAJ0099,9,3,2,1,1,fan_in,rapid_pass_through,['fan_in->fan_in'],1,1,1.5,True,"[10, 23]"
TRAJ0100,21,5,2,1,1,rapid_pass_through,fan_in,"['fan_in->fan_in', 'fan_in->fan_in', 'fan_in->fan_in']",3,1,1.5,True,"[10, 26]"
TRAJ0101,9,2,1,1,1,fan_in,fan_in,['fan_in->fan_in'],1,0,1.0,True,"[11, 18]"
TRAJ0102,9,2,1,1,1,fan_in,fan_in,['fan_in->fan_in'],1,0,1.0,True,"[11, 18]"
TRAJ0103,13,5,2,1,1,rapid_pass_through,rapid_pass_through,['fan_in->fan_in'],1,1,1.5,True,"[13, 34]"
TRAJ0104,7,2,1,1,1,fan_in,fan_in,['fan_in->fan_in'],1,0,1.0,True,"[12, 19]"
TRAJ0105,7,2,1,1,1,fan_in,fan_in,['fan_in->fan_in'],1,0,1.0,True,"[12, 19]"
TRAJ0106,16,5,2,2,2,fan_in,rapid_pass_through,"['fan_in->fan_in', 'fan_in->fan_in']",2,1,1.5,True,"[12, 22]"
TRAJ0107,18,8,3,2,2,rapid_pass_through,rapid_pass_through,"['fan_in->fan_in', 'fan_in->repeated_intermediary', 'repeated_intermediary->fan_in']",3,2,3.5,True,"[14, 28]"
TRAJ0108,20,9,2,1,1,rapid_pass_through,rapid_pass_through,"['fan_in->fan_in', 'fan_in->fan_in']",2,1,1.5,True,"[14, 42]"
TRAJ0109,9,4,2,1,1,fan_in,rapid_pass_through,['fan_in->fan_in'],1,1,1.5,True,"[13, 22]"
TRAJ0110,11,2,1,1,1,fan_in,fan_in,['fan_in->fan_in'],1,0,1.0,True,"[13, 20]"
TRAJ0111,28,7,2,3,3,fan_in,rapid_pass_through,"['fan_in->fan_in', 'fan_in->fan_in', 'fan_in->fan_in', 'fan_in->fan_in']",4,1,1.5,True,"[13, 25]"
TRAJ0112,28,10,2,3,3,fan_in,fan_in,"['fan_in->layering', 'layering->layering', 'layering->layering', 'layering->fan_in', 'fan_in->fan_in', 'fan_in->fan_in', 'fan_in->fan_in', 'fan_in->fan_in', 'fan_in->fan_in']",9,1,3.0,True,"[13, 22]"
TRAJ0113,15,5,2,1,1,rapid_pass_through,fan_in,"['fan_in->fan_in', 'fan_in->fan_in']",2,1,1.5,True,"[15, 22]"
TRAJ0114,10,5,2,1,1,rapid_pass_through,rapid_pass_through,['fan_in->fan_in'],1,1,1.5,True,"[15, 29]"
TRAJ0115,11,4,2,1,1,fan_in,rapid_pass_through,['fan_in->fan_in'],1,1,1.5,True,"[14, 23]"
TRAJ0116,5,2,1,1,1,fan_in,fan_in,['fan_in->fan_in'],1,0,1.0,True,"[14, 21]"
TRAJ0117,13,3,1,2,2,fan_in,fan_in,"['fan_in->fan_in', 'fan_in->fan_in']",2,0,1.0,True,"[14, 21]"
TRAJ0118,23,4,1,1,1,fan_in,fan_in,"['fan_in->fan_in', 'fan_in->fan_in', 'fan_in->fan_in']",3,0,1.0,True,"[14, 23]"
TRAJ0119,13,2,1,1,1,fan_in,fan_in,['fan_in->fan_in'],1,0,1.0,True,"[15, 22]"
TRAJ0120,13,3,1,1,1,fan_in,fan_in,"['fan_in->fan_in', 'fan_in->fan_in']",2,0,1.0,True,"[15, 25]"
TRAJ0121,11,5,2,1,1,fan_in,rapid_pass_through,['fan_in->fan_in'],1,1,1.5,True,"[15, 33]"
TRAJ0122,18,3,1,1,1,fan_in,fan_in,"['fan_in->fan_in', 'fan_in->fan_in']",2,0,1.0,True,"[15, 22]"
TRAJ0123,11,2,1,1,1,fan_in,fan_in,['fan_in->fan_in'],1,0,1.0,True,"[15, 22]"
TRAJ0124,9,2,1,1,1,fan_in,fan_in,['fan_in->fan_in'],1,0,1.0,True,"[15, 22]"
TRAJ0125,20,5,1,2,2,fan_in,fan_in,"['fan_in->fan_in', 'fan_in->fan_in', 'fan_in->fan_in', 'fan_in->fan_in']",4,0,1.0,True,"[15, 23]"
TRAJ0126,8,2,1,1,1,fan_in,fan_in,['fan_in->fan_in'],1,0,1.0,True,"[15, 22]"
TRAJ0127,9,5,2,1,1,fan_in,rapid_pass_through,['fan_in->fan_in'],1,1,1.5,True,"[15, 30]"
TRAJ0128,8,4,2,1,1,fan_in,rapid_pass_through,['fan_in->fan_in'],1,1,1.5,True,"[16, 25]"
TRAJ0129,9,2,1,1,1,fan_in,fan_in,['fan_in->fan_in'],1,0,1.0,True,"[16, 23]"
TRAJ0130,21,7,2,1,1,fan_in,rapid_pass_through,"['fan_in->fan_in', 'fan_in->fan_in', 'fan_in->fan_in']",3,1,1.5,True,"[16, 30]"
TRAJ0131,19,6,2,3,3,fan_in,fan_in,"['fan_in->fan_in', 'fan_in->fan_in', 'fan_in->fan_in']",3,1,1.5,True,"[16, 25]"
TRAJ0132,21,4,1,2,2,fan_in,fan_in,"['fan_in->fan_in', 'fan_in->fan_in', 'fan_in->fan_in']",3,0,1.0,True,"[16, 24]"
TRAJ0133,21,5,1,2,2,fan_in,fan_in,"['fan_in->fan_in', 'fan_in->fan_in', 'fan_in->fan_in', 'fan_in->fan_in']",4,0,1.0,True,"[16, 24]"
TRAJ0134,11,3,1,2,2,fan_in,fan_in,"['fan_in->fan_in', 'fan_in->fan_in']",2,0,1.0,True,"[16, 24]"
TRAJ0135,33,7,2,3,3,rapid_pass_through,fan_in,"['fan_in->fan_in', 'fan_in->fan_in', 'fan_in->fan_in', 'fan_in->fan_in', 'fan_in->fan_in']",5,1,1.5,True,"[18, 28]"
TRAJ0136,9,4,3,1,1,circular_flow,fan_in,"['circular_flow->fan_in', 'fan_in->fan_in']",2,2,4.5,True,"[19, 26]"
TRAJ0137,12,5,2,1,1,rapid_pass_through,rapid_pass_through,['fan_in->fan_in'],1,1,1.5,True,"[18, 32]"
TRAJ0138,10,3,1,2,2,fan_in,fan_in,"['fan_in->fan_in', 'fan_in->fan_in']",2,0,1.0,True,"[17, 25]"
TRAJ0139,10,2,1,1,1,fan_in,fan_in,['fan_in->fan_in'],1,0,1.0,True,"[17, 24]"
TRAJ0140,18,4,2,1,1,fan_in,rapid_pass_through,['fan_in->fan_in'],1,1,1.5,True,"[17, 26]"
TRAJ0141,7,2,1,1,1,fan_in,fan_in,['fan_in->fan_in'],1,0,1.0,True,"[17, 24]"
TRAJ0142,7,2,1,1,1,fan_in,fan_in,['fan_in->fan_in'],1,0,1.0,True,"[17, 24]"
TRAJ0143,23,4,1,2,2,fan_in,fan_in,"['fan_in->fan_in', 'fan_in->fan_in', 'fan_in->fan_in']",3,0,1.0,True,"[17, 27]"
TRAJ0144,8,2,1,1,1,fan_in,fan_in,['fan_in->fan_in'],1,0,1.0,True,"[17, 24]"
TRAJ0145,7,2,1,1,1,fan_in,fan_in,['fan_in->fan_in'],1,0,1.0,True,"[17, 24]"
TRAJ0146,8,2,1,1,1,fan_in,fan_in,['fan_in->fan_in'],1,0,1.0,True,"[17, 24]"
TRAJ0147,7,2,1,1,1,fan_in,fan_in,['fan_in->fan_in'],1,0,1.0,True,"[17, 24]"
TRAJ0148,22,8,2,4,4,fan_in,fan_in,"['fan_in->fan_in', 'fan_in->fan_in', 'fan_in->fan_in', 'fan_in->layering', 'layering->fan_in', 'fan_in->fan_in', 'fan_in->fan_in']",7,1,3.0,True,"[17, 27]"
TRAJ0149,20,6,1,3,3,fan_in,fan_in,"['fan_in->fan_in', 'fan_in->fan_in', 'fan_in->fan_in', 'fan_in->fan_in', 'fan_in->fan_in']",5,0,1.0,True,"[17, 25]"
TRAJ0150,14,4,2,1,1,fan_in,rapid_pass_through,['fan_in->fan_in'],1,1,1.5,True,"[18, 27]"
TRAJ0151,14,4,1,1,1,fan_in,fan_in,"['fan_in->fan_in', 'fan_in->fan_in', 'fan_in->fan_in']",3,0,1.0,True,"[18, 27]"
TRAJ0152,10,2,1,1,1,fan_in,fan_in,['fan_in->fan_in'],1,0,1.0,True,"[18, 25]"
TRAJ0153,10,3,2,1,1,fan_in,rapid_pass_through,['fan_in->fan_in'],1,1,1.5,True,"[18, 32]"
TRAJ0154,23,9,2,4,4,fan_in,rapid_pass_through,"['fan_in->fan_in', 'fan_in->fan_in', 'fan_in->fan_in', 'fan_in->fan_in', 'fan_in->fan_in']",5,1,1.5,True,"[18, 34]"
TRAJ0155,11,3,1,1,1,fan_in,fan_in,"['fan_in->fan_in', 'fan_in->fan_in']",2,0,1.0,True,"[18, 27]"
TRAJ0156,5,2,1,1,1,fan_in,fan_in,['fan_in->fan_in'],1,0,1.0,True,"[18, 25]"
TRAJ0157,13,3,1,2,2,fan_in,fan_in,"['fan_in->fan_in', 'fan_in->fan_in']",2,0,1.0,True,"[18, 25]"
TRAJ0158,14,3,1,1,1,fan_in,fan_in,"['fan_in->fan_in', 'fan_in->fan_in']",2,0,1.0,True,"[18, 27]"
TRAJ0159,9,2,1,1,1,fan_in,fan_in,['fan_in->fan_in'],1,0,1.0,True,"[19, 26]"
TRAJ0160,9,4,2,1,1,fan_in,rapid_pass_through,['fan_in->fan_in'],1,1,1.5,True,"[19, 28]"
TRAJ0161,8,2,1,1,1,fan_in,fan_in,['fan_in->fan_in'],1,0,1.0,True,"[19, 26]"
TRAJ0162,12,3,1,2,2,fan_in,fan_in,"['fan_in->fan_in', 'fan_in->fan_in']",2,0,1.0,True,"[19, 27]"
TRAJ0163,8,2,1,1,1,fan_in,fan_in,['fan_in->fan_in'],1,0,1.0,True,"[19, 26]"
TRAJ0164,9,3,1,2,2,fan_in,fan_in,"['fan_in->fan_in', 'fan_in->fan_in']",2,0,1.0,True,"[19, 26]"
TRAJ0165,18,7,2,3,3,fan_in,rapid_pass_through,"['fan_in->fan_in', 'fan_in->fan_in', 'fan_in->fan_in']",3,1,1.5,True,"[19, 35]"
TRAJ0166,11,5,2,1,1,rapid_pass_through,rapid_pass_through,"['fan_in->fan_in', 'fan_in->fan_in']",2,1,1.5,True,"[20, 34]"
TRAJ0167,13,3,2,1,1,fan_in,rapid_pass_through,['fan_in->fan_in'],1,1,1.5,True,"[20, 29]"
TRAJ0168,11,3,1,1,1,fan_in,fan_in,"['fan_in->fan_in', 'fan_in->fan_in']",2,0,1.0,True,"[20, 27]"
TRAJ0169,8,2,1,1,1,fan_in,fan_in,['fan_in->fan_in'],1,0,1.0,True,"[20, 27]"
TRAJ0170,14,5,2,2,2,fan_in,rapid_pass_through,"['fan_in->fan_in', 'fan_in->fan_in']",2,1,1.5,True,"[20, 29]"
TRAJ0171,6,2,1,1,1,fan_in,fan_in,['fan_in->fan_in'],1,0,1.0,True,"[20, 27]"
TRAJ0172,8,2,1,1,1,fan_in,fan_in,['fan_in->fan_in'],1,0,1.0,True,"[21, 28]"
TRAJ0173,12,3,1,1,1,fan_in,fan_in,"['fan_in->fan_in', 'fan_in->fan_in']",2,0,1.0,True,"[21, 28]"
TRAJ0174,10,3,1,2,2,fan_in,fan_in,"['fan_in->fan_in', 'fan_in->fan_in']",2,0,1.0,True,"[21, 28]"
TRAJ0175,6,2,1,1,1,fan_in,fan_in,['fan_in->fan_in'],1,0,1.0,True,"[21, 28]"
TRAJ0176,16,4,1,1,1,fan_in,fan_in,"['fan_in->fan_in', 'fan_in->fan_in', 'fan_in->fan_in']",3,0,1.0,True,"[21, 31]"
TRAJ0177,9,2,1,1,1,fan_in,fan_in,['fan_in->fan_in'],1,0,1.0,True,"[21, 28]"
TRAJ0178,22,6,2,4,4,fan_in,fan_in,"['fan_in->fan_in', 'fan_in->fan_in', 'fan_in->fan_in']",3,1,1.5,True,"[21, 31]"
TRAJ0179,7,2,1,1,1,fan_in,fan_in,['fan_in->fan_in'],1,0,1.0,True,"[21, 28]"
TRAJ0180,6,2,1,1,1,fan_in,fan_in,['fan_in->fan_in'],1,0,1.0,True,"[21, 28]"
TRAJ0181,18,8,2,3,3,rapid_pass_through,rapid_pass_through,"['fan_in->fan_in', 'fan_in->fan_in', 'fan_in->fan_in', 'fan_in->fan_in']",4,1,1.5,True,"[23, 37]"
TRAJ0182,10,4,3,2,2,fan_in,rapid_pass_through,"['fan_in->circular_flow', 'circular_flow->fan_in']",2,2,4.5,True,"[22, 29]"
TRAJ0183,11,2,1,1,1,fan_in,fan_in,['fan_in->fan_in'],1,0,1.0,True,"[22, 29]"
TRAJ0184,19,3,1,1,1,fan_in,fan_in,"['fan_in->fan_in', 'fan_in->fan_in']",2,0,1.0,True,"[22, 31]"
TRAJ0185,12,4,1,1,1,fan_in,fan_in,"['fan_in->fan_in', 'fan_in->fan_in', 'fan_in->fan_in']",3,0,1.0,True,"[22, 31]"
TRAJ0186,7,2,1,1,1,fan_in,fan_in,['fan_in->fan_in'],1,0,1.0,True,"[22, 29]"
TRAJ0187,8,2,1,1,1,fan_in,fan_in,['fan_in->fan_in'],1,0,1.0,True,"[22, 29]"
TRAJ0188,9,3,2,1,1,fan_in,rapid_pass_through,['fan_in->fan_in'],1,1,1.5,True,"[22, 36]"
TRAJ0189,8,2,1,1,1,fan_in,fan_in,['fan_in->fan_in'],1,0,1.0,True,"[22, 29]"
TRAJ0190,9,2,1,1,1,fan_in,fan_in,['fan_in->fan_in'],1,0,1.0,True,"[23, 30]"
TRAJ0191,11,2,1,1,1,fan_in,fan_in,['fan_in->fan_in'],1,0,1.0,True,"[23, 30]"
TRAJ0192,12,5,2,3,3,fan_in,fan_in,"['fan_in->fan_in', 'fan_in->fan_in']",2,1,1.5,True,"[23, 32]"
TRAJ0193,11,3,1,1,1,fan_in,fan_in,"['fan_in->fan_in', 'fan_in->fan_in']",2,0,1.0,True,"[23, 32]"
TRAJ0194,7,2,1,1,1,fan_in,fan_in,['fan_in->fan_in'],1,0,1.0,True,"[23, 30]"
TRAJ0195,30,7,2,3,3,fan_in,fan_in,"['fan_in->fan_in', 'fan_in->fan_in', 'fan_in->fan_in', 'fan_in->fan_in', 'fan_in->fan_in']",5,1,1.5,True,"[24, 34]"
TRAJ0196,9,2,1,1,1,fan_in,fan_in,['fan_in->fan_in'],1,0,1.0,True,"[24, 31]"
TRAJ0197,17,4,1,3,3,fan_in,fan_in,"['fan_in->fan_in', 'fan_in->fan_in', 'fan_in->fan_in']",3,0,1.0,True,"[24, 33]"
TRAJ0198,30,7,2,4,4,rapid_pass_through,rapid_pass_through,"['fan_in->fan_in', 'fan_in->fan_in', 'fan_in->fan_in', 'fan_in->fan_in']",4,1,1.5,True,"[26, 44]"
TRAJ0199,9,2,1,1,1,fan_in,fan_in,['fan_in->fan_in'],1,0,1.0,True,"[25, 32]"
TRAJ0200,21,6,2,3,3,fan_in,fan_in,"['fan_in->fan_in', 'fan_in->fan_in', 'fan_in->fan_in', 'fan_in->fan_in']",4,1,1.5,True,"[25, 36]"
TRAJ0201,10,3,1,2,2,fan_in,fan_in,"['fan_in->fan_in', 'fan_in->fan_in']",2,0,1.0,True,"[26, 33]"
TRAJ0202,8,2,1,1,1,fan_in,fan_in,['fan_in->fan_in'],1,0,1.0,True,"[26, 33]"
TRAJ0203,9,2,1,1,1,fan_in,fan_in,['fan_in->fan_in'],1,0,1.0,True,"[26, 33]"
TRAJ0204,6,2,1,1,1,fan_in,fan_in,['fan_in->fan_in'],1,0,1.0,True,"[26, 33]"
TRAJ0205,12,3,2,2,2,layering,fan_in,"['layering->fan_in', 'fan_in->fan_in']",2,1,3.0,True,"[27, 34]"
TRAJ0206,17,7,3,3,3,rapid_pass_through,fan_in,"['circular_flow->fan_in', 'fan_in->fan_in', 'fan_in->fan_in']",3,2,4.5,True,"[28, 42]"
TRAJ0207,8,4,2,1,1,fan_in,rapid_pass_through,['fan_in->fan_in'],1,1,1.5,True,"[27, 36]"
TRAJ0208,14,5,2,2,2,fan_in,rapid_pass_through,"['fan_in->fan_in', 'fan_in->fan_in']",2,1,1.5,True,"[27, 36]"
TRAJ0209,9,2,1,1,1,fan_in,fan_in,['fan_in->fan_in'],1,0,1.0,True,"[27, 34]"
TRAJ0210,11,2,1,1,1,fan_in,fan_in,['fan_in->fan_in'],1,0,1.0,True,"[27, 34]"
TRAJ0211,25,9,2,2,2,rapid_pass_through,rapid_pass_through,"['fan_in->fan_in', 'fan_in->fan_in', 'fan_in->fan_in', 'fan_in->fan_in']",4,1,1.5,True,"[29, 47]"
TRAJ0212,15,5,2,2,2,fan_in,fan_in,"['fan_in->fan_in', 'fan_in->fan_in']",2,1,1.5,True,"[28, 38]"
TRAJ0213,7,2,1,1,1,fan_in,fan_in,['fan_in->fan_in'],1,0,1.0,True,"[28, 35]"
TRAJ0214,11,2,1,1,1,fan_in,fan_in,['fan_in->fan_in'],1,0,1.0,True,"[28, 35]"
TRAJ0215,16,4,1,1,1,fan_in,fan_in,"['fan_in->fan_in', 'fan_in->fan_in', 'fan_in->fan_in']",3,0,1.0,True,"[28, 37]"
TRAJ0216,9,2,1,1,1,fan_in,fan_in,['fan_in->fan_in'],1,0,1.0,True,"[28, 31]"
TRAJ0217,9,2,1,1,1,fan_in,fan_in,['fan_in->fan_in'],1,0,1.0,True,"[29, 36]"
TRAJ0218,10,2,1,1,1,fan_in,fan_in,['fan_in->fan_in'],1,0,1.0,True,"[29, 36]"
TRAJ0219,7,2,1,1,1,fan_in,fan_in,['fan_in->fan_in'],1,0,1.0,True,"[29, 32]"
TRAJ0220,9,2,1,1,1,fan_in,fan_in,['fan_in->fan_in'],1,0,1.0,True,"[29, 36]"
TRAJ0221,13,5,2,2,2,fan_in,fan_in,"['fan_in->fan_in', 'fan_in->fan_in']",2,1,1.5,True,"[29, 39]"
TRAJ0222,11,2,1,1,1,fan_in,fan_in,['fan_in->fan_in'],1,0,1.0,True,"[29, 36]"
TRAJ0223,13,3,1,2,2,fan_in,fan_in,"['fan_in->fan_in', 'fan_in->fan_in']",2,0,1.0,True,"[29, 37]"
TRAJ0224,16,6,2,2,2,fan_in,rapid_pass_through,"['fan_in->fan_in', 'fan_in->fan_in', 'fan_in->fan_in']",3,1,1.5,True,"[29, 40]"
TRAJ0225,13,4,2,1,1,fan_in,fan_in,"['fan_in->fan_in', 'fan_in->fan_in']",2,1,1.5,True,"[29, 36]"
TRAJ0226,9,2,1,1,1,fan_in,fan_in,['fan_in->fan_in'],1,0,1.0,True,"[29, 36]"
TRAJ0227,7,4,2,1,1,fan_in,rapid_pass_through,['fan_in->fan_in'],1,1,1.5,True,"[29, 38]"
TRAJ0228,7,4,2,1,1,fan_in,rapid_pass_through,['fan_in->fan_in'],1,1,1.5,True,"[30, 39]"
TRAJ0229,13,3,1,1,1,fan_in,fan_in,"['fan_in->fan_in', 'fan_in->fan_in']",2,0,1.0,True,"[30, 37]"
TRAJ0230,7,2,1,1,1,fan_in,fan_in,['fan_in->fan_in'],1,0,1.0,True,"[30, 37]"
TRAJ0231,29,11,3,4,4,fan_in,fan_in,"['fan_in->fan_in', 'fan_in->fan_in', 'fan_in->fan_in', 'fan_in->fan_in', 'fan_in->repeated_intermediary', 'repeated_intermediary->fan_in', 'fan_in->fan_in']",7,2,3.5,True,"[30, 39]"
TRAJ0232,13,3,1,2,2,fan_in,fan_in,"['fan_in->fan_in', 'fan_in->fan_in']",2,0,1.0,True,"[30, 37]"
TRAJ0233,22,6,1,2,2,fan_in,fan_in,"['fan_in->fan_in', 'fan_in->fan_in', 'fan_in->fan_in', 'fan_in->fan_in', 'fan_in->fan_in']",5,0,1.0,True,"[30, 40]"
TRAJ0234,10,5,2,1,1,fan_in,rapid_pass_through,['fan_in->fan_in'],1,1,1.5,True,"[30, 46]"
TRAJ0235,27,7,2,3,3,fan_in,fan_in,"['fan_in->fan_in', 'fan_in->fan_in', 'fan_in->fan_in', 'fan_in->fan_in']",4,1,1.5,True,"[30, 40]"
TRAJ0236,6,2,1,1,1,fan_in,fan_in,['fan_in->fan_in'],1,0,1.0,True,"[30, 37]"
TRAJ0237,13,4,2,1,1,fan_in,rapid_pass_through,['fan_in->fan_in'],1,1,1.5,True,"[31, 40]"
TRAJ0238,11,2,1,1,1,fan_in,fan_in,['fan_in->fan_in'],1,0,1.0,True,"[31, 38]"
TRAJ0239,7,2,1,1,1,fan_in,fan_in,['fan_in->fan_in'],1,0,1.0,True,"[31, 38]"
TRAJ0240,10,2,1,1,1,fan_in,fan_in,['fan_in->fan_in'],1,0,1.0,True,"[31, 38]"
TRAJ0241,15,4,2,1,1,fan_in,rapid_pass_through,"['fan_in->fan_in', 'fan_in->fan_in']",2,1,1.5,True,"[31, 43]"
TRAJ0242,8,2,1,1,1,fan_in,fan_in,['fan_in->fan_in'],1,0,1.0,True,"[31, 38]"
TRAJ0243,7,2,1,1,1,fan_in,fan_in,['fan_in->fan_in'],1,0,1.0,True,"[31, 38]"
TRAJ0244,10,3,1,2,2,fan_in,fan_in,"['fan_in->fan_in', 'fan_in->fan_in']",2,0,1.0,True,"[31, 39]"
TRAJ0245,7,2,1,1,1,fan_in,fan_in,['fan_in->fan_in'],1,0,1.0,True,"[31, 38]"
TRAJ0246,7,2,1,1,1,fan_in,fan_in,['fan_in->fan_in'],1,0,1.0,True,"[32, 39]"
TRAJ0247,10,4,2,1,1,fan_in,rapid_pass_through,['fan_in->fan_in'],1,1,1.5,True,"[32, 41]"
TRAJ0248,20,7,2,2,2,fan_in,rapid_pass_through,"['fan_in->fan_in', 'fan_in->fan_in', 'fan_in->fan_in', 'fan_in->fan_in']",4,1,1.5,True,"[32, 42]"
TRAJ0249,15,6,2,3,3,fan_in,fan_in,"['fan_in->fan_in', 'fan_in->fan_in', 'fan_in->fan_in']",3,1,1.5,True,"[32, 41]"
TRAJ0250,26,8,2,4,4,fan_in,fan_in,"['fan_in->fan_in', 'fan_in->fan_in', 'fan_in->fan_in', 'fan_in->fan_in', 'fan_in->fan_in']",5,1,1.5,True,"[32, 42]"
TRAJ0251,10,2,1,1,1,fan_in,fan_in,['fan_in->fan_in'],1,0,1.0,True,"[32, 39]"
TRAJ0252,8,2,1,1,1,fan_in,fan_in,['fan_in->fan_in'],1,0,1.0,True,"[32, 39]"
TRAJ0253,6,2,1,1,1,fan_in,fan_in,['fan_in->fan_in'],1,0,1.0,True,"[32, 39]"
TRAJ0254,15,5,2,2,2,fan_in,fan_in,"['fan_in->fan_in', 'fan_in->fan_in', 'fan_in->fan_in']",3,1,1.5,True,"[32, 39]"
TRAJ0255,10,5,2,1,1,rapid_pass_through,rapid_pass_through,['fan_in->fan_in'],1,1,1.5,True,"[34, 48]"
TRAJ0256,9,2,1,1,1,fan_in,fan_in,['fan_in->fan_in'],1,0,1.0,True,"[33, 40]"
TRAJ0257,8,2,1,1,1,fan_in,fan_in,['fan_in->fan_in'],1,0,1.0,True,"[33, 40]"
TRAJ0258,12,4,1,2,2,fan_in,fan_in,"['fan_in->fan_in', 'fan_in->fan_in', 'fan_in->fan_in']",3,0,1.0,True,"[33, 41]"
TRAJ0259,10,2,1,1,1,fan_in,fan_in,['fan_in->fan_in'],1,0,1.0,True,"[33, 40]"
TRAJ0260,7,2,1,1,1,fan_in,fan_in,['fan_in->fan_in'],1,0,1.0,True,"[33, 40]"
TRAJ0261,7,2,1,1,1,fan_in,fan_in,['fan_in->fan_in'],1,0,1.0,True,"[33, 40]"
TRAJ0262,11,4,2,1,1,rapid_pass_through,rapid_pass_through,['fan_in->fan_in'],1,1,1.5,True,"[35, 49]"
TRAJ0263,14,7,3,2,2,rapid_pass_through,rapid_pass_through,"['fan_in->fan_in', 'fan_in->repeated_intermediary']",2,2,3.5,True,"[35, 49]"
TRAJ0264,8,3,1,1,1,fan_in,fan_in,"['fan_in->fan_in', 'fan_in->fan_in']",2,0,1.0,True,"[34, 41]"
TRAJ0265,5,2,1,1,1,fan_in,fan_in,['fan_in->fan_in'],1,0,1.0,True,"[34, 41]"
TRAJ0266,14,5,2,1,1,fan_in,rapid_pass_through,['fan_in->fan_in'],1,1,1.5,True,"[34, 48]"
TRAJ0267,13,2,1,1,1,fan_in,fan_in,['fan_in->fan_in'],1,0,1.0,True,"[34, 41]"
TRAJ0268,10,4,2,1,1,fan_in,rapid_pass_through,['fan_in->fan_in'],1,1,1.5,True,"[34, 43]"
TRAJ0269,9,2,1,1,1,fan_in,fan_in,['fan_in->fan_in'],1,0,1.0,True,"[34, 41]"
TRAJ0270,7,2,1,1,1,fan_in,fan_in,['fan_in->fan_in'],1,0,1.0,True,"[34, 41]"
TRAJ0271,14,5,2,3,3,circular_flow,fan_in,"['circular_flow->fan_in', 'fan_in->fan_in', 'fan_in->fan_in', 'fan_in->fan_in']",4,1,4.0,True,"[39, 48]"
TRAJ0272,11,3,1,2,2,fan_in,fan_in,"['fan_in->fan_in', 'fan_in->fan_in']",2,0,1.0,True,"[35, 42]"
TRAJ0273,6,2,1,1,1,fan_in,fan_in,['fan_in->fan_in'],1,0,1.0,True,"[35, 42]"
TRAJ0274,13,2,1,1,1,fan_in,fan_in,['fan_in->fan_in'],1,0,1.0,True,"[35, 42]"
TRAJ0275,10,2,1,1,1,fan_in,fan_in,['fan_in->fan_in'],1,0,1.0,True,"[35, 42]"
TRAJ0276,20,4,1,1,1,fan_in,fan_in,"['fan_in->fan_in', 'fan_in->fan_in', 'fan_in->fan_in']",3,0,1.0,True,"[35, 45]"
TRAJ0277,12,2,1,1,1,fan_in,fan_in,['fan_in->fan_in'],1,0,1.0,True,"[35, 42]"
TRAJ0278,19,4,1,1,1,fan_in,fan_in,"['fan_in->fan_in', 'fan_in->fan_in', 'fan_in->fan_in']",3,0,1.0,True,"[35, 44]"
TRAJ0279,12,5,2,1,1,fan_in,rapid_pass_through,"['fan_in->fan_in', 'fan_in->fan_in']",2,1,1.5,True,"[35, 44]"
TRAJ0280,7,2,1,1,1,fan_in,fan_in,['fan_in->fan_in'],1,0,1.0,True,"[35, 42]"
TRAJ0281,8,2,1,1,1,fan_in,fan_in,['fan_in->fan_in'],1,0,1.0,True,"[35, 42]"
TRAJ0282,16,3,2,1,1,rapid_pass_through,fan_in,['fan_in->fan_in'],1,1,1.5,True,"[37, 51]"
TRAJ0283,7,2,1,1,1,fan_in,fan_in,['fan_in->fan_in'],1,0,1.0,True,"[36, 43]"
TRAJ0284,9,2,1,1,1,fan_in,fan_in,['fan_in->fan_in'],1,0,1.0,True,"[36, 43]"
TRAJ0285,15,4,1,1,1,fan_in,fan_in,"['fan_in->fan_in', 'fan_in->fan_in', 'fan_in->fan_in']",3,0,1.0,True,"[36, 45]"
TRAJ0286,9,2,1,1,1,fan_in,fan_in,['fan_in->fan_in'],1,0,1.0,True,"[36, 43]"
TRAJ0287,12,3,1,2,2,fan_in,fan_in,"['fan_in->fan_in', 'fan_in->fan_in']",2,0,1.0,True,"[36, 43]"
TRAJ0288,9,2,1,1,1,fan_in,fan_in,['fan_in->fan_in'],1,0,1.0,True,"[36, 43]"
TRAJ0289,16,4,1,2,2,fan_in,fan_in,"['fan_in->fan_in', 'fan_in->fan_in', 'fan_in->fan_in']",3,0,1.0,True,"[36, 41]"
TRAJ0290,9,3,1,2,2,fan_in,fan_in,"['fan_in->fan_in', 'fan_in->fan_in']",2,0,1.0,True,"[36, 44]"
TRAJ0291,8,2,1,1,1,fan_in,fan_in,['fan_in->fan_in'],1,0,1.0,True,"[36, 43]"
TRAJ0292,6,2,1,1,1,fan_in,fan_in,['fan_in->fan_in'],1,0,1.0,True,"[36, 43]"
TRAJ0293,13,5,2,3,3,fan_in,fan_in,"['fan_in->fan_in', 'fan_in->fan_in']",2,1,1.5,True,"[37, 46]"
TRAJ0294,21,4,2,2,2,fan_in,rapid_pass_through,"['fan_in->fan_in', 'fan_in->fan_in']",2,1,1.5,True,"[37, 47]"
TRAJ0295,23,5,2,2,2,fan_in,rapid_pass_through,"['fan_in->fan_in', 'fan_in->fan_in', 'fan_in->fan_in']",3,1,1.5,True,"[37, 51]"
TRAJ0296,12,3,1,1,1,fan_in,fan_in,"['fan_in->fan_in', 'fan_in->fan_in']",2,0,1.0,True,"[37, 44]"
TRAJ0297,10,3,1,1,1,fan_in,fan_in,"['fan_in->fan_in', 'fan_in->fan_in']",2,0,1.0,True,"[37, 46]"
TRAJ0298,15,5,2,2,2,fan_in,fan_in,"['fan_in->fan_in', 'fan_in->fan_in', 'fan_in->fan_in']",3,1,1.5,True,"[37, 47]"
TRAJ0299,13,2,1,1,1,fan_in,fan_in,['fan_in->fan_in'],1,0,1.0,True,"[38, 45]"
TRAJ0300,10,2,1,1,1,fan_in,fan_in,['fan_in->fan_in'],1,0,1.0,True,"[38, 45]"
TRAJ0301,8,2,1,1,1,fan_in,fan_in,['fan_in->fan_in'],1,0,1.0,True,"[39, 43]"
TRAJ0302,9,2,1,1,1,fan_in,fan_in,['fan_in->fan_in'],1,0,1.0,True,"[39, 46]"
TRAJ0303,9,2,1,1,1,fan_in,fan_in,['fan_in->fan_in'],1,0,1.0,True,"[39, 45]"
TRAJ0304,10,2,1,1,1,fan_in,fan_in,['fan_in->fan_in'],1,0,1.0,True,"[40, 47]"
TRAJ0305,8,2,1,1,1,fan_in,fan_in,['fan_in->fan_in'],1,0,1.0,True,"[40, 47]"
TRAJ0306,6,2,1,1,1,fan_in,fan_in,['fan_in->fan_in'],1,0,1.0,True,"[40, 47]"
TRAJ0307,13,4,2,2,2,fan_in,fan_in,"['fan_in->fan_in', 'fan_in->fan_in']",2,1,1.5,True,"[40, 48]"
TRAJ0308,9,2,1,1,1,fan_in,fan_in,['fan_in->fan_in'],1,0,1.0,True,"[40, 47]"
TRAJ0309,12,5,2,1,1,fan_in,rapid_pass_through,"['fan_in->fan_in', 'fan_in->fan_in']",2,1,1.5,True,"[40, 49]"
TRAJ0310,6,2,1,1,1,fan_in,fan_in,['fan_in->fan_in'],1,0,1.0,True,"[41, 48]"
TRAJ0311,10,4,2,1,1,fan_in,rapid_pass_through,['fan_in->fan_in'],1,1,1.5,True,"[41, 50]"
TRAJ0312,26,9,2,3,3,fan_in,rapid_pass_through,"['fan_in->fan_in', 'fan_in->fan_in', 'fan_in->fan_in', 'fan_in->fan_in']",4,1,1.5,True,"[41, 62]"
TRAJ0313,13,4,2,1,1,fan_in,rapid_pass_through,['fan_in->fan_in'],1,1,1.5,True,"[41, 50]"
TRAJ0314,5,2,1,1,1,fan_in,fan_in,['fan_in->fan_in'],1,0,1.0,True,"[41, 48]"
TRAJ0315,10,2,1,1,1,fan_in,fan_in,['fan_in->fan_in'],1,0,1.0,True,"[41, 51]"
TRAJ0316,17,7,2,3,3,rapid_pass_through,fan_in,"['fan_in->fan_in', 'fan_in->fan_in']",2,1,1.5,True,"[43, 57]"
TRAJ0317,12,4,2,1,1,fan_in,rapid_pass_through,['fan_in->fan_in'],1,1,1.5,True,"[42, 51]"
TRAJ0318,9,2,1,1,1,fan_in,fan_in,['fan_in->fan_in'],1,0,1.0,True,"[42, 49]"
TRAJ0319,17,6,2,2,2,fan_in,fan_in,"['fan_in->circular_flow', 'circular_flow->circular_flow', 'circular_flow->fan_in', 'fan_in->fan_in', 'fan_in->fan_in']",5,1,4.0,True,"[42, 49]"
TRAJ0320,9,2,1,1,1,fan_in,fan_in,['fan_in->fan_in'],1,0,1.0,True,"[42, 49]"
TRAJ0321,14,5,2,2,2,rapid_pass_through,rapid_pass_through,"['fan_in->fan_in', 'fan_in->fan_in']",2,1,1.5,True,"[44, 58]"
TRAJ0322,13,5,2,1,1,fan_in,rapid_pass_through,"['fan_in->fan_in', 'fan_in->fan_in']",2,1,1.5,True,"[43, 57]"
TRAJ0323,18,4,1,3,3,fan_in,fan_in,"['fan_in->fan_in', 'fan_in->fan_in', 'fan_in->fan_in']",3,0,1.0,True,"[43, 50]"
TRAJ0324,8,2,1,1,1,fan_in,fan_in,['fan_in->fan_in'],1,0,1.0,True,"[43, 50]"
TRAJ0325,13,4,1,2,2,fan_in,fan_in,"['fan_in->fan_in', 'fan_in->fan_in', 'fan_in->fan_in']",3,0,1.0,True,"[43, 53]"
TRAJ0326,11,5,2,1,1,fan_in,rapid_pass_through,['fan_in->fan_in'],1,1,1.5,True,"[43, 59]"
TRAJ0327,13,2,1,1,1,fan_in,fan_in,['fan_in->fan_in'],1,0,1.0,True,"[43, 50]"
TRAJ0328,18,4,1,2,2,fan_in,fan_in,"['fan_in->fan_in', 'fan_in->fan_in', 'fan_in->fan_in']",3,0,1.0,True,"[43, 53]"
TRAJ0329,7,2,1,1,1,fan_in,fan_in,['fan_in->fan_in'],1,0,1.0,True,"[43, 50]"
TRAJ0330,10,3,1,2,2,fan_in,fan_in,"['fan_in->fan_in', 'fan_in->fan_in']",2,0,1.0,True,"[43, 50]"
TRAJ0331,14,3,1,2,2,fan_in,fan_in,"['fan_in->fan_in', 'fan_in->fan_in']",2,0,1.0,True,"[43, 50]"
TRAJ0332,11,3,1,1,1,fan_in,fan_in,"['fan_in->fan_in', 'fan_in->fan_in']",2,0,1.0,True,"[43, 52]"
TRAJ0333,7,4,2,1,1,fan_in,rapid_pass_through,['fan_in->fan_in'],1,1,1.5,True,"[43, 52]"
TRAJ0334,10,4,3,1,1,layering,fan_in,"['layering->fan_in', 'fan_in->fan_in']",2,2,3.5,True,"[45, 52]"
TRAJ0335,15,9,3,2,2,rapid_pass_through,rapid_pass_through,"['repeated_intermediary->fan_in', 'fan_in->fan_in']",2,2,3.5,True,"[45, 73]"
TRAJ0336,7,4,2,1,1,fan_in,rapid_pass_through,['fan_in->fan_in'],1,1,1.5,True,"[44, 53]"
TRAJ0337,10,2,1,1,1,fan_in,fan_in,['fan_in->fan_in'],1,0,1.0,True,"[44, 51]"
TRAJ0338,19,6,2,3,3,fan_in,fan_in,"['fan_in->fan_in', 'fan_in->fan_in', 'fan_in->fan_in']",3,1,1.5,True,"[44, 53]"
TRAJ0339,13,4,1,2,2,fan_in,fan_in,"['fan_in->fan_in', 'fan_in->fan_in', 'fan_in->fan_in']",3,0,1.0,True,"[44, 52]"
TRAJ0340,13,3,1,1,1,fan_in,fan_in,"['fan_in->fan_in', 'fan_in->fan_in']",2,0,1.0,True,"[44, 51]"
TRAJ0341,14,5,2,2,2,fan_in,rapid_pass_through,"['fan_in->fan_in', 'fan_in->fan_in']",2,1,1.5,True,"[44, 60]"
TRAJ0342,7,2,1,1,1,fan_in,fan_in,['fan_in->fan_in'],1,0,1.0,True,"[44, 51]"
TRAJ0343,16,6,2,2,2,rapid_pass_through,fan_in,"['fan_in->fan_in', 'fan_in->fan_in', 'fan_in->fan_in']",3,1,1.5,True,"[46, 53]"
TRAJ0344,12,4,2,1,1,rapid_pass_through,fan_in,"['fan_in->fan_in', 'fan_in->fan_in']",2,1,1.5,True,"[46, 57]"
TRAJ0345,17,5,2,2,2,fan_in,fan_in,"['fan_in->fan_in', 'fan_in->circular_flow', 'circular_flow->fan_in', 'fan_in->fan_in']",4,1,4.0,True,"[45, 55]"
TRAJ0346,8,2,1,1,1,fan_in,fan_in,['fan_in->fan_in'],1,0,1.0,True,"[45, 52]"
TRAJ0347,10,3,2,1,1,fan_in,rapid_pass_through,['fan_in->fan_in'],1,1,1.5,True,"[45, 55]"
TRAJ0348,5,2,1,1,1,fan_in,fan_in,['fan_in->fan_in'],1,0,1.0,True,"[45, 52]"
TRAJ0349,17,6,2,1,1,fan_in,rapid_pass_through,"['fan_in->fan_in', 'fan_in->fan_in', 'fan_in->fan_in']",3,1,1.5,True,"[45, 57]"
TRAJ0350,10,2,1,1,1,fan_in,fan_in,['fan_in->fan_in'],1,0,1.0,True,"[45, 52]"
TRAJ0351,8,2,1,1,1,fan_in,fan_in,['fan_in->fan_in'],1,0,1.0,True,"[45, 48]"
TRAJ0352,17,4,1,2,2,fan_in,fan_in,"['fan_in->fan_in', 'fan_in->fan_in', 'fan_in->fan_in']",3,0,1.0,True,"[45, 53]"
TRAJ0353,7,2,1,1,1,fan_in,fan_in,['fan_in->fan_in'],1,0,1.0,True,"[46, 53]"
TRAJ0354,10,4,2,1,1,fan_in,rapid_pass_through,['fan_in->fan_in'],1,1,1.5,True,"[46, 55]"
TRAJ0355,7,2,1,1,1,fan_in,fan_in,['fan_in->fan_in'],1,0,1.0,True,"[46, 53]"
TRAJ0356,7,2,1,1,1,fan_in,fan_in,['fan_in->fan_in'],1,0,1.0,True,"[46, 53]"
TRAJ0357,20,5,2,3,3,fan_in,fan_in,"['fan_in->fan_in', 'fan_in->fan_in', 'fan_in->fan_in']",3,1,1.5,True,"[46, 54]"
TRAJ0358,30,9,2,4,4,fan_in,rapid_pass_through,"['fan_in->fan_in', 'fan_in->fan_in', 'fan_in->fan_in', 'fan_in->fan_in', 'fan_in->fan_in', 'fan_in->fan_in']",6,1,1.5,True,"[46, 56]"
TRAJ0359,7,2,1,1,1,fan_in,fan_in,['fan_in->fan_in'],1,0,1.0,True,"[46, 53]"
TRAJ0360,7,2,1,1,1,fan_in,fan_in,['fan_in->fan_in'],1,0,1.0,True,"[46, 53]"
TRAJ0361,9,3,2,1,1,fan_in,fan_in,['fan_in->fan_in'],1,1,1.5,True,"[46, 53]"
TRAJ0362,13,6,2,1,1,rapid_pass_through,rapid_pass_through,"['fan_in->fan_in', 'fan_in->fan_in']",2,1,1.5,True,"[48, 62]"
TRAJ0363,7,2,1,1,1,fan_in,fan_in,['fan_in->fan_in'],1,0,1.0,True,"[47, 54]"
TRAJ0364,7,2,1,1,1,fan_in,fan_in,['fan_in->fan_in'],1,0,1.0,True,"[47, 54]"
TRAJ0365,12,5,2,3,3,fan_in,rapid_pass_through,"['fan_in->fan_in', 'fan_in->fan_in']",2,1,1.5,True,"[47, 56]"
TRAJ0366,12,2,1,1,1,fan_in,fan_in,['fan_in->fan_in'],1,0,1.0,True,"[47, 54]"
TRAJ0367,8,2,1,1,1,fan_in,fan_in,['fan_in->fan_in'],1,0,1.0,True,"[47, 54]"
TRAJ0368,10,4,2,1,1,fan_in,rapid_pass_through,['fan_in->fan_in'],1,1,1.5,True,"[47, 56]"
TRAJ0369,9,2,1,1,1,fan_in,fan_in,['fan_in->fan_in'],1,0,1.0,True,"[47, 54]"
TRAJ0370,10,2,1,1,1,fan_in,fan_in,['fan_in->fan_in'],1,0,1.0,True,"[48, 55]"
TRAJ0371,11,2,1,1,1,fan_in,fan_in,['fan_in->fan_in'],1,0,1.0,True,"[48, 55]"
TRAJ0372,9,4,2,1,1,fan_in,rapid_pass_through,['fan_in->fan_in'],1,1,1.5,True,"[48, 57]"
TRAJ0373,9,2,1,1,1,fan_in,fan_in,['fan_in->fan_in'],1,0,1.0,True,"[48, 55]"
TRAJ0374,9,2,1,1,1,fan_in,fan_in,['fan_in->fan_in'],1,0,1.0,True,"[48, 55]"
TRAJ0375,20,5,2,1,1,fan_in,rapid_pass_through,"['fan_in->fan_in', 'fan_in->fan_in']",2,1,1.5,True,"[48, 57]"
TRAJ0376,11,2,1,1,1,fan_in,fan_in,['fan_in->fan_in'],1,0,1.0,True,"[48, 55]"
TRAJ0377,10,2,1,1,1,fan_in,fan_in,['fan_in->fan_in'],1,0,1.0,True,"[48, 55]"
TRAJ0378,12,4,1,1,1,fan_in,fan_in,"['fan_in->fan_in', 'fan_in->fan_in', 'fan_in->fan_in']",3,0,1.0,True,"[48, 58]"
TRAJ0379,10,3,2,1,1,fan_in,circular_flow,"['fan_in->fan_in', 'fan_in->circular_flow']",2,1,4.0,True,"[49, 63]"
TRAJ0380,10,2,1,1,1,fan_in,fan_in,['fan_in->fan_in'],1,0,1.0,True,"[49, 56]"
TRAJ0381,26,7,2,4,4,fan_in,rapid_pass_through,"['fan_in->fan_in', 'fan_in->fan_in', 'fan_in->fan_in', 'fan_in->fan_in', 'fan_in->fan_in']",5,1,1.5,True,"[49, 66]"
TRAJ0382,20,5,1,3,3,fan_in,fan_in,"['fan_in->fan_in', 'fan_in->fan_in', 'fan_in->fan_in', 'fan_in->fan_in']",4,0,1.0,True,"[49, 58]"
TRAJ0383,7,2,1,1,1,fan_in,fan_in,['fan_in->fan_in'],1,0,1.0,True,"[49, 56]"
TRAJ0384,9,4,2,1,1,fan_in,rapid_pass_through,['fan_in->fan_in'],1,1,1.5,True,"[49, 58]"
TRAJ0385,19,10,3,3,3,circular_flow,rapid_pass_through,"['circular_flow->circular_flow', 'circular_flow->fan_in', 'fan_in->fan_in', 'fan_in->fan_in']",4,2,4.5,True,"[53, 69]"
TRAJ0386,12,3,1,1,1,fan_in,fan_in,"['fan_in->fan_in', 'fan_in->fan_in']",2,0,1.0,True,"[50, 57]"
TRAJ0387,11,2,1,1,1,fan_in,fan_in,['fan_in->fan_in'],1,0,1.0,True,"[50, 57]"
TRAJ0388,11,2,1,1,1,fan_in,fan_in,['fan_in->fan_in'],1,0,1.0,True,"[50, 57]"
TRAJ0389,10,3,1,2,2,fan_in,fan_in,"['fan_in->fan_in', 'fan_in->fan_in']",2,0,1.0,True,"[50, 57]"
TRAJ0390,20,7,1,2,2,fan_in,fan_in,"['fan_in->fan_in', 'fan_in->fan_in', 'fan_in->fan_in', 'fan_in->fan_in', 'fan_in->fan_in', 'fan_in->fan_in']",6,0,1.0,True,"[50, 60]"
TRAJ0391,7,2,1,1,1,fan_in,fan_in,['fan_in->fan_in'],1,0,1.0,True,"[50, 57]"
TRAJ0392,12,3,2,2,2,fan_in,fan_in,['fan_in->fan_in'],1,1,1.5,True,"[50, 57]"
TRAJ0393,6,2,1,1,1,fan_in,fan_in,['fan_in->fan_in'],1,0,1.0,True,"[50, 57]"
TRAJ0394,12,5,2,3,3,fan_in,fan_in,"['fan_in->fan_in', 'fan_in->fan_in']",2,1,1.5,True,"[51, 60]"
TRAJ0395,12,2,1,1,1,fan_in,fan_in,['fan_in->fan_in'],1,0,1.0,True,"[51, 58]"
TRAJ0396,9,2,1,1,1,fan_in,fan_in,['fan_in->fan_in'],1,0,1.0,True,"[51, 58]"
TRAJ0397,22,6,2,4,4,fan_in,fan_in,"['fan_in->fan_in', 'fan_in->fan_in', 'fan_in->fan_in']",3,1,1.5,True,"[51, 61]"
TRAJ0398,10,2,1,1,1,fan_in,fan_in,['fan_in->fan_in'],1,0,1.0,True,"[51, 58]"
TRAJ0399,11,3,1,1,1,fan_in,fan_in,"['fan_in->fan_in', 'fan_in->fan_in']",2,0,1.0,True,"[51, 58]"
TRAJ0400,11,3,1,1,1,fan_in,fan_in,"['fan_in->fan_in', 'fan_in->fan_in']",2,0,1.0,True,"[51, 60]"
TRAJ0401,14,3,2,1,1,rapid_pass_through,fan_in,['fan_in->fan_in'],1,1,1.5,True,"[53, 62]"
TRAJ0402,15,3,1,2,2,fan_in,fan_in,"['fan_in->fan_in', 'fan_in->fan_in']",2,0,1.0,True,"[52, 60]"
TRAJ0403,21,5,2,1,1,fan_in,fan_in,"['fan_in->fan_in', 'fan_in->fan_in']",2,1,1.5,True,"[52, 61]"
TRAJ0404,11,2,1,1,1,fan_in,fan_in,['fan_in->fan_in'],1,0,1.0,True,"[52, 59]"
TRAJ0405,12,5,2,2,2,fan_in,rapid_pass_through,['fan_in->fan_in'],1,1,1.5,True,"[52, 64]"
TRAJ0406,7,3,2,1,1,fan_in,circular_flow,"['fan_in->fan_in', 'fan_in->circular_flow']",2,1,4.0,True,"[53, 71]"
TRAJ0407,7,2,1,1,1,fan_in,fan_in,['fan_in->fan_in'],1,0,1.0,True,"[53, 60]"
TRAJ0408,17,4,1,1,1,fan_in,fan_in,"['fan_in->fan_in', 'fan_in->fan_in', 'fan_in->fan_in']",3,0,1.0,True,"[53, 63]"
TRAJ0409,7,2,1,1,1,fan_in,fan_in,['fan_in->fan_in'],1,0,1.0,True,"[54, 61]"
TRAJ0410,12,7,3,1,1,fan_in,rapid_pass_through,['fan_in->repeated_intermediary'],1,2,3.5,True,"[54, 70]"
TRAJ0411,10,2,1,1,1,fan_in,fan_in,['fan_in->fan_in'],1,0,1.0,True,"[54, 61]"
TRAJ0412,10,2,1,1,1,fan_in,fan_in,['fan_in->fan_in'],1,0,1.0,True,"[54, 61]"
TRAJ0413,31,10,2,6,6,fan_in,rapid_pass_through,"['fan_in->fan_in', 'fan_in->fan_in', 'fan_in->fan_in', 'fan_in->fan_in', 'fan_in->fan_in', 'fan_in->fan_in', 'fan_in->fan_in']",7,1,1.5,True,"[54, 65]"
TRAJ0414,7,2,1,1,1,fan_in,fan_in,['fan_in->fan_in'],1,0,1.0,True,"[54, 61]"
TRAJ0415,14,5,2,1,1,rapid_pass_through,fan_in,"['fan_in->fan_in', 'fan_in->fan_in']",2,1,1.5,True,"[56, 65]"
TRAJ0416,9,2,1,1,1,fan_in,fan_in,['fan_in->fan_in'],1,0,1.0,True,"[55, 62]"
TRAJ0417,10,4,2,1,1,fan_in,rapid_pass_through,['fan_in->fan_in'],1,1,1.5,True,"[55, 64]"
TRAJ0418,17,7,2,1,1,fan_in,rapid_pass_through,"['fan_in->fan_in', 'fan_in->fan_in', 'fan_in->fan_in']",3,1,1.5,True,"[55, 72]"
TRAJ0419,14,4,2,1,1,fan_in,rapid_pass_through,['fan_in->fan_in'],1,1,1.5,True,"[55, 64]"
TRAJ0420,9,3,2,2,2,fan_in,fan_in,"['fan_in->circular_flow', 'circular_flow->fan_in']",2,1,4.0,True,"[55, 63]"
TRAJ0421,10,5,2,1,1,fan_in,rapid_pass_through,['fan_in->fan_in'],1,1,1.5,True,"[56, 69]"
TRAJ0422,10,2,1,1,1,fan_in,fan_in,['fan_in->fan_in'],1,0,1.0,True,"[56, 63]"
TRAJ0423,20,4,1,3,3,fan_in,fan_in,"['fan_in->fan_in', 'fan_in->fan_in', 'fan_in->fan_in']",3,0,1.0,True,"[56, 63]"
TRAJ0424,34,7,1,3,3,fan_in,fan_in,"['fan_in->fan_in', 'fan_in->fan_in', 'fan_in->fan_in', 'fan_in->fan_in', 'fan_in->fan_in', 'fan_in->fan_in']",6,0,1.0,True,"[56, 66]"
TRAJ0425,8,2,1,1,1,fan_in,fan_in,['fan_in->fan_in'],1,0,1.0,True,"[56, 63]"
TRAJ0426,14,3,1,1,1,fan_in,fan_in,"['fan_in->fan_in', 'fan_in->fan_in']",2,0,1.0,True,"[56, 65]"
TRAJ0427,6,2,1,1,1,fan_in,fan_in,['fan_in->fan_in'],1,0,1.0,True,"[56, 63]"
TRAJ0428,21,9,3,4,4,circular_flow,rapid_pass_through,"['circular_flow->fan_in', 'fan_in->fan_in', 'fan_in->fan_in', 'fan_in->fan_in', 'fan_in->fan_in']",5,2,4.5,True,"[60, 75]"
TRAJ0429,10,4,2,1,1,rapid_pass_through,rapid_pass_through,['fan_in->fan_in'],1,1,1.5,True,"[58, 72]"
TRAJ0430,9,3,2,1,1,fan_in,fan_in,['fan_in->fan_in'],1,1,1.5,True,"[57, 64]"
TRAJ0431,12,2,1,1,1,fan_in,fan_in,['fan_in->fan_in'],1,0,1.0,True,"[57, 64]"
TRAJ0432,13,3,1,1,1,fan_in,fan_in,"['fan_in->fan_in', 'fan_in->fan_in']",2,0,1.0,True,"[57, 67]"
TRAJ0433,7,2,1,1,1,fan_in,fan_in,['fan_in->fan_in'],1,0,1.0,True,"[57, 64]"
TRAJ0434,16,4,1,1,1,fan_in,fan_in,"['fan_in->fan_in', 'fan_in->fan_in', 'fan_in->fan_in']",3,0,1.0,True,"[57, 66]"
TRAJ0435,11,2,1,1,1,fan_in,fan_in,['fan_in->fan_in'],1,0,1.0,True,"[57, 64]"
TRAJ0436,8,2,1,1,1,fan_in,fan_in,['fan_in->fan_in'],1,0,1.0,True,"[57, 64]"
TRAJ0437,11,4,2,2,2,fan_in,rapid_pass_through,"['fan_in->fan_in', 'fan_in->fan_in']",2,1,1.5,True,"[57, 68]"
TRAJ0438,9,2,1,1,1,fan_in,fan_in,['fan_in->fan_in'],1,0,1.0,True,"[57, 64]"
TRAJ0439,8,4,2,1,1,fan_in,rapid_pass_through,['fan_in->fan_in'],1,1,1.5,True,"[57, 66]"
TRAJ0440,16,5,2,2,2,rapid_pass_through,fan_in,"['fan_in->fan_in', 'fan_in->fan_in', 'fan_in->fan_in']",3,1,1.5,True,"[58, 66]"
TRAJ0441,11,5,2,1,1,rapid_pass_through,rapid_pass_through,['fan_in->fan_in'],1,1,1.5,True,"[59, 73]"
TRAJ0442,7,4,2,1,1,fan_in,rapid_pass_through,['fan_in->fan_in'],1,1,1.5,True,"[58, 67]"
TRAJ0443,19,8,2,3,3,fan_in,fan_in,"['fan_in->fan_in', 'fan_in->fan_in', 'fan_in->fan_in']",3,1,1.5,True,"[58, 67]"
TRAJ0444,9,2,1,1,1,fan_in,fan_in,['fan_in->fan_in'],1,0,1.0,True,"[58, 62]"
TRAJ0445,7,2,1,1,1,fan_in,fan_in,['fan_in->fan_in'],1,0,1.0,True,"[58, 65]"
TRAJ0446,16,5,1,3,3,fan_in,fan_in,"['fan_in->fan_in', 'fan_in->fan_in', 'fan_in->fan_in', 'fan_in->fan_in']",4,0,1.0,True,"[58, 67]"
TRAJ0447,10,5,3,2,2,rapid_pass_through,rapid_pass_through,['fan_in->repeated_intermediary'],1,2,3.5,True,"[60, 68]"
TRAJ0448,12,3,1,1,1,fan_in,fan_in,"['fan_in->fan_in', 'fan_in->fan_in']",2,0,1.0,True,"[59, 66]"
TRAJ0449,9,2,1,1,1,fan_in,fan_in,['fan_in->fan_in'],1,0,1.0,True,"[59, 66]"
TRAJ0450,10,2,1,1,1,fan_in,fan_in,['fan_in->fan_in'],1,0,1.0,True,"[59, 66]"
TRAJ0451,9,2,1,1,1,fan_in,fan_in,['fan_in->fan_in'],1,0,1.0,True,"[59, 66]"
TRAJ0452,7,2,1,1,1,fan_in,fan_in,['fan_in->fan_in'],1,0,1.0,True,"[59, 66]"
TRAJ0453,7,2,1,1,1,fan_in,fan_in,['fan_in->fan_in'],1,0,1.0,True,"[59, 66]"
TRAJ0454,12,2,1,1,1,fan_in,fan_in,['fan_in->fan_in'],1,0,1.0,True,"[59, 66]"
TRAJ0455,16,4,1,2,2,fan_in,fan_in,"['fan_in->fan_in', 'fan_in->fan_in', 'fan_in->fan_in']",3,0,1.0,True,"[60, 68]"
TRAJ0456,5,2,1,1,1,fan_in,fan_in,['fan_in->fan_in'],1,0,1.0,True,"[60, 67]"
TRAJ0457,21,6,2,1,1,fan_in,rapid_pass_through,"['fan_in->fan_in', 'fan_in->fan_in', 'fan_in->fan_in']",3,1,1.5,True,"[60, 71]"
TRAJ0458,13,5,2,3,3,fan_in,fan_in,"['fan_in->fan_in', 'fan_in->fan_in']",2,1,1.5,True,"[60, 69]"
TRAJ0459,9,2,1,1,1,fan_in,fan_in,['fan_in->fan_in'],1,0,1.0,True,"[60, 67]"
TRAJ0460,8,2,1,1,1,fan_in,fan_in,['fan_in->fan_in'],1,0,1.0,True,"[60, 67]"
TRAJ0461,16,4,1,3,3,fan_in,fan_in,"['fan_in->fan_in', 'fan_in->fan_in', 'fan_in->fan_in']",3,0,1.0,True,"[60, 67]"
TRAJ0462,8,2,1,1,1,fan_in,fan_in,['fan_in->fan_in'],1,0,1.0,True,"[60, 67]"
TRAJ0463,18,7,2,1,1,fan_in,rapid_pass_through,"['fan_in->fan_in', 'fan_in->fan_in']",2,1,1.5,True,"[60, 78]"
TRAJ0464,8,2,1,2,2,fan_in,fan_in,['fan_in->fan_in'],1,0,1.0,True,"[60, 61]"
TRAJ0465,14,6,2,3,3,fan_in,fan_in,"['fan_in->fan_in', 'fan_in->fan_in', 'fan_in->fan_in']",3,1,1.5,True,"[61, 70]"
TRAJ0466,7,2,1,1,1,fan_in,fan_in,['fan_in->fan_in'],1,0,1.0,True,"[61, 68]"
TRAJ0467,6,2,1,1,1,fan_in,fan_in,['fan_in->fan_in'],1,0,1.0,True,"[61, 68]"
TRAJ0468,9,2,1,1,1,fan_in,fan_in,['fan_in->fan_in'],1,0,1.0,True,"[61, 68]"
TRAJ0469,9,4,2,1,1,fan_in,rapid_pass_through,['fan_in->fan_in'],1,1,1.5,True,"[61, 70]"
TRAJ0470,8,2,1,1,1,fan_in,fan_in,['fan_in->fan_in'],1,0,1.0,True,"[61, 68]"
TRAJ0471,8,2,1,1,1,fan_in,fan_in,['fan_in->fan_in'],1,0,1.0,True,"[61, 65]"
TRAJ0472,10,2,1,1,1,fan_in,fan_in,['fan_in->fan_in'],1,0,1.0,True,"[62, 69]"
TRAJ0473,9,2,1,1,1,fan_in,fan_in,['fan_in->fan_in'],1,0,1.0,True,"[62, 69]"
TRAJ0474,9,4,2,1,1,fan_in,rapid_pass_through,['fan_in->fan_in'],1,1,1.5,True,"[62, 71]"
TRAJ0475,10,5,3,1,1,fan_in,fan_in,"['fan_in->circular_flow', 'circular_flow->circular_flow', 'circular_flow->fan_in']",3,2,4.5,True,"[62, 69]"
TRAJ0476,8,2,1,1,1,fan_in,fan_in,['fan_in->fan_in'],1,0,1.0,True,"[62, 69]"
TRAJ0477,9,2,1,1,1,fan_in,fan_in,['fan_in->fan_in'],1,0,1.0,True,"[62, 69]"
TRAJ0478,6,2,1,1,1,fan_in,fan_in,['fan_in->fan_in'],1,0,1.0,True,"[62, 69]"
TRAJ0479,23,6,2,4,4,rapid_pass_through,fan_in,"['fan_in->fan_in', 'fan_in->fan_in', 'fan_in->fan_in', 'fan_in->fan_in']",4,1,1.5,True,"[63, 73]"
TRAJ0480,12,5,2,1,1,rapid_pass_through,rapid_pass_through,['fan_in->fan_in'],1,1,1.5,True,"[64, 78]"
TRAJ0481,28,7,2,2,2,rapid_pass_through,rapid_pass_through,"['fan_in->fan_in', 'fan_in->fan_in', 'fan_in->fan_in']",3,1,1.5,True,"[64, 85]"
TRAJ0482,8,2,1,1,1,fan_in,fan_in,['fan_in->fan_in'],1,0,1.0,True,"[63, 70]"
TRAJ0483,17,4,1,1,1,fan_in,fan_in,"['fan_in->fan_in', 'fan_in->fan_in', 'fan_in->fan_in']",3,0,1.0,True,"[63, 73]"
TRAJ0484,15,4,1,1,1,fan_in,fan_in,"['fan_in->fan_in', 'fan_in->fan_in', 'fan_in->fan_in']",3,0,1.0,True,"[63, 72]"
TRAJ0485,19,4,1,1,1,fan_in,fan_in,"['fan_in->fan_in', 'fan_in->fan_in', 'fan_in->fan_in']",3,0,1.0,True,"[63, 72]"
TRAJ0486,11,4,2,1,1,fan_in,rapid_pass_through,['fan_in->fan_in'],1,1,1.5,True,"[63, 72]"
TRAJ0487,10,3,2,1,1,fan_in,rapid_pass_through,['fan_in->fan_in'],1,1,1.5,True,"[63, 67]"
TRAJ0488,17,6,2,3,3,rapid_pass_through,fan_in,"['fan_in->fan_in', 'fan_in->fan_in']",2,1,1.5,True,"[65, 74]"
TRAJ0489,10,3,1,1,1,fan_in,fan_in,"['fan_in->fan_in', 'fan_in->fan_in']",2,0,1.0,True,"[64, 71]"
TRAJ0490,19,4,1,3,3,fan_in,fan_in,"['fan_in->fan_in', 'fan_in->fan_in', 'fan_in->fan_in']",3,0,1.0,True,"[64, 73]"
TRAJ0491,10,2,1,1,1,fan_in,fan_in,['fan_in->fan_in'],1,0,1.0,True,"[64, 71]"
TRAJ0492,11,5,2,1,1,fan_in,rapid_pass_through,['fan_in->fan_in'],1,1,1.5,True,"[64, 80]"
TRAJ0493,23,6,1,2,2,fan_in,fan_in,"['fan_in->fan_in', 'fan_in->fan_in', 'fan_in->fan_in', 'fan_in->fan_in', 'fan_in->fan_in']",5,0,1.0,True,"[64, 74]"
TRAJ0494,8,2,1,1,1,fan_in,fan_in,['fan_in->fan_in'],1,0,1.0,True,"[64, 71]"
TRAJ0495,7,2,1,2,2,fan_in,fan_in,['fan_in->fan_in'],1,0,1.0,True,"[64, 65]"
TRAJ0496,6,3,2,1,1,fan_in,fan_in,['fan_in->fan_in'],1,1,1.5,True,"[64, 71]"
TRAJ0497,9,2,1,1,1,fan_in,fan_in,['fan_in->fan_in'],1,0,1.0,True,"[65, 72]"
TRAJ0498,8,2,1,1,1,fan_in,fan_in,['fan_in->fan_in'],1,0,1.0,True,"[65, 72]"
TRAJ0499,10,4,2,1,1,fan_in,rapid_pass_through,['fan_in->fan_in'],1,1,1.5,True,"[65, 74]"
TRAJ0500,15,4,2,1,1,fan_in,rapid_pass_through,"['fan_in->fan_in', 'fan_in->fan_in']",2,1,1.5,True,"[65, 78]"
TRAJ0501,14,2,1,1,1,fan_in,fan_in,['fan_in->fan_in'],1,0,1.0,True,"[65, 72]"
TRAJ0502,11,4,2,1,1,fan_in,rapid_pass_through,['fan_in->fan_in'],1,1,1.5,True,"[65, 74]"
TRAJ0503,6,2,1,1,1,fan_in,fan_in,['fan_in->fan_in'],1,0,1.0,True,"[65, 72]"
TRAJ0504,11,4,2,1,1,rapid_pass_through,rapid_pass_through,['fan_in->fan_in'],1,1,1.5,True,"[67, 74]"
TRAJ0505,17,6,3,2,2,rapid_pass_through,fan_in,"['circular_flow->fan_in', 'fan_in->fan_in', 'fan_in->fan_in', 'fan_in->fan_in']",4,2,4.5,True,"[65, 80]"
TRAJ0506,12,2,1,1,1,fan_in,fan_in,['fan_in->fan_in'],1,0,1.0,True,"[66, 68]"
TRAJ0507,16,4,2,1,1,fan_in,rapid_pass_through,['fan_in->fan_in'],1,1,1.5,True,"[66, 75]"
TRAJ0508,10,2,1,1,1,fan_in,fan_in,['fan_in->fan_in'],1,0,1.0,True,"[66, 73]"
TRAJ0509,7,2,1,1,1,fan_in,fan_in,['fan_in->fan_in'],1,0,1.0,True,"[66, 73]"
TRAJ0510,11,3,1,2,2,fan_in,fan_in,"['fan_in->fan_in', 'fan_in->fan_in']",2,0,1.0,True,"[66, 70]"
TRAJ0511,11,3,2,2,2,fan_in,fan_in,['fan_in->fan_in'],1,1,1.5,True,"[66, 69]"
TRAJ0512,7,2,1,2,2,fan_in,fan_in,['fan_in->fan_in'],1,0,1.0,True,"[66, 67]"
TRAJ0513,6,2,1,1,1,fan_in,fan_in,['fan_in->fan_in'],1,0,1.0,True,"[67, 74]"
TRAJ0514,8,2,1,1,1,fan_in,fan_in,['fan_in->fan_in'],1,0,1.0,True,"[67, 74]"
TRAJ0515,9,2,1,1,1,fan_in,fan_in,['fan_in->fan_in'],1,0,1.0,True,"[67, 74]"
TRAJ0516,13,4,1,1,1,fan_in,fan_in,"['fan_in->fan_in', 'fan_in->fan_in', 'fan_in->fan_in']",3,0,1.0,True,"[67, 77]"
TRAJ0517,10,5,2,1,1,fan_in,rapid_pass_through,['fan_in->fan_in'],1,1,1.5,True,"[67, 83]"
TRAJ0518,8,2,1,1,1,fan_in,fan_in,['fan_in->fan_in'],1,0,1.0,True,"[68, 75]"
TRAJ0519,9,2,1,1,1,fan_in,fan_in,['fan_in->fan_in'],1,0,1.0,True,"[68, 75]"
TRAJ0520,8,2,1,1,1,fan_in,fan_in,['fan_in->fan_in'],1,0,1.0,True,"[68, 75]"
TRAJ0521,9,2,1,1,1,fan_in,fan_in,['fan_in->fan_in'],1,0,1.0,True,"[68, 75]"
TRAJ0522,11,2,1,1,1,fan_in,fan_in,['fan_in->fan_in'],1,0,1.0,True,"[68, 75]"
TRAJ0523,8,2,1,1,1,fan_in,fan_in,['fan_in->fan_in'],1,0,1.0,True,"[68, 75]"
TRAJ0524,9,3,1,2,2,fan_in,fan_in,"['fan_in->fan_in', 'fan_in->fan_in']",2,0,1.0,True,"[68, 76]"
TRAJ0525,12,4,2,2,2,fan_in,fan_in,"['fan_in->fan_in', 'fan_in->fan_in']",2,1,1.5,True,"[68, 76]"
TRAJ0526,12,3,1,2,2,fan_in,fan_in,"['fan_in->fan_in', 'fan_in->fan_in']",2,0,1.0,True,"[68, 76]"
TRAJ0527,9,2,1,1,1,fan_in,fan_in,['fan_in->fan_in'],1,0,1.0,True,"[68, 75]"
TRAJ0528,19,7,2,3,3,fan_in,fan_in,"['fan_in->fan_in', 'fan_in->fan_in', 'fan_in->fan_in', 'fan_in->fan_in']",4,1,1.5,True,"[68, 77]"
TRAJ0529,6,2,1,1,1,fan_in,fan_in,['fan_in->fan_in'],1,0,1.0,True,"[68, 75]"
TRAJ0530,9,3,2,1,1,rapid_pass_through,fan_in,['fan_in->fan_in'],1,1,1.5,True,"[70, 81]"
TRAJ0531,12,2,1,1,1,fan_in,fan_in,['fan_in->fan_in'],1,0,1.0,True,"[69, 76]"
TRAJ0532,18,6,2,1,1,fan_in,rapid_pass_through,"['fan_in->fan_in', 'fan_in->fan_in', 'fan_in->fan_in']",3,1,1.5,True,"[69, 81]"
TRAJ0533,10,4,2,1,1,fan_in,rapid_pass_through,['fan_in->fan_in'],1,1,1.5,True,"[69, 78]"
TRAJ0534,9,3,1,1,1,fan_in,fan_in,"['fan_in->fan_in', 'fan_in->fan_in']",2,0,1.0,True,"[69, 78]"
TRAJ0535,23,9,2,3,3,rapid_pass_through,rapid_pass_through,"['fan_in->fan_in', 'fan_in->fan_in', 'fan_in->fan_in', 'fan_in->fan_in', 'fan_in->fan_in']",5,1,1.5,True,"[71, 92]"
TRAJ0536,14,6,2,3,3,rapid_pass_through,fan_in,"['fan_in->fan_in', 'fan_in->fan_in']",2,1,1.5,True,"[71, 85]"
TRAJ0537,6,2,1,1,1,fan_in,fan_in,['fan_in->fan_in'],1,0,1.0,True,"[70, 77]"
TRAJ0538,14,5,2,1,1,fan_in,fan_in,"['fan_in->fan_in', 'fan_in->fan_in']",2,1,1.5,True,"[70, 79]"
TRAJ0539,8,2,1,1,1,fan_in,fan_in,['fan_in->fan_in'],1,0,1.0,True,"[70, 77]"
TRAJ0540,11,3,1,2,2,fan_in,fan_in,"['fan_in->fan_in', 'fan_in->fan_in']",2,0,1.0,True,"[70, 77]"
TRAJ0541,10,2,1,1,1,fan_in,fan_in,['fan_in->fan_in'],1,0,1.0,True,"[70, 77]"
TRAJ0542,8,2,1,1,1,fan_in,fan_in,['fan_in->fan_in'],1,0,1.0,True,"[70, 77]"
TRAJ0543,7,2,1,1,1,fan_in,fan_in,['fan_in->fan_in'],1,0,1.0,True,"[70, 77]"
TRAJ0544,7,2,1,1,1,fan_in,fan_in,['fan_in->fan_in'],1,0,1.0,True,"[71, 78]"
TRAJ0545,10,2,1,1,1,fan_in,fan_in,['fan_in->fan_in'],1,0,1.0,True,"[71, 78]"
TRAJ0546,11,2,1,1,1,fan_in,fan_in,['fan_in->fan_in'],1,0,1.0,True,"[71, 78]"
TRAJ0547,12,3,1,1,1,fan_in,fan_in,"['fan_in->fan_in', 'fan_in->fan_in']",2,0,1.0,True,"[71, 81]"
TRAJ0548,6,2,1,1,1,fan_in,fan_in,['fan_in->fan_in'],1,0,1.0,True,"[71, 78]"
TRAJ0549,13,2,1,1,1,fan_in,fan_in,['fan_in->fan_in'],1,0,1.0,True,"[71, 78]"
TRAJ0550,12,4,2,2,2,fan_in,fan_in,"['fan_in->fan_in', 'fan_in->fan_in']",2,1,1.5,True,"[71, 82]"
TRAJ0551,8,4,2,2,2,fan_in,rapid_pass_through,['fan_in->fan_in'],1,1,1.5,True,"[71, 79]"
TRAJ0552,11,3,1,1,1,fan_in,fan_in,"['fan_in->fan_in', 'fan_in->fan_in']",2,0,1.0,True,"[71, 80]"
TRAJ0553,12,6,2,1,1,fan_in,rapid_pass_through,"['fan_in->fan_in', 'fan_in->fan_in']",2,1,1.5,True,"[71, 86]"
TRAJ0554,7,3,2,1,1,fan_in,fan_in,['fan_in->fan_in'],1,1,1.5,True,"[71, 78]"
TRAJ0555,9,3,2,1,1,rapid_pass_through,fan_in,['fan_in->fan_in'],1,1,1.5,True,"[72, 79]"
TRAJ0556,13,6,2,2,2,circular_flow,circular_flow,"['circular_flow->fan_in', 'fan_in->fan_in', 'fan_in->circular_flow', 'circular_flow->fan_in', 'fan_in->circular_flow']",5,1,4.0,True,"[74, 88]"
TRAJ0557,8,4,2,1,1,fan_in,rapid_pass_through,['fan_in->fan_in'],1,1,1.5,True,"[72, 81]"
TRAJ0558,17,6,2,3,3,fan_in,fan_in,"['fan_in->fan_in', 'fan_in->fan_in', 'fan_in->fan_in']",3,1,1.5,True,"[72, 81]"
TRAJ0559,8,2,1,1,1,fan_in,fan_in,['fan_in->fan_in'],1,0,1.0,True,"[72, 79]"
TRAJ0560,10,2,1,1,1,fan_in,fan_in,['fan_in->fan_in'],1,0,1.0,True,"[72, 79]"
TRAJ0561,7,2,1,1,1,fan_in,fan_in,['fan_in->fan_in'],1,0,1.0,True,"[72, 79]"
TRAJ0562,10,3,1,1,1,fan_in,fan_in,"['fan_in->fan_in', 'fan_in->fan_in']",2,0,1.0,True,"[72, 79]"
TRAJ0563,10,5,3,1,1,rapid_pass_through,rapid_pass_through,['fan_in->repeated_intermediary'],1,2,3.5,True,"[74, 81]"
TRAJ0564,8,2,1,1,1,fan_in,fan_in,['fan_in->fan_in'],1,0,1.0,True,"[73, 80]"
TRAJ0565,9,2,1,1,1,fan_in,fan_in,['fan_in->fan_in'],1,0,1.0,True,"[73, 80]"
TRAJ0566,6,2,1,1,1,fan_in,fan_in,['fan_in->fan_in'],1,0,1.0,True,"[73, 80]"
TRAJ0567,17,4,1,2,2,fan_in,fan_in,"['fan_in->fan_in', 'fan_in->fan_in', 'fan_in->fan_in']",3,0,1.0,True,"[73, 83]"
TRAJ0568,8,2,1,1,1,fan_in,fan_in,['fan_in->fan_in'],1,0,1.0,True,"[73, 80]"
TRAJ0569,10,2,1,1,1,fan_in,fan_in,['fan_in->fan_in'],1,0,1.0,True,"[74, 81]"
TRAJ0570,5,2,1,1,1,fan_in,fan_in,['fan_in->fan_in'],1,0,1.0,True,"[74, 81]"
TRAJ0571,8,2,1,1,1,fan_in,fan_in,['fan_in->fan_in'],1,0,1.0,True,"[74, 81]"
TRAJ0572,14,6,2,3,3,fan_in,fan_in,"['fan_in->fan_in', 'fan_in->fan_in', 'fan_in->fan_in']",3,1,1.5,True,"[74, 83]"
TRAJ0573,8,2,1,1,1,fan_in,fan_in,['fan_in->fan_in'],1,0,1.0,True,"[74, 81]"
TRAJ0574,12,3,1,2,2,fan_in,fan_in,"['fan_in->fan_in', 'fan_in->fan_in']",2,0,1.0,True,"[74, 81]"
TRAJ0575,6,2,1,1,1,fan_in,fan_in,['fan_in->fan_in'],1,0,1.0,True,"[74, 81]"
TRAJ0576,7,2,1,1,1,fan_in,fan_in,['fan_in->fan_in'],1,0,1.0,True,"[75, 82]"
TRAJ0577,16,6,2,3,3,fan_in,fan_in,"['fan_in->fan_in', 'fan_in->fan_in', 'fan_in->fan_in']",3,1,1.5,True,"[75, 84]"
TRAJ0578,9,2,1,1,1,fan_in,fan_in,['fan_in->fan_in'],1,0,1.0,True,"[75, 82]"
TRAJ0579,13,5,2,2,2,fan_in,rapid_pass_through,"['fan_in->fan_in', 'fan_in->fan_in']",2,1,1.5,True,"[75, 84]"
TRAJ0580,14,4,1,2,2,fan_in,fan_in,"['fan_in->fan_in', 'fan_in->fan_in', 'fan_in->fan_in']",3,0,1.0,True,"[75, 83]"
TRAJ0581,11,3,2,2,2,rapid_pass_through,fan_in,['fan_in->fan_in'],1,1,1.5,True,"[76, 83]"
TRAJ0582,11,6,2,1,1,rapid_pass_through,rapid_pass_through,['fan_in->fan_in'],1,1,1.5,True,"[77, 98]"
TRAJ0583,12,3,1,1,1,fan_in,fan_in,"['fan_in->fan_in', 'fan_in->fan_in']",2,0,1.0,True,"[76, 83]"
TRAJ0584,14,4,1,1,1,fan_in,fan_in,"['fan_in->fan_in', 'fan_in->fan_in', 'fan_in->fan_in']",3,0,1.0,True,"[76, 86]"
TRAJ0585,13,5,2,1,1,fan_in,rapid_pass_through,"['fan_in->fan_in', 'fan_in->fan_in']",2,1,1.5,True,"[76, 85]"
TRAJ0586,9,2,1,1,1,fan_in,fan_in,['fan_in->fan_in'],1,0,1.0,True,"[76, 83]"
TRAJ0587,8,2,1,1,1,fan_in,fan_in,['fan_in->fan_in'],1,0,1.0,True,"[76, 83]"
TRAJ0588,9,2,1,1,1,fan_in,fan_in,['fan_in->fan_in'],1,0,1.0,True,"[76, 83]"
TRAJ0589,12,3,1,1,1,fan_in,fan_in,"['fan_in->fan_in', 'fan_in->fan_in']",2,0,1.0,True,"[77, 84]"
TRAJ0590,7,2,1,1,1,fan_in,fan_in,['fan_in->fan_in'],1,0,1.0,True,"[77, 84]"
TRAJ0591,7,2,1,1,1,fan_in,fan_in,['fan_in->fan_in'],1,0,1.0,True,"[77, 84]"
TRAJ0592,24,6,2,4,4,fan_in,fan_in,"['fan_in->fan_in', 'fan_in->fan_in', 'fan_in->fan_in', 'fan_in->fan_in']",4,1,1.5,True,"[77, 86]"
TRAJ0593,8,2,1,1,1,fan_in,fan_in,['fan_in->fan_in'],1,0,1.0,True,"[77, 84]"
TRAJ0594,10,4,2,1,1,fan_in,rapid_pass_through,['fan_in->fan_in'],1,1,1.5,True,"[77, 86]"
TRAJ0595,9,2,1,1,1,fan_in,fan_in,['fan_in->fan_in'],1,0,1.0,True,"[77, 84]"
TRAJ0596,26,9,2,5,5,rapid_pass_through,rapid_pass_through,"['fan_in->fan_in', 'fan_in->fan_in', 'fan_in->fan_in', 'fan_in->fan_in', 'fan_in->fan_in']",5,1,1.5,True,"[79, 93]"
TRAJ0597,7,2,1,1,1,fan_in,fan_in,['fan_in->fan_in'],1,0,1.0,True,"[78, 85]"
TRAJ0598,8,2,1,1,1,fan_in,fan_in,['fan_in->fan_in'],1,0,1.0,True,"[78, 85]"
TRAJ0599,9,2,1,1,1,fan_in,fan_in,['fan_in->fan_in'],1,0,1.0,True,"[78, 85]"
TRAJ0600,11,2,1,1,1,fan_in,fan_in,['fan_in->fan_in'],1,0,1.0,True,"[78, 85]"
TRAJ0601,25,7,1,3,3,fan_in,fan_in,"['fan_in->fan_in', 'fan_in->fan_in', 'fan_in->fan_in', 'fan_in->fan_in', 'fan_in->fan_in', 'fan_in->fan_in']",6,0,1.0,True,"[78, 88]"
TRAJ0602,6,2,1,1,1,fan_in,fan_in,['fan_in->fan_in'],1,0,1.0,True,"[78, 85]"
TRAJ0603,13,3,1,1,1,fan_in,fan_in,"['fan_in->fan_in', 'fan_in->fan_in']",2,0,1.0,True,"[78, 88]"
TRAJ0604,10,3,1,2,2,fan_in,fan_in,"['fan_in->fan_in', 'fan_in->fan_in']",2,0,1.0,True,"[78, 86]"
TRAJ0605,18,6,2,3,3,fan_in,rapid_pass_through,"['fan_in->fan_in', 'fan_in->fan_in', 'fan_in->fan_in']",3,1,1.5,True,"[78, 91]"
TRAJ0606,15,3,1,2,2,fan_in,fan_in,"['fan_in->fan_in', 'fan_in->fan_in']",2,0,1.0,True,"[79, 82]"
TRAJ0607,16,6,2,3,3,fan_in,fan_in,"['fan_in->fan_in', 'fan_in->fan_in', 'fan_in->fan_in']",3,1,1.5,True,"[79, 88]"
TRAJ0608,14,3,1,2,2,fan_in,fan_in,"['fan_in->fan_in', 'fan_in->fan_in']",2,0,1.0,True,"[79, 87]"
TRAJ0609,10,4,2,1,1,fan_in,rapid_pass_through,['fan_in->fan_in'],1,1,1.5,True,"[79, 88]"
TRAJ0610,23,6,1,3,3,fan_in,fan_in,"['fan_in->fan_in', 'fan_in->fan_in', 'fan_in->fan_in', 'fan_in->fan_in', 'fan_in->fan_in']",5,0,1.0,True,"[79, 89]"
TRAJ0611,10,2,1,1,1,fan_in,fan_in,['fan_in->fan_in'],1,0,1.0,True,"[79, 86]"
TRAJ0612,11,5,2,1,1,fan_in,rapid_pass_through,['fan_in->fan_in'],1,1,1.5,True,"[79, 95]"
TRAJ0613,6,2,1,1,1,fan_in,fan_in,['fan_in->fan_in'],1,0,1.0,True,"[79, 86]"
TRAJ0614,13,6,2,1,1,rapid_pass_through,rapid_pass_through,['fan_in->fan_in'],1,1,1.5,True,"[81, 95]"
TRAJ0615,7,2,1,1,1,fan_in,fan_in,['fan_in->fan_in'],1,0,1.0,True,"[80, 87]"
TRAJ0616,14,4,2,1,1,fan_in,rapid_pass_through,['fan_in->fan_in'],1,1,1.5,True,"[80, 89]"
TRAJ0617,9,2,1,1,1,fan_in,fan_in,['fan_in->fan_in'],1,0,1.0,True,"[80, 87]"
TRAJ0618,7,2,1,1,1,fan_in,fan_in,['fan_in->fan_in'],1,0,1.0,True,"[80, 87]"
TRAJ0619,10,3,2,2,2,fan_in,fan_in,['fan_in->fan_in'],1,1,1.5,True,"[80, 85]"
TRAJ0620,8,2,1,1,1,fan_in,fan_in,['fan_in->fan_in'],1,0,1.0,True,"[80, 87]"
TRAJ0621,13,3,1,2,2,fan_in,fan_in,"['fan_in->fan_in', 'fan_in->fan_in']",2,0,1.0,True,"[81, 89]"
TRAJ0622,19,6,1,3,3,fan_in,fan_in,"['fan_in->fan_in', 'fan_in->fan_in', 'fan_in->fan_in', 'fan_in->fan_in', 'fan_in->fan_in']",5,0,1.0,True,"[81, 91]"
TRAJ0623,16,6,2,2,2,rapid_pass_through,fan_in,"['fan_in->fan_in', 'fan_in->fan_in', 'fan_in->fan_in']",3,1,1.5,True,"[83, 97]"
TRAJ0624,7,2,1,1,1,fan_in,fan_in,['fan_in->fan_in'],1,0,1.0,True,"[82, 89]"
TRAJ0625,11,2,1,1,1,fan_in,fan_in,['fan_in->fan_in'],1,0,1.0,True,"[82, 89]"
TRAJ0626,15,3,2,2,2,fan_in,fan_in,['fan_in->fan_in'],1,1,1.5,True,"[82, 89]"
TRAJ0627,8,3,1,2,2,fan_in,fan_in,"['fan_in->fan_in', 'fan_in->fan_in']",2,0,1.0,True,"[82, 90]"
TRAJ0628,6,2,1,1,1,fan_in,fan_in,['fan_in->fan_in'],1,0,1.0,True,"[82, 89]"
TRAJ0629,11,3,1,2,2,fan_in,fan_in,"['fan_in->fan_in', 'fan_in->fan_in']",2,0,1.0,True,"[82, 90]"
TRAJ0630,8,2,1,1,1,fan_in,fan_in,['fan_in->fan_in'],1,0,1.0,True,"[82, 89]"
TRAJ0631,15,6,2,1,1,fan_in,rapid_pass_through,"['fan_in->fan_in', 'fan_in->fan_in']",2,1,1.5,True,"[82, 96]"
TRAJ0632,13,6,3,2,2,rapid_pass_through,rapid_pass_through,"['fan_in->fan_in', 'fan_in->repeated_intermediary']",2,2,3.5,True,"[84, 94]"
TRAJ0633,30,13,4,2,2,fan_in,rapid_pass_through,"['fan_in->fan_in', 'fan_in->layering', 'layering->fan_in', 'fan_in->fan_in', 'fan_in->repeated_intermediary']",5,3,5.5,True,"[83, 97]"
TRAJ0634,11,2,1,1,1,fan_in,fan_in,['fan_in->fan_in'],1,0,1.0,True,"[83, 90]"
TRAJ0635,13,4,2,1,1,fan_in,rapid_pass_through,"['fan_in->fan_in', 'fan_in->fan_in']",2,1,1.5,True,"[83, 95]"
TRAJ0636,9,3,2,1,1,fan_in,rapid_pass_through,['fan_in->fan_in'],1,1,1.5,True,"[83, 93]"
TRAJ0637,29,6,2,2,2,rapid_pass_through,fan_in,"['fan_in->fan_in', 'fan_in->fan_in', 'fan_in->fan_in', 'fan_in->fan_in']",4,1,1.5,True,"[84, 94]"
TRAJ0638,18,6,2,2,2,fan_in,fan_in,"['fan_in->fan_in', 'fan_in->fan_in', 'fan_in->fan_in']",3,1,1.5,True,"[84, 94]"
TRAJ0639,14,3,1,1,1,fan_in,fan_in,"['fan_in->fan_in', 'fan_in->fan_in']",2,0,1.0,True,"[84, 91]"
TRAJ0640,6,2,1,1,1,fan_in,fan_in,['fan_in->fan_in'],1,0,1.0,True,"[84, 91]"
TRAJ0641,9,2,1,1,1,fan_in,fan_in,['fan_in->fan_in'],1,0,1.0,True,"[84, 91]"
TRAJ0642,7,2,1,1,1,fan_in,fan_in,['fan_in->fan_in'],1,0,1.0,True,"[84, 91]"
TRAJ0643,7,2,1,1,1,fan_in,fan_in,['fan_in->fan_in'],1,0,1.0,True,"[85, 92]"
TRAJ0644,9,2,1,1,1,fan_in,fan_in,['fan_in->fan_in'],1,0,1.0,True,"[85, 89]"
TRAJ0645,28,8,2,4,4,fan_in,fan_in,"['fan_in->fan_in', 'fan_in->fan_in', 'fan_in->fan_in', 'fan_in->fan_in', 'fan_in->fan_in']",5,1,1.5,True,"[85, 95]"
TRAJ0646,7,2,1,1,1,fan_in,fan_in,['fan_in->fan_in'],1,0,1.0,True,"[85, 95]"
TRAJ0647,13,2,1,1,1,fan_in,fan_in,['fan_in->fan_in'],1,0,1.0,True,"[85, 92]"
TRAJ0648,10,2,1,1,1,fan_in,fan_in,['fan_in->fan_in'],1,0,1.0,True,"[85, 92]"
TRAJ0649,9,3,2,1,1,fan_in,rapid_pass_through,['fan_in->fan_in'],1,1,1.5,True,"[85, 100]"
TRAJ0650,10,3,1,1,1,fan_in,fan_in,"['fan_in->fan_in', 'fan_in->fan_in']",2,0,1.0,True,"[85, 92]"
TRAJ0651,7,4,2,1,1,fan_in,rapid_pass_through,['fan_in->fan_in'],1,1,1.5,True,"[85, 94]"
TRAJ0652,11,5,2,1,1,rapid_pass_through,rapid_pass_through,['fan_in->fan_in'],1,1,1.5,True,"[87, 101]"
TRAJ0653,12,4,2,1,1,fan_in,rapid_pass_through,['fan_in->fan_in'],1,1,1.5,True,"[86, 95]"
TRAJ0654,22,6,2,2,2,fan_in,rapid_pass_through,"['fan_in->fan_in', 'fan_in->fan_in', 'fan_in->fan_in']",3,1,1.5,True,"[86, 103]"
TRAJ0655,14,3,1,1,1,fan_in,fan_in,"['fan_in->fan_in', 'fan_in->fan_in']",2,0,1.0,True,"[86, 93]"
TRAJ0656,8,2,1,1,1,fan_in,fan_in,['fan_in->fan_in'],1,0,1.0,True,"[86, 93]"
TRAJ0657,9,3,2,2,2,fan_in,fan_in,['fan_in->fan_in'],1,1,1.5,True,"[86, 90]"
TRAJ0658,7,2,1,1,1,fan_in,fan_in,['fan_in->fan_in'],1,0,1.0,True,"[86, 93]"
TRAJ0659,8,2,1,1,1,fan_in,fan_in,['fan_in->fan_in'],1,0,1.0,True,"[87, 94]"
TRAJ0660,8,2,1,1,1,fan_in,fan_in,['fan_in->fan_in'],1,0,1.0,True,"[87, 94]"
TRAJ0661,21,4,1,2,2,fan_in,fan_in,"['fan_in->fan_in', 'fan_in->fan_in', 'fan_in->fan_in']",3,0,1.0,True,"[87, 96]"
TRAJ0662,6,2,1,1,1,fan_in,fan_in,['fan_in->fan_in'],1,0,1.0,True,"[87, 94]"
TRAJ0663,8,2,1,1,1,fan_in,fan_in,['fan_in->fan_in'],1,0,1.0,True,"[87, 94]"
TRAJ0664,17,7,3,3,3,fan_in,rapid_pass_through,"['fan_in->fan_in', 'fan_in->split_merge', 'split_merge->fan_in']",3,2,3.5,True,"[87, 101]"
TRAJ0665,11,3,1,2,2,fan_in,fan_in,"['fan_in->fan_in', 'fan_in->fan_in']",2,0,1.0,True,"[87, 95]"
TRAJ0666,6,2,1,1,1,fan_in,fan_in,['fan_in->fan_in'],1,0,1.0,True,"[87, 94]"
TRAJ0667,10,2,1,1,1,fan_in,fan_in,['fan_in->fan_in'],1,0,1.0,True,"[88, 95]"
TRAJ0668,7,2,1,1,1,fan_in,fan_in,['fan_in->fan_in'],1,0,1.0,True,"[88, 95]"
TRAJ0669,7,2,1,1,1,fan_in,fan_in,['fan_in->fan_in'],1,0,1.0,True,"[88, 95]"
TRAJ0670,21,8,2,2,2,fan_in,rapid_pass_through,"['fan_in->fan_in', 'fan_in->fan_in', 'fan_in->fan_in', 'fan_in->fan_in']",4,1,1.5,True,"[88, 99]"
TRAJ0671,16,6,2,3,3,fan_in,fan_in,"['fan_in->fan_in', 'fan_in->fan_in', 'fan_in->fan_in']",3,1,1.5,True,"[88, 97]"
TRAJ0672,19,7,2,4,4,fan_in,rapid_pass_through,"['fan_in->fan_in', 'fan_in->fan_in', 'fan_in->fan_in', 'fan_in->fan_in']",4,1,1.5,True,"[88, 98]"
TRAJ0673,8,2,1,1,1,fan_in,fan_in,['fan_in->fan_in'],1,0,1.0,True,"[88, 95]"
TRAJ0674,14,3,1,1,1,fan_in,fan_in,"['fan_in->fan_in', 'fan_in->fan_in']",2,0,1.0,True,"[88, 95]"
TRAJ0675,7,2,1,1,1,fan_in,fan_in,['fan_in->fan_in'],1,0,1.0,True,"[88, 95]"
TRAJ0676,13,3,1,2,2,fan_in,fan_in,"['fan_in->fan_in', 'fan_in->fan_in']",2,0,1.0,True,"[88, 96]"
TRAJ0677,6,2,1,1,1,fan_in,fan_in,['fan_in->fan_in'],1,0,1.0,True,"[89, 96]"
TRAJ0678,16,6,2,3,3,fan_in,fan_in,"['fan_in->fan_in', 'fan_in->fan_in', 'fan_in->fan_in']",3,1,1.5,True,"[89, 98]"
TRAJ0679,9,2,1,1,1,fan_in,fan_in,['fan_in->fan_in'],1,0,1.0,True,"[89, 96]"
TRAJ0680,11,2,1,1,1,fan_in,fan_in,['fan_in->fan_in'],1,0,1.0,True,"[89, 96]"
TRAJ0681,17,6,3,2,2,fan_in,rapid_pass_through,"['fan_in->fan_in', 'fan_in->fan_in', 'fan_in->split_merge']",3,2,3.5,True,"[89, 99]"
TRAJ0682,9,3,2,1,1,fan_in,circular_flow,"['fan_in->fan_in', 'fan_in->circular_flow']",2,1,4.0,True,"[89, 100]"
TRAJ0683,15,6,2,2,2,rapid_pass_through,rapid_pass_through,"['fan_in->fan_in', 'fan_in->fan_in']",2,1,1.5,True,"[91, 105]"
TRAJ0684,9,2,1,1,1,fan_in,fan_in,['fan_in->fan_in'],1,0,1.0,True,"[90, 97]"
TRAJ0685,16,5,2,1,1,fan_in,rapid_pass_through,"['fan_in->fan_in', 'fan_in->fan_in']",2,1,1.5,True,"[90, 99]"
TRAJ0686,12,2,1,1,1,fan_in,fan_in,['fan_in->fan_in'],1,0,1.0,True,"[90, 97]"
TRAJ0687,9,2,1,1,1,fan_in,fan_in,['fan_in->fan_in'],1,0,1.0,True,"[90, 97]"
TRAJ0688,7,2,1,1,1,fan_in,fan_in,['fan_in->fan_in'],1,0,1.0,True,"[90, 97]"
TRAJ0689,16,6,3,1,1,fan_in,fan_in,"['fan_in->layering', 'layering->fan_in', 'fan_in->fan_in']",3,2,3.5,True,"[90, 97]"
TRAJ0690,10,2,1,1,1,fan_in,fan_in,['fan_in->fan_in'],1,0,1.0,True,"[90, 97]"
TRAJ0691,12,4,2,2,2,rapid_pass_through,fan_in,['fan_in->fan_in'],1,1,1.5,True,"[91, 99]"
TRAJ0692,6,2,1,1,1,fan_in,fan_in,['fan_in->fan_in'],1,0,1.0,True,"[91, 98]"
TRAJ0693,10,2,1,1,1,fan_in,fan_in,['fan_in->fan_in'],1,0,1.0,True,"[91, 98]"
TRAJ0694,11,3,1,2,2,fan_in,fan_in,"['fan_in->fan_in', 'fan_in->fan_in']",2,0,1.0,True,"[91, 99]"
TRAJ0695,12,4,1,1,1,fan_in,fan_in,"['fan_in->fan_in', 'fan_in->fan_in', 'fan_in->fan_in']",3,0,1.0,True,"[91, 101]"
TRAJ0696,21,5,1,2,2,fan_in,fan_in,"['fan_in->fan_in', 'fan_in->fan_in', 'fan_in->fan_in', 'fan_in->fan_in']",4,0,1.0,True,"[91, 101]"
TRAJ0697,15,3,1,1,1,fan_in,fan_in,"['fan_in->fan_in', 'fan_in->fan_in']",2,0,1.0,True,"[91, 100]"
TRAJ0698,8,2,1,1,1,fan_in,fan_in,['fan_in->fan_in'],1,0,1.0,True,"[91, 98]"
TRAJ0699,11,6,3,1,1,fan_in,circular_flow,"['fan_in->fan_in', 'fan_in->circular_flow', 'circular_flow->circular_flow']",3,2,4.5,True,"[91, 105]"
TRAJ0700,17,6,2,2,2,rapid_pass_through,fan_in,"['fan_in->fan_in', 'fan_in->fan_in', 'fan_in->fan_in']",3,1,1.5,True,"[92, 109]"
TRAJ0701,8,3,2,1,1,fan_in,rapid_pass_through,['fan_in->fan_in'],1,1,1.5,True,"[92, 106]"
TRAJ0702,10,3,1,1,1,fan_in,fan_in,"['fan_in->fan_in', 'fan_in->fan_in']",2,0,1.0,True,"[92, 99]"
TRAJ0703,10,3,2,1,1,fan_in,split_merge,"['fan_in->fan_in', 'fan_in->split_merge']",2,1,3.0,True,"[92, 99]"
TRAJ0704,8,2,1,1,1,fan_in,fan_in,['fan_in->fan_in'],1,0,1.0,True,"[92, 99]"
TRAJ0705,13,3,1,1,1,fan_in,fan_in,"['fan_in->fan_in', 'fan_in->fan_in']",2,0,1.0,True,"[92, 99]"
TRAJ0706,17,4,1,2,2,fan_in,fan_in,"['fan_in->fan_in', 'fan_in->fan_in', 'fan_in->fan_in']",3,0,1.0,True,"[92, 100]"
TRAJ0707,6,2,1,1,1,fan_in,fan_in,['fan_in->fan_in'],1,0,1.0,True,"[92, 99]"
TRAJ0708,6,2,1,1,1,fan_in,fan_in,['fan_in->fan_in'],1,0,1.0,True,"[92, 99]"
TRAJ0709,10,3,1,2,2,fan_in,fan_in,"['fan_in->fan_in', 'fan_in->fan_in']",2,0,1.0,True,"[92, 100]"
TRAJ0710,14,4,1,2,2,fan_in,fan_in,"['fan_in->fan_in', 'fan_in->fan_in', 'fan_in->fan_in']",3,0,1.0,True,"[92, 100]"
TRAJ0711,10,3,1,1,1,fan_in,fan_in,"['fan_in->fan_in', 'fan_in->fan_in']",2,0,1.0,True,"[92, 99]"
TRAJ0712,6,2,1,1,1,fan_in,fan_in,['fan_in->fan_in'],1,0,1.0,True,"[92, 99]"
TRAJ0713,11,2,1,1,1,fan_in,fan_in,['fan_in->fan_in'],1,0,1.0,True,"[93, 96]"
TRAJ0714,13,4,2,2,2,fan_in,fan_in,"['fan_in->fan_in', 'fan_in->fan_in']",2,1,1.5,True,"[93, 101]"
TRAJ0715,10,3,1,1,1,fan_in,fan_in,"['fan_in->fan_in', 'fan_in->fan_in']",2,0,1.0,True,"[93, 100]"
TRAJ0716,8,2,1,1,1,fan_in,fan_in,['fan_in->fan_in'],1,0,1.0,True,"[93, 100]"
TRAJ0717,20,4,1,2,2,fan_in,fan_in,"['fan_in->fan_in', 'fan_in->fan_in', 'fan_in->fan_in']",3,0,1.0,True,"[93, 103]"
TRAJ0718,16,5,2,3,3,fan_in,fan_in,"['fan_in->fan_in', 'fan_in->fan_in']",2,1,1.5,True,"[93, 102]"
TRAJ0719,8,2,1,1,1,fan_in,fan_in,['fan_in->fan_in'],1,0,1.0,True,"[93, 100]"
TRAJ0720,17,3,1,2,2,fan_in,fan_in,"['fan_in->fan_in', 'fan_in->fan_in']",2,0,1.0,True,"[93, 100]"
TRAJ0721,9,2,1,1,1,fan_in,fan_in,['fan_in->fan_in'],1,0,1.0,True,"[93, 95]"
TRAJ0722,6,2,1,1,1,fan_in,fan_in,['fan_in->fan_in'],1,0,1.0,True,"[93, 100]"
TRAJ0723,8,2,1,1,1,fan_in,fan_in,['fan_in->fan_in'],1,0,1.0,True,"[93, 97]"
TRAJ0724,12,4,2,1,1,fan_in,fan_in,"['fan_in->fan_in', 'fan_in->fan_in']",2,1,1.5,True,"[94, 101]"
TRAJ0725,8,2,1,2,2,fan_in,fan_in,['fan_in->fan_in'],1,0,1.0,True,"[94, 95]"
TRAJ0726,14,4,2,1,1,fan_in,rapid_pass_through,['fan_in->fan_in'],1,1,1.5,True,"[94, 103]"
TRAJ0727,7,2,1,1,1,fan_in,fan_in,['fan_in->fan_in'],1,0,1.0,True,"[94, 101]"
TRAJ0728,7,2,1,1,1,fan_in,fan_in,['fan_in->fan_in'],1,0,1.0,True,"[94, 101]"
TRAJ0729,10,2,1,1,1,fan_in,fan_in,['fan_in->fan_in'],1,0,1.0,True,"[95, 102]"
TRAJ0730,5,2,1,1,1,fan_in,fan_in,['fan_in->fan_in'],1,0,1.0,True,"[95, 102]"
TRAJ0731,16,4,1,1,1,fan_in,fan_in,"['fan_in->fan_in', 'fan_in->fan_in', 'fan_in->fan_in']",3,0,1.0,True,"[95, 104]"
TRAJ0732,14,4,2,2,2,fan_in,rapid_pass_through,['fan_in->fan_in'],1,1,1.5,True,"[95, 105]"
TRAJ0733,16,8,3,3,3,rapid_pass_through,rapid_pass_through,"['fan_in->repeated_intermediary', 'repeated_intermediary->fan_in']",2,2,3.5,True,"[96, 112]"
TRAJ0734,8,2,1,1,1,fan_in,fan_in,['fan_in->fan_in'],1,0,1.0,True,"[96, 103]"
TRAJ0735,9,2,1,1,1,fan_in,fan_in,['fan_in->fan_in'],1,0,1.0,True,"[96, 103]"
TRAJ0736,15,2,1,1,1,fan_in,fan_in,['fan_in->fan_in'],1,0,1.0,True,"[96, 103]"
TRAJ0737,8,2,1,1,1,fan_in,fan_in,['fan_in->fan_in'],1,0,1.0,True,"[96, 103]"
TRAJ0738,9,3,1,2,2,fan_in,fan_in,"['fan_in->fan_in', 'fan_in->fan_in']",2,0,1.0,True,"[96, 104]"
TRAJ0739,14,5,2,2,2,fan_in,fan_in,"['fan_in->fan_in', 'fan_in->fan_in', 'fan_in->fan_in']",3,1,1.5,True,"[96, 104]"
TRAJ0740,10,3,1,2,2,fan_in,fan_in,"['fan_in->fan_in', 'fan_in->fan_in']",2,0,1.0,True,"[97, 105]"
TRAJ0741,8,2,1,1,1,fan_in,fan_in,['fan_in->fan_in'],1,0,1.0,True,"[97, 104]"
TRAJ0742,14,5,2,2,2,fan_in,fan_in,"['fan_in->fan_in', 'fan_in->fan_in']",2,1,1.5,True,"[97, 107]"
TRAJ0743,22,6,2,1,1,fan_in,rapid_pass_through,"['fan_in->fan_in', 'fan_in->fan_in', 'fan_in->fan_in']",3,1,1.5,True,"[97, 109]"
TRAJ0744,6,2,1,1,1,fan_in,fan_in,['fan_in->fan_in'],1,0,1.0,True,"[97, 104]"
TRAJ0745,10,4,2,1,1,fan_in,rapid_pass_through,['fan_in->fan_in'],1,1,1.5,True,"[98, 107]"
TRAJ0746,16,4,1,2,2,fan_in,fan_in,"['fan_in->fan_in', 'fan_in->fan_in', 'fan_in->fan_in']",3,0,1.0,True,"[98, 106]"
TRAJ0747,15,3,1,2,2,fan_in,fan_in,"['fan_in->fan_in', 'fan_in->fan_in']",2,0,1.0,True,"[98, 106]"
TRAJ0748,12,3,1,1,1,fan_in,fan_in,"['fan_in->fan_in', 'fan_in->fan_in']",2,0,1.0,True,"[98, 105]"
TRAJ0749,32,12,3,5,5,fan_in,rapid_pass_through,"['fan_in->fan_in', 'fan_in->fan_in', 'fan_in->fan_in', 'fan_in->fan_in', 'fan_in->layering', 'layering->layering', 'layering->layering', 'layering->fan_in']",8,2,3.5,True,"[98, 112]"
TRAJ0750,10,6,3,2,2,rapid_pass_through,rapid_pass_through,['layering->repeated_intermediary'],1,2,4.5,True,"[100, 109]"
TRAJ0751,9,4,2,1,1,rapid_pass_through,rapid_pass_through,['fan_in->fan_in'],1,1,1.5,True,"[99, 120]"
TRAJ0752,29,9,2,2,2,fan_in,rapid_pass_through,"['fan_in->fan_in', 'fan_in->fan_in', 'fan_in->fan_in', 'fan_in->fan_in', 'fan_in->fan_in', 'fan_in->fan_in']",6,1,1.5,True,"[99, 111]"
TRAJ0753,8,2,1,1,1,fan_in,fan_in,['fan_in->fan_in'],1,0,1.0,True,"[99, 106]"
TRAJ0754,11,3,1,1,1,fan_in,fan_in,"['fan_in->fan_in', 'fan_in->fan_in']",2,0,1.0,True,"[99, 109]"
TRAJ0755,11,2,1,1,1,fan_in,fan_in,['fan_in->fan_in'],1,0,1.0,True,"[99, 106]"
TRAJ0756,8,3,2,1,1,fan_in,fan_in,"['fan_in->circular_flow', 'circular_flow->fan_in']",2,1,4.0,True,"[99, 106]"
TRAJ0757,8,2,1,1,1,fan_in,fan_in,['fan_in->fan_in'],1,0,1.0,True,"[99, 106]"
TRAJ0758,11,3,1,1,1,fan_in,fan_in,"['fan_in->fan_in', 'fan_in->fan_in']",2,0,1.0,True,"[99, 108]"
TRAJ0759,8,4,2,1,1,fan_in,rapid_pass_through,['fan_in->fan_in'],1,1,1.5,True,"[99, 108]"
TRAJ0760,9,4,2,1,1,fan_in,rapid_pass_through,['fan_in->fan_in'],1,1,1.5,True,"[100, 109]"
TRAJ0761,20,8,3,3,3,fan_in,rapid_pass_through,"['fan_in->fan_in', 'fan_in->fan_in', 'fan_in->fan_in', 'fan_in->repeated_intermediary']",4,2,3.5,True,"[100, 109]"
TRAJ0762,11,2,1,1,1,fan_in,fan_in,['fan_in->fan_in'],1,0,1.0,True,"[100, 107]"
TRAJ0763,16,5,2,1,1,fan_in,rapid_pass_through,"['fan_in->fan_in', 'fan_in->fan_in']",2,1,1.5,True,"[100, 109]"
TRAJ0764,24,8,3,4,4,layering,rapid_pass_through,"['layering->fan_in', 'fan_in->fan_in', 'fan_in->fan_in', 'fan_in->fan_in', 'fan_in->fan_in']",5,2,3.5,True,"[102, 112]"
TRAJ0765,16,4,2,2,2,rapid_pass_through,fan_in,"['fan_in->fan_in', 'fan_in->fan_in']",2,1,1.5,True,"[101, 104]"
TRAJ0766,20,7,2,2,2,rapid_pass_through,fan_in,"['fan_in->fan_in', 'fan_in->fan_in', 'fan_in->fan_in', 'fan_in->fan_in']",4,1,1.5,True,"[102, 111]"
TRAJ0767,17,7,2,3,3,rapid_pass_through,rapid_pass_through,"['fan_in->fan_in', 'fan_in->fan_in']",2,1,1.5,True,"[102, 123]"
TRAJ0768,15,4,1,2,2,fan_in,fan_in,"['fan_in->fan_in', 'fan_in->fan_in', 'fan_in->fan_in']",3,0,1.0,True,"[101, 108]"
TRAJ0769,8,2,1,1,1,fan_in,fan_in,['fan_in->fan_in'],1,0,1.0,True,"[101, 108]"
TRAJ0770,8,2,1,1,1,fan_in,fan_in,['fan_in->fan_in'],1,0,1.0,True,"[101, 108]"
TRAJ0771,10,2,1,1,1,fan_in,fan_in,['fan_in->fan_in'],1,0,1.0,True,"[101, 108]"
TRAJ0772,16,4,1,2,2,fan_in,fan_in,"['fan_in->fan_in', 'fan_in->fan_in', 'fan_in->fan_in']",3,0,1.0,True,"[101, 109]"
TRAJ0773,8,2,1,1,1,fan_in,fan_in,['fan_in->fan_in'],1,0,1.0,True,"[102, 109]"
TRAJ0774,33,11,3,4,4,fan_in,layering,"['fan_in->fan_in', 'fan_in->fan_in', 'fan_in->fan_in', 'fan_in->fan_in', 'fan_in->fan_in', 'fan_in->layering', 'layering->layering', 'layering->layering']",8,2,3.5,True,"[102, 114]"
TRAJ0775,25,8,2,3,3,fan_in,fan_in,"['fan_in->fan_in', 'fan_in->fan_in', 'fan_in->fan_in', 'fan_in->fan_in', 'fan_in->fan_in']",5,1,1.5,True,"[102, 111]"
TRAJ0776,8,2,1,1,1,fan_in,fan_in,['fan_in->fan_in'],1,0,1.0,True,"[102, 109]"
TRAJ0777,7,2,1,1,1,fan_in,fan_in,['fan_in->fan_in'],1,0,1.0,True,"[102, 109]"
TRAJ0778,7,2,1,1,1,fan_in,fan_in,['fan_in->fan_in'],1,0,1.0,True,"[102, 109]"
TRAJ0779,8,2,1,1,1,fan_in,fan_in,['fan_in->fan_in'],1,0,1.0,True,"[102, 109]"
TRAJ0780,18,5,2,2,2,fan_in,fan_in,"['fan_in->fan_in', 'fan_in->fan_in']",2,1,1.5,True,"[103, 113]"
TRAJ0781,5,2,1,1,1,fan_in,fan_in,['fan_in->fan_in'],1,0,1.0,True,"[103, 110]"
TRAJ0782,9,2,1,1,1,fan_in,fan_in,['fan_in->fan_in'],1,0,1.0,True,"[103, 110]"
TRAJ0783,18,6,2,2,2,fan_in,rapid_pass_through,"['fan_in->fan_in', 'fan_in->fan_in', 'fan_in->fan_in']",3,1,1.5,True,"[103, 113]"
TRAJ0784,7,2,1,1,1,fan_in,fan_in,['fan_in->fan_in'],1,0,1.0,True,"[103, 110]"
TRAJ0785,21,8,2,2,2,rapid_pass_through,rapid_pass_through,"['fan_in->fan_in', 'fan_in->fan_in', 'fan_in->fan_in']",3,1,1.5,True,"[105, 126]"
TRAJ0786,10,5,2,2,2,rapid_pass_through,rapid_pass_through,['fan_in->fan_in'],1,1,1.5,True,"[105, 126]"
TRAJ0787,6,2,1,1,1,fan_in,fan_in,['fan_in->fan_in'],1,0,1.0,True,"[104, 111]"
TRAJ0788,15,5,2,1,1,fan_in,rapid_pass_through,"['fan_in->fan_in', 'fan_in->fan_in']",2,1,1.5,True,"[104, 113]"
TRAJ0789,9,2,1,1,1,fan_in,fan_in,['fan_in->fan_in'],1,0,1.0,True,"[104, 111]"
TRAJ0790,8,2,1,1,1,fan_in,fan_in,['fan_in->fan_in'],1,0,1.0,True,"[104, 111]"
TRAJ0791,6,2,1,1,1,fan_in,fan_in,['fan_in->fan_in'],1,0,1.0,True,"[104, 111]"
TRAJ0792,13,4,1,1,1,fan_in,fan_in,"['fan_in->fan_in', 'fan_in->fan_in', 'fan_in->fan_in']",3,0,1.0,True,"[104, 114]"
TRAJ0793,11,5,2,1,1,rapid_pass_through,rapid_pass_through,['fan_in->fan_in'],1,1,1.5,True,"[106, 120]"
TRAJ0794,26,7,2,3,3,fan_in,rapid_pass_through,"['fan_in->fan_in', 'fan_in->fan_in', 'fan_in->fan_in']",3,1,1.5,True,"[105, 121]"
TRAJ0795,24,4,1,1,1,fan_in,fan_in,"['fan_in->fan_in', 'fan_in->fan_in', 'fan_in->fan_in']",3,0,1.0,True,"[105, 114]"
TRAJ0796,6,2,1,1,1,fan_in,fan_in,['fan_in->fan_in'],1,0,1.0,True,"[105, 112]"
TRAJ0797,12,3,1,1,1,fan_in,fan_in,"['fan_in->fan_in', 'fan_in->fan_in']",2,0,1.0,True,"[105, 112]"
TRAJ0798,9,2,1,1,1,fan_in,fan_in,['fan_in->fan_in'],1,0,1.0,True,"[105, 112]"
TRAJ0799,9,2,1,1,1,fan_in,fan_in,['fan_in->fan_in'],1,0,1.0,True,"[105, 112]"
TRAJ0800,16,5,2,2,2,fan_in,fan_in,"['fan_in->fan_in', 'fan_in->fan_in']",2,1,1.5,True,"[105, 115]"
TRAJ0801,17,5,2,1,1,fan_in,fan_in,"['fan_in->circular_flow', 'circular_flow->fan_in', 'fan_in->fan_in', 'fan_in->fan_in']",4,1,4.0,True,"[105, 114]"
TRAJ0802,7,3,2,2,2,fan_in,fan_in,['fan_in->fan_in'],1,1,1.5,True,"[105, 113]"
TRAJ0803,12,6,2,2,2,rapid_pass_through,rapid_pass_through,"['fan_in->fan_in', 'fan_in->fan_in']",2,1,1.5,True,"[107, 121]"
TRAJ0804,9,3,1,1,1,fan_in,fan_in,"['fan_in->fan_in', 'fan_in->fan_in']",2,0,1.0,True,"[106, 113]"
TRAJ0805,13,4,2,2,2,fan_in,fan_in,"['fan_in->fan_in', 'fan_in->fan_in']",2,1,1.5,True,"[106, 113]"
TRAJ0806,15,3,1,1,1,fan_in,fan_in,"['fan_in->fan_in', 'fan_in->fan_in']",2,0,1.0,True,"[106, 115]"
TRAJ0807,12,3,2,1,1,fan_in,rapid_pass_through,['fan_in->fan_in'],1,1,1.5,True,"[106, 113]"
TRAJ0808,9,4,2,1,1,fan_in,rapid_pass_through,['fan_in->fan_in'],1,1,1.5,True,"[106, 115]"
TRAJ0809,8,2,1,1,1,fan_in,fan_in,['fan_in->fan_in'],1,0,1.0,True,"[106, 113]"
TRAJ0810,9,2,1,1,1,fan_in,fan_in,['fan_in->fan_in'],1,0,1.0,True,"[106, 113]"
TRAJ0811,8,2,1,1,1,fan_in,fan_in,['fan_in->fan_in'],1,0,1.0,True,"[106, 113]"
TRAJ0812,8,2,1,1,1,fan_in,fan_in,['fan_in->fan_in'],1,0,1.0,True,"[106, 113]"
TRAJ0813,14,7,3,2,2,split_merge,rapid_pass_through,"['split_merge->fan_in', 'fan_in->fan_in']",2,2,3.5,True,"[106, 121]"
TRAJ0814,9,2,1,1,1,fan_in,fan_in,['fan_in->fan_in'],1,0,1.0,True,"[107, 114]"
TRAJ0815,29,9,2,3,3,fan_in,rapid_pass_through,"['fan_in->fan_in', 'fan_in->fan_in', 'fan_in->fan_in', 'fan_in->fan_in', 'fan_in->fan_in']",5,1,1.5,True,"[107, 125]"
TRAJ0816,28,6,2,5,5,fan_in,fan_in,"['fan_in->fan_in', 'fan_in->fan_in', 'fan_in->fan_in', 'fan_in->fan_in']",4,1,1.5,True,"[107, 118]"
TRAJ0817,11,2,1,1,1,fan_in,fan_in,['fan_in->fan_in'],1,0,1.0,True,"[107, 114]"
TRAJ0818,17,6,2,3,3,fan_in,rapid_pass_through,"['fan_in->fan_in', 'fan_in->fan_in']",2,1,1.5,True,"[107, 123]"
TRAJ0819,20,5,2,1,1,fan_in,fan_in,"['fan_in->fan_in', 'fan_in->fan_in']",2,1,1.5,True,"[108, 117]"
TRAJ0820,19,5,2,3,3,fan_in,fan_in,"['fan_in->fan_in', 'fan_in->fan_in', 'fan_in->fan_in']",3,1,1.5,True,"[108, 117]"
TRAJ0821,21,6,1,2,2,fan_in,fan_in,"['fan_in->fan_in', 'fan_in->fan_in', 'fan_in->fan_in', 'fan_in->fan_in', 'fan_in->fan_in']",5,0,1.0,True,"[108, 118]"
TRAJ0822,10,2,1,1,1,fan_in,fan_in,['fan_in->fan_in'],1,0,1.0,True,"[108, 115]"
TRAJ0823,7,2,1,1,1,fan_in,fan_in,['fan_in->fan_in'],1,0,1.0,True,"[108, 115]"
TRAJ0824,7,2,1,1,1,fan_in,fan_in,['fan_in->fan_in'],1,0,1.0,True,"[108, 110]"
TRAJ0825,11,3,2,1,1,layering,fan_in,"['layering->fan_in', 'fan_in->fan_in']",2,1,3.0,True,"[110, 117]"
TRAJ0826,15,8,2,1,1,rapid_pass_through,rapid_pass_through,"['fan_in->fan_in', 'fan_in->fan_in']",2,1,1.5,True,"[108, 132]"
TRAJ0827,12,2,1,1,1,fan_in,fan_in,['fan_in->fan_in'],1,0,1.0,True,"[109, 116]"
TRAJ0828,6,2,1,1,1,fan_in,fan_in,['fan_in->fan_in'],1,0,1.0,True,"[109, 116]"
TRAJ0829,12,6,2,1,1,rapid_pass_through,rapid_pass_through,['fan_in->fan_in'],1,1,1.5,True,"[111, 132]"
TRAJ0830,8,2,1,1,1,fan_in,fan_in,['fan_in->fan_in'],1,0,1.0,True,"[110, 117]"
TRAJ0831,9,2,1,1,1,fan_in,fan_in,['fan_in->fan_in'],1,0,1.0,True,"[110, 117]"
TRAJ0832,10,3,1,2,2,fan_in,fan_in,"['fan_in->fan_in', 'fan_in->fan_in']",2,0,1.0,True,"[110, 117]"
TRAJ0833,10,3,1,2,2,fan_in,fan_in,"['fan_in->fan_in', 'fan_in->fan_in']",2,0,1.0,True,"[110, 118]"
TRAJ0834,6,2,1,1,1,fan_in,fan_in,['fan_in->fan_in'],1,0,1.0,True,"[110, 117]"
TRAJ0835,10,2,1,2,2,fan_in,fan_in,['fan_in->fan_in'],1,0,1.0,True,"[110, 111]"
TRAJ0836,7,2,1,1,1,fan_in,fan_in,['fan_in->fan_in'],1,0,1.0,True,"[110, 117]"
TRAJ0837,8,2,1,1,1,fan_in,fan_in,['fan_in->fan_in'],1,0,1.0,True,"[111, 118]"
TRAJ0838,16,4,1,2,2,fan_in,fan_in,"['fan_in->fan_in', 'fan_in->fan_in', 'fan_in->fan_in']",3,0,1.0,True,"[111, 119]"
TRAJ0839,11,2,1,1,1,fan_in,fan_in,['fan_in->fan_in'],1,0,1.0,True,"[111, 118]"
TRAJ0840,11,4,2,1,1,fan_in,rapid_pass_through,['fan_in->fan_in'],1,1,1.5,True,"[111, 120]"
TRAJ0841,17,5,2,1,1,fan_in,rapid_pass_through,"['fan_in->fan_in', 'fan_in->fan_in', 'fan_in->fan_in']",3,1,1.5,True,"[111, 123]"
TRAJ0842,11,4,2,1,1,fan_in,rapid_pass_through,['fan_in->fan_in'],1,1,1.5,True,"[111, 120]"
TRAJ0843,7,2,1,1,1,fan_in,fan_in,['fan_in->fan_in'],1,0,1.0,True,"[111, 118]"
TRAJ0844,10,4,2,1,1,fan_in,rapid_pass_through,['fan_in->fan_in'],1,1,1.5,True,"[112, 121]"
TRAJ0845,12,4,2,1,1,fan_in,fan_in,"['fan_in->circular_flow', 'circular_flow->fan_in', 'fan_in->fan_in']",3,1,4.0,True,"[112, 119]"
TRAJ0846,17,4,2,2,2,fan_in,rapid_pass_through,"['fan_in->fan_in', 'fan_in->fan_in']",2,1,1.5,True,"[112, 118]"
TRAJ0847,14,4,2,1,1,fan_in,fan_in,"['fan_in->fan_in', 'fan_in->fan_in']",2,1,1.5,True,"[112, 122]"
TRAJ0848,12,4,3,1,1,fan_in,rapid_pass_through,"['fan_in->fan_in', 'fan_in->layering']",2,2,3.5,True,"[112, 121]"
TRAJ0849,12,3,1,2,2,fan_in,fan_in,"['fan_in->fan_in', 'fan_in->fan_in']",2,0,1.0,True,"[112, 120]"
TRAJ0850,11,3,2,1,1,fan_in,rapid_pass_through,['fan_in->fan_in'],1,1,1.5,True,"[112, 124]"
TRAJ0851,6,2,1,1,1,fan_in,fan_in,['fan_in->fan_in'],1,0,1.0,True,"[112, 119]"
TRAJ0852,18,5,2,2,2,fan_in,rapid_pass_through,"['fan_in->fan_in', 'fan_in->fan_in', 'fan_in->fan_in']",3,1,1.5,True,"[113, 125]"
TRAJ0853,7,2,1,1,1,fan_in,fan_in,['fan_in->fan_in'],1,0,1.0,True,"[113, 120]"
TRAJ0854,13,3,1,1,1,fan_in,fan_in,"['fan_in->fan_in', 'fan_in->fan_in']",2,0,1.0,True,"[113, 123]"
TRAJ0855,20,3,1,1,1,fan_in,fan_in,"['fan_in->fan_in', 'fan_in->fan_in']",2,0,1.0,True,"[113, 120]"
TRAJ0856,8,2,1,1,1,fan_in,fan_in,['fan_in->fan_in'],1,0,1.0,True,"[113, 120]"
TRAJ0857,11,3,1,1,1,fan_in,fan_in,"['fan_in->fan_in', 'fan_in->fan_in']",2,0,1.0,True,"[113, 121]"
TRAJ0858,8,2,1,1,1,fan_in,fan_in,['fan_in->fan_in'],1,0,1.0,True,"[113, 120]"
TRAJ0859,9,4,2,1,1,fan_in,rapid_pass_through,['fan_in->fan_in'],1,1,1.5,True,"[113, 122]"
TRAJ0860,16,11,3,3,3,rapid_pass_through,rapid_pass_through,"['fan_in->repeated_intermediary', 'repeated_intermediary->fan_in']",2,2,3.5,True,"[115, 140]"
TRAJ0861,7,4,2,1,1,fan_in,rapid_pass_through,['fan_in->fan_in'],1,1,1.5,True,"[114, 123]"
TRAJ0862,13,5,2,3,3,fan_in,rapid_pass_through,"['fan_in->fan_in', 'fan_in->fan_in']",2,1,1.5,True,"[114, 123]"
TRAJ0863,8,2,1,1,1,fan_in,fan_in,['fan_in->fan_in'],1,0,1.0,True,"[114, 121]"
TRAJ0864,11,2,1,1,1,fan_in,fan_in,['fan_in->fan_in'],1,0,1.0,True,"[114, 121]"
TRAJ0865,22,6,2,3,3,fan_in,fan_in,"['fan_in->fan_in', 'fan_in->fan_in', 'fan_in->fan_in', 'fan_in->fan_in']",4,1,1.5,True,"[114, 123]"
TRAJ0866,11,7,3,2,2,rapid_pass_through,rapid_pass_through,['repeated_intermediary->fan_in'],1,2,3.5,True,"[116, 137]"
TRAJ0867,11,3,1,2,2,fan_in,fan_in,"['fan_in->fan_in', 'fan_in->fan_in']",2,0,1.0,True,"[115, 122]"
TRAJ0868,8,2,1,1,1,fan_in,fan_in,['fan_in->fan_in'],1,0,1.0,True,"[115, 121]"
TRAJ0869,13,3,1,1,1,fan_in,fan_in,"['fan_in->fan_in', 'fan_in->fan_in']",2,0,1.0,True,"[115, 125]"
TRAJ0870,11,3,2,1,1,fan_in,rapid_pass_through,['fan_in->fan_in'],1,1,1.5,True,"[115, 127]"
TRAJ0871,8,2,1,1,1,fan_in,fan_in,['fan_in->fan_in'],1,0,1.0,True,"[115, 122]"
TRAJ0872,14,3,1,2,2,fan_in,fan_in,"['fan_in->fan_in', 'fan_in->fan_in']",2,0,1.0,True,"[115, 123]"
TRAJ0873,6,2,1,1,1,fan_in,fan_in,['fan_in->fan_in'],1,0,1.0,True,"[116, 123]"
TRAJ0874,8,2,1,1,1,fan_in,fan_in,['fan_in->fan_in'],1,0,1.0,True,"[116, 123]"
TRAJ0875,7,2,1,1,1,fan_in,fan_in,['fan_in->fan_in'],1,0,1.0,True,"[116, 123]"
TRAJ0876,8,2,1,1,1,fan_in,fan_in,['fan_in->fan_in'],1,0,1.0,True,"[116, 123]"
TRAJ0877,17,7,2,4,4,fan_in,rapid_pass_through,"['fan_in->fan_in', 'fan_in->fan_in', 'fan_in->fan_in', 'fan_in->fan_in']",4,1,1.5,True,"[116, 126]"
TRAJ0878,19,4,1,1,1,fan_in,fan_in,"['fan_in->fan_in', 'fan_in->fan_in', 'fan_in->fan_in']",3,0,1.0,True,"[116, 125]"
TRAJ0879,5,2,1,1,1,fan_in,fan_in,['fan_in->fan_in'],1,0,1.0,True,"[116, 123]"
TRAJ0880,7,2,1,1,1,fan_in,fan_in,['fan_in->fan_in'],1,0,1.0,True,"[116, 123]"
TRAJ0881,6,2,1,1,1,fan_in,fan_in,['fan_in->fan_in'],1,0,1.0,True,"[117, 124]"
TRAJ0882,17,6,2,3,3,fan_in,fan_in,"['fan_in->fan_in', 'fan_in->fan_in', 'fan_in->fan_in']",3,1,1.5,True,"[117, 126]"
TRAJ0883,8,2,1,1,1,fan_in,fan_in,['fan_in->fan_in'],1,0,1.0,True,"[117, 124]"
TRAJ0884,10,2,1,1,1,fan_in,fan_in,['fan_in->fan_in'],1,0,1.0,True,"[117, 124]"
TRAJ0885,17,6,2,2,2,fan_in,rapid_pass_through,"['fan_in->fan_in', 'fan_in->fan_in', 'fan_in->fan_in']",3,1,1.5,True,"[117, 127]"
TRAJ0886,13,2,1,1,1,fan_in,fan_in,['fan_in->fan_in'],1,0,1.0,True,"[117, 124]"
TRAJ0887,18,5,2,2,2,rapid_pass_through,fan_in,"['fan_in->fan_in', 'fan_in->fan_in']",2,1,1.5,True,"[119, 126]"
TRAJ0888,9,2,1,1,1,fan_in,fan_in,['fan_in->fan_in'],1,0,1.0,True,"[118, 125]"
TRAJ0889,13,5,2,1,1,fan_in,rapid_pass_through,"['fan_in->fan_in', 'fan_in->fan_in']",2,1,1.5,True,"[118, 127]"
TRAJ0890,12,6,2,3,3,rapid_pass_through,rapid_pass_through,"['fan_in->fan_in', 'fan_in->fan_in']",2,1,1.5,True,"[119, 134]"
TRAJ0891,22,9,2,3,3,fan_in,rapid_pass_through,"['fan_in->fan_in', 'fan_in->fan_in', 'fan_in->fan_in', 'fan_in->fan_in', 'fan_in->fan_in']",5,1,1.5,True,"[119, 135]"
TRAJ0892,10,2,1,1,1,fan_in,fan_in,['fan_in->fan_in'],1,0,1.0,True,"[119, 126]"
TRAJ0893,15,4,2,1,1,fan_in,rapid_pass_through,"['fan_in->fan_in', 'fan_in->fan_in']",2,1,1.5,True,"[119, 131]"
TRAJ0894,7,2,1,1,1,fan_in,fan_in,['fan_in->fan_in'],1,0,1.0,True,"[119, 126]"
TRAJ0895,27,5,1,3,3,fan_in,fan_in,"['fan_in->fan_in', 'fan_in->fan_in', 'fan_in->fan_in', 'fan_in->fan_in']",4,0,1.0,True,"[119, 128]"
TRAJ0896,16,3,1,1,1,fan_in,fan_in,"['fan_in->fan_in', 'fan_in->fan_in']",2,0,1.0,True,"[119, 128]"
TRAJ0897,22,6,2,2,2,fan_in,fan_in,"['fan_in->fan_in', 'fan_in->fan_in', 'fan_in->fan_in']",3,1,1.5,True,"[119, 129]"
TRAJ0898,17,4,1,1,1,fan_in,fan_in,"['fan_in->fan_in', 'fan_in->fan_in', 'fan_in->fan_in']",3,0,1.0,True,"[119, 128]"
TRAJ0899,10,3,1,1,1,fan_in,fan_in,"['fan_in->fan_in', 'fan_in->fan_in']",2,0,1.0,True,"[119, 126]"
TRAJ0900,7,2,1,1,1,fan_in,fan_in,['fan_in->fan_in'],1,0,1.0,True,"[119, 126]"
TRAJ0901,8,2,1,1,1,fan_in,fan_in,['fan_in->fan_in'],1,0,1.0,True,"[120, 127]"
TRAJ0902,14,4,1,2,2,fan_in,fan_in,"['fan_in->fan_in', 'fan_in->fan_in', 'fan_in->fan_in']",3,0,1.0,True,"[120, 128]"
TRAJ0903,6,2,1,1,1,fan_in,fan_in,['fan_in->fan_in'],1,0,1.0,True,"[120, 127]"
TRAJ0904,8,2,1,1,1,fan_in,fan_in,['fan_in->fan_in'],1,0,1.0,True,"[120, 127]"
TRAJ0905,22,4,1,1,1,fan_in,fan_in,"['fan_in->fan_in', 'fan_in->fan_in', 'fan_in->fan_in']",3,0,1.0,True,"[120, 127]"
TRAJ0906,10,5,2,1,1,fan_in,rapid_pass_through,['fan_in->fan_in'],1,1,1.5,True,"[120, 136]"
TRAJ0907,17,4,1,1,1,fan_in,fan_in,"['fan_in->fan_in', 'fan_in->fan_in', 'fan_in->fan_in']",3,0,1.0,True,"[120, 129]"
TRAJ0908,8,2,1,1,1,fan_in,fan_in,['fan_in->fan_in'],1,0,1.0,True,"[120, 127]"
TRAJ0909,6,2,1,1,1,fan_in,fan_in,['fan_in->fan_in'],1,0,1.0,True,"[120, 127]"
TRAJ0910,19,4,1,2,2,fan_in,fan_in,"['fan_in->fan_in', 'fan_in->fan_in', 'fan_in->fan_in']",3,0,1.0,True,"[121, 131]"
TRAJ0911,10,4,2,1,1,fan_in,rapid_pass_through,['fan_in->fan_in'],1,1,1.5,True,"[121, 130]"
TRAJ0912,34,8,3,4,4,fan_in,fan_in,"['fan_in->layering', 'layering->fan_in', 'fan_in->fan_in', 'fan_in->fan_in', 'fan_in->fan_in', 'fan_in->fan_in']",6,2,3.5,True,"[121, 131]"
TRAJ0913,13,3,1,1,1,fan_in,fan_in,"['fan_in->fan_in', 'fan_in->fan_in']",2,0,1.0,True,"[121, 128]"
TRAJ0914,7,2,1,1,1,fan_in,fan_in,['fan_in->fan_in'],1,0,1.0,True,"[121, 128]"
TRAJ0915,8,2,1,2,2,fan_in,fan_in,['fan_in->fan_in'],1,0,1.0,True,"[121, 122]"
TRAJ0916,14,4,2,1,1,fan_in,rapid_pass_through,['fan_in->fan_in'],1,1,1.5,True,"[122, 131]"
TRAJ0917,10,2,1,1,1,fan_in,fan_in,['fan_in->fan_in'],1,0,1.0,True,"[122, 129]"
TRAJ0918,9,2,1,1,1,fan_in,fan_in,['fan_in->fan_in'],1,0,1.0,True,"[122, 129]"
TRAJ0919,17,6,2,1,1,fan_in,rapid_pass_through,"['fan_in->fan_in', 'fan_in->fan_in', 'fan_in->fan_in']",3,1,1.5,True,"[122, 141]"
TRAJ0920,9,2,1,1,1,fan_in,fan_in,['fan_in->fan_in'],1,0,1.0,True,"[122, 125]"
TRAJ0921,7,2,1,1,1,fan_in,fan_in,['fan_in->fan_in'],1,0,1.0,True,"[122, 129]"
TRAJ0922,6,2,1,1,1,fan_in,fan_in,['fan_in->fan_in'],1,0,1.0,True,"[122, 129]"
TRAJ0923,8,2,1,1,1,fan_in,fan_in,['fan_in->fan_in'],1,0,1.0,True,"[122, 129]"
TRAJ0924,7,2,1,1,1,fan_in,fan_in,['fan_in->fan_in'],1,0,1.0,True,"[122, 129]"
TRAJ0925,16,5,2,1,1,fan_in,rapid_pass_through,"['fan_in->fan_in', 'fan_in->fan_in']",2,1,1.5,True,"[123, 134]"
TRAJ0926,11,4,2,1,1,fan_in,rapid_pass_through,['fan_in->fan_in'],1,1,1.5,True,"[123, 132]"
TRAJ0927,10,3,2,1,1,fan_in,fan_in,['fan_in->fan_in'],1,1,1.5,True,"[123, 130]"
TRAJ0928,7,2,1,1,1,fan_in,fan_in,['fan_in->fan_in'],1,0,1.0,True,"[123, 130]"
TRAJ0929,8,2,1,1,1,fan_in,fan_in,['fan_in->fan_in'],1,0,1.0,True,"[123, 130]"
TRAJ0930,13,6,3,2,2,layering,fan_in,"['layering->fan_in', 'fan_in->fan_in']",2,2,3.5,True,"[124, 131]"
TRAJ0931,7,2,1,1,1,fan_in,fan_in,['fan_in->fan_in'],1,0,1.0,True,"[124, 131]"
TRAJ0932,26,5,1,3,3,fan_in,fan_in,"['fan_in->fan_in', 'fan_in->fan_in', 'fan_in->fan_in', 'fan_in->fan_in']",4,0,1.0,True,"[124, 131]"
TRAJ0933,9,2,1,1,1,fan_in,fan_in,['fan_in->fan_in'],1,0,1.0,True,"[124, 131]"
TRAJ0934,11,3,1,2,2,fan_in,fan_in,"['fan_in->fan_in', 'fan_in->fan_in']",2,0,1.0,True,"[124, 132]"
TRAJ0935,15,6,2,2,2,fan_in,rapid_pass_through,"['fan_in->fan_in', 'fan_in->fan_in', 'fan_in->fan_in']",3,1,1.5,True,"[124, 135]"
TRAJ0936,14,5,2,2,2,rapid_pass_through,fan_in,"['fan_in->fan_in', 'fan_in->fan_in', 'fan_in->fan_in']",3,1,1.5,True,"[126, 141]"
TRAJ0937,6,2,1,1,1,fan_in,fan_in,['fan_in->fan_in'],1,0,1.0,True,"[125, 132]"
TRAJ0938,11,2,1,1,1,fan_in,fan_in,['fan_in->fan_in'],1,0,1.0,True,"[125, 132]"
TRAJ0939,8,3,2,1,1,fan_in,rapid_pass_through,['fan_in->fan_in'],1,1,1.5,True,"[125, 139]"
TRAJ0940,7,2,1,1,1,fan_in,fan_in,['fan_in->fan_in'],1,0,1.0,True,"[125, 132]"
TRAJ0941,6,2,1,1,1,fan_in,fan_in,['fan_in->fan_in'],1,0,1.0,True,"[126, 133]"
TRAJ0942,10,4,2,1,1,fan_in,rapid_pass_through,['fan_in->fan_in'],1,1,1.5,True,"[126, 135]"
TRAJ0943,9,2,1,1,1,fan_in,fan_in,['fan_in->fan_in'],1,0,1.0,True,"[126, 133]"
TRAJ0944,20,9,2,3,3,fan_in,rapid_pass_through,"['fan_in->fan_in', 'fan_in->fan_in', 'fan_in->fan_in', 'fan_in->fan_in']",4,1,1.5,True,"[126, 147]"
TRAJ0945,8,2,1,1,1,fan_in,fan_in,['fan_in->fan_in'],1,0,1.0,True,"[126, 133]"
TRAJ0946,20,5,2,2,2,fan_in,rapid_pass_through,"['fan_in->fan_in', 'fan_in->fan_in', 'fan_in->fan_in']",3,1,1.5,True,"[126, 141]"
TRAJ0947,7,2,1,1,1,fan_in,fan_in,['fan_in->fan_in'],1,0,1.0,True,"[126, 133]"
TRAJ0948,10,5,4,1,1,layering,circular_flow,"['layering->fan_in', 'fan_in->circular_flow']",2,3,6.5,True,"[128, 137]"
TRAJ0949,14,5,2,1,1,rapid_pass_through,fan_in,"['fan_in->fan_in', 'fan_in->fan_in', 'fan_in->fan_in']",3,1,1.5,True,"[128, 142]"
TRAJ0950,14,3,1,2,2,fan_in,fan_in,"['fan_in->fan_in', 'fan_in->fan_in']",2,0,1.0,True,"[127, 135]"
TRAJ0951,11,2,1,1,1,fan_in,fan_in,['fan_in->fan_in'],1,0,1.0,True,"[127, 134]"
TRAJ0952,8,3,1,1,1,fan_in,fan_in,"['fan_in->fan_in', 'fan_in->fan_in']",2,0,1.0,True,"[127, 137]"
TRAJ0953,8,2,1,1,1,fan_in,fan_in,['fan_in->fan_in'],1,0,1.0,True,"[127, 134]"
TRAJ0954,17,3,1,1,1,fan_in,fan_in,"['fan_in->fan_in', 'fan_in->fan_in']",2,0,1.0,True,"[127, 134]"
TRAJ0955,19,4,1,2,2,fan_in,fan_in,"['fan_in->fan_in', 'fan_in->fan_in', 'fan_in->fan_in']",3,0,1.0,True,"[127, 137]"
TRAJ0956,14,5,2,3,3,fan_in,fan_in,"['fan_in->fan_in', 'fan_in->fan_in']",2,1,1.5,True,"[127, 135]"
TRAJ0957,9,3,2,1,1,fan_in,rapid_pass_through,['fan_in->fan_in'],1,1,1.5,True,"[127, 141]"
TRAJ0958,12,3,1,2,2,fan_in,fan_in,"['fan_in->fan_in', 'fan_in->fan_in']",2,0,1.0,True,"[127, 135]"
TRAJ0959,24,7,3,2,2,fan_in,rapid_pass_through,"['fan_in->fan_in', 'fan_in->circular_flow', 'circular_flow->fan_in', 'fan_in->fan_in', 'fan_in->fan_in']",5,2,4.5,True,"[127, 138]"
TRAJ0960,7,2,1,1,1,fan_in,fan_in,['fan_in->fan_in'],1,0,1.0,True,"[127, 134]"
TRAJ0961,8,2,1,2,2,fan_in,fan_in,['fan_in->fan_in'],1,0,1.0,True,"[127, 128]"
TRAJ0962,8,4,2,1,1,fan_in,rapid_pass_through,['fan_in->fan_in'],1,1,1.5,True,"[127, 136]"
TRAJ0963,12,3,2,1,1,rapid_pass_through,fan_in,['fan_in->fan_in'],1,1,1.5,True,"[128, 135]"
TRAJ0964,17,8,3,1,1,rapid_pass_through,rapid_pass_through,"['repeated_intermediary->fan_in', 'fan_in->fan_in']",2,2,3.5,True,"[129, 150]"
TRAJ0965,7,4,2,1,1,fan_in,rapid_pass_through,['fan_in->fan_in'],1,1,1.5,True,"[128, 137]"
TRAJ0966,8,2,1,1,1,fan_in,fan_in,['fan_in->fan_in'],1,0,1.0,True,"[128, 135]"
TRAJ0967,9,2,1,1,1,fan_in,fan_in,['fan_in->fan_in'],1,0,1.0,True,"[128, 131]"
TRAJ0968,17,6,2,2,2,rapid_pass_through,fan_in,"['fan_in->fan_in', 'fan_in->fan_in', 'fan_in->fan_in']",3,1,1.5,True,"[130, 137]"
TRAJ0969,11,3,2,1,1,fan_in,rapid_pass_through,['fan_in->fan_in'],1,1,1.5,True,"[129, 141]"
TRAJ0970,7,2,1,1,1,fan_in,fan_in,['fan_in->fan_in'],1,0,1.0,True,"[129, 136]"
TRAJ0971,7,2,1,1,1,fan_in,fan_in,['fan_in->fan_in'],1,0,1.0,True,"[129, 136]"
TRAJ0972,12,5,2,3,3,fan_in,fan_in,"['fan_in->fan_in', 'fan_in->fan_in', 'fan_in->fan_in']",3,1,1.5,True,"[129, 137]"
TRAJ0973,7,3,2,1,1,fan_in,rapid_pass_through,['fan_in->fan_in'],1,1,1.5,True,"[130, 141]"
TRAJ0974,9,4,2,1,1,fan_in,rapid_pass_through,['fan_in->fan_in'],1,1,1.5,True,"[130, 139]"
TRAJ0975,9,2,1,1,1,fan_in,fan_in,['fan_in->fan_in'],1,0,1.0,True,"[130, 137]"
TRAJ0976,8,2,1,1,1,fan_in,fan_in,['fan_in->fan_in'],1,0,1.0,True,"[130, 137]"
TRAJ0977,20,7,2,4,4,fan_in,rapid_pass_through,"['fan_in->fan_in', 'fan_in->fan_in', 'fan_in->fan_in', 'fan_in->fan_in']",4,1,1.5,True,"[130, 140]"
TRAJ0978,11,2,1,1,1,fan_in,fan_in,['fan_in->fan_in'],1,0,1.0,True,"[130, 132]"
TRAJ0979,17,6,2,2,2,fan_in,rapid_pass_through,"['fan_in->fan_in', 'fan_in->fan_in', 'fan_in->fan_in']",3,1,1.5,True,"[130, 140]"
TRAJ0980,6,2,1,1,1,fan_in,fan_in,['fan_in->fan_in'],1,0,1.0,True,"[130, 137]"
TRAJ0981,9,3,2,2,2,fan_in,rapid_pass_through,['fan_in->fan_in'],1,1,1.5,True,"[130, 138]"
TRAJ0982,14,3,1,2,2,fan_in,fan_in,"['fan_in->fan_in', 'fan_in->fan_in']",2,0,1.0,True,"[130, 137]"
TRAJ0983,8,2,1,1,1,fan_in,fan_in,['fan_in->fan_in'],1,0,1.0,True,"[130, 137]"
TRAJ0984,12,6,2,1,1,rapid_pass_through,rapid_pass_through,"['fan_in->fan_in', 'fan_in->fan_in']",2,1,1.5,True,"[132, 146]"
TRAJ0985,11,5,2,1,1,rapid_pass_through,rapid_pass_through,['fan_in->fan_in'],1,1,1.5,True,"[132, 146]"
TRAJ0986,12,8,4,2,2,rapid_pass_through,circular_flow,"['layering->fan_in', 'fan_in->circular_flow']",2,3,6.5,True,"[131, 149]"
TRAJ0987,6,2,1,1,1,fan_in,fan_in,['fan_in->fan_in'],1,0,1.0,True,"[131, 138]"
TRAJ0988,14,6,2,2,2,fan_in,rapid_pass_through,['fan_in->fan_in'],1,1,1.5,True,"[131, 147]"
TRAJ0989,7,2,1,1,1,fan_in,fan_in,['fan_in->fan_in'],1,0,1.0,True,"[131, 138]"
TRAJ0990,10,2,1,1,1,fan_in,fan_in,['fan_in->fan_in'],1,0,1.0,True,"[131, 138]"
TRAJ0991,19,6,2,2,2,fan_in,rapid_pass_through,"['fan_in->fan_in', 'fan_in->fan_in', 'fan_in->fan_in']",3,1,1.5,True,"[131, 141]"
TRAJ0992,10,4,2,1,1,fan_in,rapid_pass_through,['fan_in->fan_in'],1,1,1.5,True,"[131, 140]"
TRAJ0993,8,2,1,1,1,fan_in,fan_in,['fan_in->fan_in'],1,0,1.0,True,"[131, 138]"
TRAJ0994,8,2,1,1,1,fan_in,fan_in,['fan_in->fan_in'],1,0,1.0,True,"[131, 138]"
TRAJ0995,21,10,2,2,2,rapid_pass_through,rapid_pass_through,"['fan_in->fan_in', 'fan_in->fan_in']",2,1,1.5,True,"[133, 148]"
TRAJ0996,7,2,1,1,1,fan_in,fan_in,['fan_in->fan_in'],1,0,1.0,True,"[132, 139]"
TRAJ0997,11,5,2,1,1,fan_in,rapid_pass_through,"['fan_in->fan_in', 'fan_in->fan_in']",2,1,1.5,True,"[132, 141]"
TRAJ0998,9,2,1,1,1,fan_in,fan_in,['fan_in->fan_in'],1,0,1.0,True,"[132, 139]"
TRAJ0999,10,3,2,1,1,fan_in,rapid_pass_through,['fan_in->fan_in'],1,1,1.5,True,"[132, 146]"
TRAJ1000,13,4,2,1,1,fan_in,rapid_pass_through,"['fan_in->fan_in', 'fan_in->fan_in']",2,1,1.5,True,"[132, 146]"
TRAJ1001,13,4,2,1,1,rapid_pass_through,rapid_pass_through,['fan_in->fan_in'],1,1,1.5,True,"[134, 148]"
TRAJ1002,27,8,2,3,3,fan_in,fan_in,"['fan_in->fan_in', 'fan_in->fan_in', 'fan_in->fan_in', 'fan_in->fan_in', 'fan_in->fan_in']",5,1,1.5,True,"[133, 144]"
TRAJ1003,21,7,2,2,2,fan_in,fan_in,"['fan_in->fan_in', 'fan_in->fan_in', 'fan_in->fan_in', 'fan_in->fan_in']",4,1,1.5,True,"[133, 144]"
TRAJ1004,10,4,2,1,1,fan_in,rapid_pass_through,['fan_in->fan_in'],1,1,1.5,True,"[133, 142]"
TRAJ1005,13,4,1,1,1,fan_in,fan_in,"['fan_in->fan_in', 'fan_in->fan_in', 'fan_in->fan_in']",3,0,1.0,True,"[133, 142]"
TRAJ1006,12,4,2,2,2,fan_in,rapid_pass_through,"['fan_in->fan_in', 'fan_in->fan_in']",2,1,1.5,True,"[133, 153]"
TRAJ1007,14,3,1,1,1,fan_in,fan_in,"['fan_in->fan_in', 'fan_in->fan_in']",2,0,1.0,True,"[133, 140]"
TRAJ1008,12,4,1,1,1,fan_in,fan_in,"['fan_in->fan_in', 'fan_in->fan_in', 'fan_in->fan_in']",3,0,1.0,True,"[134, 141]"
TRAJ1009,8,2,1,1,1,fan_in,fan_in,['fan_in->fan_in'],1,0,1.0,True,"[134, 141]"
TRAJ1010,17,3,1,1,1,fan_in,fan_in,"['fan_in->fan_in', 'fan_in->fan_in']",2,0,1.0,True,"[134, 141]"
TRAJ1011,9,2,1,1,1,fan_in,fan_in,['fan_in->fan_in'],1,0,1.0,True,"[134, 141]"
TRAJ1012,8,2,1,1,1,fan_in,fan_in,['fan_in->fan_in'],1,0,1.0,True,"[134, 141]"
TRAJ1013,8,4,3,1,1,circular_flow,fan_in,"['circular_flow->fan_in', 'fan_in->fan_in']",2,2,4.5,True,"[137, 144]"
TRAJ1014,9,3,1,2,2,fan_in,fan_in,"['fan_in->fan_in', 'fan_in->fan_in']",2,0,1.0,True,"[135, 143]"
TRAJ1015,36,8,1,3,3,fan_in,fan_in,"['fan_in->fan_in', 'fan_in->fan_in', 'fan_in->fan_in', 'fan_in->fan_in', 'fan_in->fan_in', 'fan_in->fan_in', 'fan_in->fan_in']",7,0,1.0,True,"[135, 145]"
TRAJ1016,23,4,1,2,2,fan_in,fan_in,"['fan_in->fan_in', 'fan_in->fan_in', 'fan_in->fan_in']",3,0,1.0,True,"[135, 142]"
TRAJ1017,16,3,1,1,1,fan_in,fan_in,"['fan_in->fan_in', 'fan_in->fan_in']",2,0,1.0,True,"[135, 142]"
TRAJ1018,12,2,1,1,1,fan_in,fan_in,['fan_in->fan_in'],1,0,1.0,True,"[135, 142]"
TRAJ1019,21,7,2,3,3,fan_in,fan_in,"['fan_in->fan_in', 'fan_in->fan_in', 'fan_in->fan_in', 'fan_in->fan_in', 'fan_in->fan_in']",5,1,1.5,True,"[135, 145]"
TRAJ1020,10,4,1,2,2,fan_in,fan_in,"['fan_in->fan_in', 'fan_in->fan_in', 'fan_in->fan_in']",3,0,1.0,True,"[135, 143]"
TRAJ1021,9,3,1,1,1,fan_in,fan_in,"['fan_in->fan_in', 'fan_in->fan_in']",2,0,1.0,True,"[136, 146]"
TRAJ1022,17,4,2,1,1,fan_in,fan_in,"['fan_in->fan_in', 'fan_in->fan_in']",2,1,1.5,True,"[136, 146]"
TRAJ1023,8,2,1,1,1,fan_in,fan_in,['fan_in->fan_in'],1,0,1.0,True,"[136, 143]"
TRAJ1024,6,2,1,1,1,fan_in,fan_in,['fan_in->fan_in'],1,0,1.0,True,"[136, 143]"
TRAJ1025,11,2,1,1,1,fan_in,fan_in,['fan_in->fan_in'],1,0,1.0,True,"[136, 143]"
TRAJ1026,8,2,1,1,1,fan_in,fan_in,['fan_in->fan_in'],1,0,1.0,True,"[136, 143]"
TRAJ1027,8,2,1,1,1,fan_in,fan_in,['fan_in->fan_in'],1,0,1.0,True,"[136, 143]"
TRAJ1028,7,2,1,1,1,fan_in,fan_in,['fan_in->fan_in'],1,0,1.0,True,"[136, 143]"
TRAJ1029,12,5,2,2,2,rapid_pass_through,rapid_pass_through,['fan_in->fan_in'],1,1,1.5,True,"[138, 152]"
TRAJ1030,9,2,1,1,1,fan_in,fan_in,['fan_in->fan_in'],1,0,1.0,True,"[137, 144]"
TRAJ1031,16,5,2,3,3,fan_in,fan_in,"['fan_in->fan_in', 'fan_in->fan_in']",2,1,1.5,True,"[137, 146]"
TRAJ1032,10,2,1,1,1,fan_in,fan_in,['fan_in->fan_in'],1,0,1.0,True,"[137, 144]"
TRAJ1033,14,6,2,1,1,rapid_pass_through,rapid_pass_through,"['fan_in->fan_in', 'fan_in->fan_in']",2,1,1.5,True,"[139, 167]"
TRAJ1034,10,2,1,1,1,fan_in,fan_in,['fan_in->fan_in'],1,0,1.0,True,"[138, 145]"
TRAJ1035,24,4,1,1,1,fan_in,fan_in,"['fan_in->fan_in', 'fan_in->fan_in', 'fan_in->fan_in']",3,0,1.0,True,"[138, 147]"
TRAJ1036,10,2,1,1,1,fan_in,fan_in,['fan_in->fan_in'],1,0,1.0,True,"[138, 145]"
TRAJ1037,13,3,1,2,2,fan_in,fan_in,"['fan_in->fan_in', 'fan_in->fan_in']",2,0,1.0,True,"[138, 146]"
TRAJ1038,10,5,2,1,1,rapid_pass_through,rapid_pass_through,['fan_in->fan_in'],1,1,1.5,True,"[140, 154]"
TRAJ1039,8,2,1,1,1,fan_in,fan_in,['fan_in->fan_in'],1,0,1.0,True,"[139, 146]"
TRAJ1040,16,6,2,1,1,fan_in,rapid_pass_through,"['fan_in->fan_in', 'fan_in->fan_in', 'fan_in->fan_in']",3,1,1.5,True,"[139, 151]"
TRAJ1041,6,2,1,1,1,fan_in,fan_in,['fan_in->fan_in'],1,0,1.0,True,"[140, 147]"
TRAJ1042,8,4,2,1,1,fan_in,rapid_pass_through,['fan_in->fan_in'],1,1,1.5,True,"[140, 149]"
TRAJ1043,15,4,1,1,1,fan_in,fan_in,"['fan_in->fan_in', 'fan_in->fan_in', 'fan_in->fan_in']",3,0,1.0,True,"[140, 150]"
TRAJ1044,14,3,1,2,2,fan_in,fan_in,"['fan_in->fan_in', 'fan_in->fan_in']",2,0,1.0,True,"[140, 147]"
TRAJ1045,7,2,1,1,1,fan_in,fan_in,['fan_in->fan_in'],1,0,1.0,True,"[140, 147]"
TRAJ1046,7,2,1,1,1,fan_in,fan_in,['fan_in->fan_in'],1,0,1.0,True,"[140, 147]"
TRAJ1047,18,4,1,2,2,fan_in,fan_in,"['fan_in->fan_in', 'fan_in->fan_in', 'fan_in->fan_in']",3,0,1.0,True,"[140, 150]"
TRAJ1048,8,2,1,1,1,fan_in,fan_in,['fan_in->fan_in'],1,0,1.0,True,"[140, 147]"
TRAJ1049,8,2,1,1,1,fan_in,fan_in,['fan_in->fan_in'],1,0,1.0,True,"[140, 147]"
TRAJ1050,13,5,2,2,2,rapid_pass_through,rapid_pass_through,['fan_in->fan_in'],1,1,1.5,True,"[142, 156]"
TRAJ1051,11,2,1,1,1,fan_in,fan_in,['fan_in->fan_in'],1,0,1.0,True,"[141, 148]"
TRAJ1052,35,9,2,3,3,fan_in,rapid_pass_through,"['fan_in->fan_in', 'fan_in->fan_in', 'fan_in->fan_in', 'fan_in->fan_in', 'fan_in->fan_in']",5,1,1.5,True,"[141, 155]"
TRAJ1053,11,2,1,1,1,fan_in,fan_in,['fan_in->fan_in'],1,0,1.0,True,"[141, 148]"
TRAJ1054,14,4,1,1,1,fan_in,fan_in,"['fan_in->fan_in', 'fan_in->fan_in', 'fan_in->fan_in']",3,0,1.0,True,"[141, 150]"
TRAJ1055,8,2,1,1,1,fan_in,fan_in,['fan_in->fan_in'],1,0,1.0,True,"[141, 148]"
TRAJ1056,13,4,2,3,3,fan_in,fan_in,"['fan_in->fan_in', 'fan_in->fan_in']",2,1,1.5,True,"[141, 148]"
TRAJ1057,13,5,2,2,2,fan_in,rapid_pass_through,"['fan_in->fan_in', 'fan_in->fan_in']",2,1,1.5,True,"[141, 152]"
TRAJ1058,8,3,2,2,2,fan_in,rapid_pass_through,['fan_in->fan_in'],1,1,1.5,True,"[141, 149]"
TRAJ1059,7,2,1,1,1,fan_in,fan_in,['fan_in->fan_in'],1,0,1.0,True,"[141, 148]"
TRAJ1060,7,4,2,1,1,fan_in,rapid_pass_through,['fan_in->fan_in'],1,1,1.5,True,"[141, 150]"
TRAJ1061,33,11,2,4,4,rapid_pass_through,rapid_pass_through,"['fan_in->fan_in', 'fan_in->fan_in', 'fan_in->fan_in', 'fan_in->fan_in', 'fan_in->fan_in', 'fan_in->fan_in']",6,1,1.5,True,"[143, 164]"
TRAJ1062,9,5,2,1,1,fan_in,rapid_pass_through,['fan_in->fan_in'],1,1,1.5,True,"[142, 158]"
TRAJ1063,14,6,2,1,1,fan_in,rapid_pass_through,"['fan_in->fan_in', 'fan_in->fan_in', 'fan_in->fan_in']",3,1,1.5,True,"[142, 153]"
TRAJ1064,9,4,2,1,1,fan_in,rapid_pass_through,['fan_in->fan_in'],1,1,1.5,True,"[142, 151]"
TRAJ1065,31,9,2,4,4,fan_in,rapid_pass_through,"['fan_in->fan_in', 'fan_in->fan_in', 'fan_in->fan_in', 'fan_in->fan_in', 'fan_in->fan_in', 'fan_in->fan_in', 'fan_in->fan_in']",7,1,1.5,True,"[142, 155]"
TRAJ1066,9,4,2,1,1,circular_flow,fan_in,"['circular_flow->fan_in', 'fan_in->circular_flow', 'circular_flow->fan_in']",3,1,4.0,True,"[143, 149]"
TRAJ1067,12,4,2,2,2,rapid_pass_through,fan_in,"['fan_in->fan_in', 'fan_in->fan_in']",2,1,1.5,True,"[144, 151]"
TRAJ1068,8,3,2,1,1,rapid_pass_through,fan_in,['fan_in->fan_in'],1,1,1.5,True,"[144, 155]"
TRAJ1069,9,2,1,1,1,fan_in,fan_in,['fan_in->fan_in'],1,0,1.0,True,"[143, 150]"
TRAJ1070,10,2,1,1,1,fan_in,fan_in,['fan_in->fan_in'],1,0,1.0,True,"[143, 150]"
TRAJ1071,19,5,2,3,3,fan_in,fan_in,"['fan_in->fan_in', 'fan_in->fan_in', 'fan_in->fan_in']",3,1,1.5,True,"[143, 150]"
TRAJ1072,27,8,2,4,4,fan_in,rapid_pass_through,"['fan_in->fan_in', 'fan_in->fan_in', 'fan_in->fan_in', 'fan_in->fan_in', 'fan_in->fan_in']",5,1,1.5,True,"[143, 155]"
TRAJ1073,6,2,1,1,1,fan_in,fan_in,['fan_in->fan_in'],1,0,1.0,True,"[143, 150]"
TRAJ1074,12,3,1,2,2,fan_in,fan_in,"['fan_in->fan_in', 'fan_in->fan_in']",2,0,1.0,True,"[143, 151]"
TRAJ1075,6,2,1,1,1,fan_in,fan_in,['fan_in->fan_in'],1,0,1.0,True,"[144, 151]"
TRAJ1076,6,2,1,1,1,fan_in,fan_in,['fan_in->fan_in'],1,0,1.0,True,"[144, 151]"
TRAJ1077,32,8,2,4,4,fan_in,fan_in,"['fan_in->fan_in', 'fan_in->fan_in', 'fan_in->fan_in', 'fan_in->fan_in', 'fan_in->fan_in', 'fan_in->fan_in']",6,1,1.5,True,"[144, 154]"
TRAJ1078,7,2,1,1,1,fan_in,fan_in,['fan_in->fan_in'],1,0,1.0,True,"[144, 151]"
TRAJ1079,28,9,2,4,4,fan_in,rapid_pass_through,"['fan_in->fan_in', 'fan_in->fan_in', 'fan_in->fan_in', 'fan_in->fan_in', 'fan_in->fan_in', 'fan_in->fan_in']",6,1,1.5,True,"[144, 154]"
TRAJ1080,6,2,1,1,1,fan_in,fan_in,['fan_in->fan_in'],1,0,1.0,True,"[144, 151]"
TRAJ1081,8,2,1,1,1,fan_in,fan_in,['fan_in->fan_in'],1,0,1.0,True,"[144, 151]"
TRAJ1082,49,18,2,5,5,rapid_pass_through,rapid_pass_through,"['fan_in->fan_in', 'fan_in->fan_in', 'fan_in->fan_in', 'fan_in->fan_in', 'fan_in->fan_in']",5,1,1.5,True,"[145, 168]"
TRAJ1083,8,2,1,2,2,fan_in,fan_in,['fan_in->fan_in'],1,0,1.0,True,"[145, 146]"
TRAJ1084,15,4,1,3,3,fan_in,fan_in,"['fan_in->fan_in', 'fan_in->fan_in', 'fan_in->fan_in']",3,0,1.0,True,"[145, 154]"
TRAJ1085,10,4,2,1,1,fan_in,rapid_pass_through,['fan_in->fan_in'],1,1,1.5,True,"[145, 154]"
TRAJ1086,21,7,2,2,2,fan_in,rapid_pass_through,"['fan_in->fan_in', 'fan_in->fan_in', 'fan_in->fan_in', 'fan_in->fan_in']",4,1,1.5,True,"[145, 155]"
TRAJ1087,8,2,1,1,1,fan_in,fan_in,['fan_in->fan_in'],1,0,1.0,True,"[145, 152]"
TRAJ1088,7,2,1,1,1,fan_in,fan_in,['fan_in->fan_in'],1,0,1.0,True,"[145, 152]"
TRAJ1089,14,9,3,1,1,rapid_pass_through,rapid_pass_through,"['circular_flow->fan_in', 'fan_in->fan_in']",2,2,4.5,True,"[145, 166]"
TRAJ1090,11,5,2,1,1,rapid_pass_through,rapid_pass_through,['fan_in->fan_in'],1,1,1.5,True,"[147, 161]"
TRAJ1091,9,2,1,1,1,fan_in,fan_in,['fan_in->fan_in'],1,0,1.0,True,"[146, 153]"
TRAJ1092,10,2,1,1,1,fan_in,fan_in,['fan_in->fan_in'],1,0,1.0,True,"[146, 153]"
TRAJ1093,9,2,1,1,1,fan_in,fan_in,['fan_in->fan_in'],1,0,1.0,True,"[146, 153]"
TRAJ1094,8,2,1,1,1,fan_in,fan_in,['fan_in->fan_in'],1,0,1.0,True,"[146, 153]"
TRAJ1095,5,2,1,1,1,fan_in,fan_in,['fan_in->fan_in'],1,0,1.0,True,"[146, 153]"
TRAJ1096,11,3,1,2,2,fan_in,fan_in,"['fan_in->fan_in', 'fan_in->fan_in']",2,0,1.0,True,"[147, 155]"
TRAJ1097,14,4,1,1,1,fan_in,fan_in,"['fan_in->fan_in', 'fan_in->fan_in', 'fan_in->fan_in']",3,0,1.0,True,"[147, 156]"
TRAJ1098,7,4,2,1,1,fan_in,rapid_pass_through,['fan_in->fan_in'],1,1,1.5,True,"[147, 156]"
TRAJ1099,11,3,1,1,1,fan_in,fan_in,"['fan_in->fan_in', 'fan_in->fan_in']",2,0,1.0,True,"[147, 156]"
TRAJ1100,10,4,2,1,1,fan_in,rapid_pass_through,['fan_in->fan_in'],1,1,1.5,True,"[147, 156]"
TRAJ1101,11,3,2,2,2,fan_in,fan_in,['fan_in->fan_in'],1,1,1.5,True,"[147, 152]"
TRAJ1102,6,2,1,1,1,fan_in,fan_in,['fan_in->fan_in'],1,0,1.0,True,"[147, 154]"
TRAJ1103,18,5,1,3,3,fan_in,fan_in,"['fan_in->fan_in', 'fan_in->fan_in', 'fan_in->fan_in', 'fan_in->fan_in']",4,0,1.0,True,"[147, 154]"
TRAJ1104,9,3,2,1,1,fan_in,rapid_pass_through,['fan_in->fan_in'],1,1,1.5,True,"[147, 162]"
TRAJ1105,6,2,1,1,1,fan_in,fan_in,['fan_in->fan_in'],1,0,1.0,True,"[148, 155]"
TRAJ1106,9,2,1,1,1,fan_in,fan_in,['fan_in->fan_in'],1,0,1.0,True,"[148, 155]"
TRAJ1107,7,2,1,1,1,fan_in,fan_in,['fan_in->fan_in'],1,0,1.0,True,"[148, 155]"
TRAJ1108,8,2,1,1,1,fan_in,fan_in,['fan_in->fan_in'],1,0,1.0,True,"[148, 155]"
TRAJ1109,24,5,1,1,1,fan_in,fan_in,"['fan_in->fan_in', 'fan_in->fan_in', 'fan_in->fan_in', 'fan_in->fan_in']",4,0,1.0,True,"[148, 157]"
TRAJ1110,9,2,1,1,1,fan_in,fan_in,['fan_in->fan_in'],1,0,1.0,True,"[148, 155]"
TRAJ1111,9,2,1,1,1,fan_in,fan_in,['fan_in->fan_in'],1,0,1.0,True,"[148, 155]"
TRAJ1112,7,2,1,1,1,fan_in,fan_in,['fan_in->fan_in'],1,0,1.0,True,"[148, 155]"
TRAJ1113,10,4,2,2,2,fan_in,rapid_pass_through,['fan_in->fan_in'],1,1,1.5,True,"[148, 158]"
TRAJ1114,7,2,1,1,1,fan_in,fan_in,['fan_in->fan_in'],1,0,1.0,True,"[148, 155]"
TRAJ1115,6,3,2,1,1,fan_in,fan_in,['fan_in->fan_in'],1,1,1.5,True,"[148, 155]"
TRAJ1116,11,2,1,1,1,fan_in,fan_in,['fan_in->fan_in'],1,0,1.0,True,"[149, 156]"
TRAJ1117,7,2,1,1,1,fan_in,fan_in,['fan_in->fan_in'],1,0,1.0,True,"[149, 156]"
TRAJ1118,10,3,1,2,2,fan_in,fan_in,"['fan_in->fan_in', 'fan_in->fan_in']",2,0,1.0,True,"[149, 157]"
TRAJ1119,12,5,2,3,3,fan_in,fan_in,"['fan_in->fan_in', 'fan_in->fan_in']",2,1,1.5,True,"[149, 158]"
TRAJ1120,9,2,1,1,1,fan_in,fan_in,['fan_in->fan_in'],1,0,1.0,True,"[149, 156]"
TRAJ1121,10,3,1,1,1,fan_in,fan_in,"['fan_in->fan_in', 'fan_in->fan_in']",2,0,1.0,True,"[149, 156]"
TRAJ1122,9,2,1,1,1,fan_in,fan_in,['fan_in->fan_in'],1,0,1.0,True,"[149, 156]"
TRAJ1123,8,3,2,1,1,fan_in,split_merge,"['fan_in->fan_in', 'fan_in->split_merge']",2,1,3.0,True,"[149, 158]"
TRAJ1124,7,2,1,1,1,fan_in,fan_in,['fan_in->fan_in'],1,0,1.0,True,"[149, 156]"
TRAJ1125,15,7,2,3,3,rapid_pass_through,fan_in,"['fan_in->fan_in', 'fan_in->fan_in']",2,1,1.5,True,"[151, 165]"
TRAJ1126,8,2,1,1,1,fan_in,fan_in,['fan_in->fan_in'],1,0,1.0,True,"[150, 157]"
TRAJ1127,7,2,1,1,1,fan_in,fan_in,['fan_in->fan_in'],1,0,1.0,True,"[150, 157]"
TRAJ1128,12,3,1,1,1,fan_in,fan_in,"['fan_in->fan_in', 'fan_in->fan_in']",2,0,1.0,True,"[150, 160]"
TRAJ1129,9,2,1,1,1,fan_in,fan_in,['fan_in->fan_in'],1,0,1.0,True,"[150, 157]"
TRAJ1130,8,2,1,1,1,fan_in,fan_in,['fan_in->fan_in'],1,0,1.0,True,"[150, 157]"
TRAJ1131,18,5,1,1,1,fan_in,fan_in,"['fan_in->fan_in', 'fan_in->fan_in', 'fan_in->fan_in', 'fan_in->fan_in']",4,0,1.0,True,"[151, 160]"
TRAJ1132,8,4,2,1,1,fan_in,rapid_pass_through,['fan_in->fan_in'],1,1,1.5,True,"[151, 160]"
TRAJ1133,6,2,1,1,1,fan_in,fan_in,['fan_in->fan_in'],1,0,1.0,True,"[151, 158]"
TRAJ1134,10,2,1,1,1,fan_in,fan_in,['fan_in->fan_in'],1,0,1.0,True,"[151, 158]"
TRAJ1135,9,2,1,1,1,fan_in,fan_in,['fan_in->fan_in'],1,0,1.0,True,"[151, 158]"
TRAJ1136,7,2,1,1,1,fan_in,fan_in,['fan_in->fan_in'],1,0,1.0,True,"[152, 159]"
TRAJ1137,20,5,2,3,3,fan_in,fan_in,"['fan_in->fan_in', 'fan_in->fan_in', 'fan_in->fan_in']",3,1,1.5,True,"[152, 160]"
TRAJ1138,14,5,2,3,3,fan_in,rapid_pass_through,"['fan_in->fan_in', 'fan_in->fan_in']",2,1,1.5,True,"[152, 166]"
TRAJ1139,9,2,1,1,1,fan_in,fan_in,['fan_in->fan_in'],1,0,1.0,True,"[153, 160]"
TRAJ1140,10,2,1,1,1,fan_in,fan_in,['fan_in->fan_in'],1,0,1.0,True,"[153, 160]"
TRAJ1141,9,2,1,1,1,fan_in,fan_in,['fan_in->fan_in'],1,0,1.0,True,"[153, 160]"
TRAJ1142,9,2,1,1,1,fan_in,fan_in,['fan_in->fan_in'],1,0,1.0,True,"[153, 160]"
TRAJ1143,15,7,2,2,2,fan_in,rapid_pass_through,['fan_in->fan_in'],1,1,1.5,True,"[153, 169]"
TRAJ1144,23,9,2,3,3,rapid_pass_through,rapid_pass_through,"['fan_in->fan_in', 'fan_in->fan_in', 'fan_in->fan_in', 'fan_in->fan_in']",4,1,1.5,True,"[155, 176]"
TRAJ1145,11,5,3,1,1,rapid_pass_through,fan_in,['repeated_intermediary->fan_in'],1,2,3.5,True,"[155, 170]"
TRAJ1146,7,2,1,1,1,fan_in,fan_in,['fan_in->fan_in'],1,0,1.0,True,"[154, 161]"
TRAJ1147,9,4,2,1,1,fan_in,rapid_pass_through,['fan_in->fan_in'],1,1,1.5,True,"[154, 163]"
TRAJ1148,12,3,1,1,1,fan_in,fan_in,"['fan_in->fan_in', 'fan_in->fan_in']",2,0,1.0,True,"[154, 163]"
TRAJ1149,20,6,2,1,1,fan_in,rapid_pass_through,"['fan_in->fan_in', 'fan_in->fan_in', 'fan_in->fan_in']",3,1,1.5,True,"[154, 166]"
TRAJ1150,7,2,1,1,1,fan_in,fan_in,['fan_in->fan_in'],1,0,1.0,True,"[154, 161]"
TRAJ1151,6,2,1,1,1,fan_in,fan_in,['fan_in->fan_in'],1,0,1.0,True,"[154, 161]"
TRAJ1152,11,4,1,1,1,fan_in,fan_in,"['fan_in->fan_in', 'fan_in->fan_in', 'fan_in->fan_in']",3,0,1.0,True,"[154, 163]"
TRAJ1153,37,10,3,3,3,fan_in,fan_in,"['fan_in->split_merge', 'split_merge->fan_in', 'fan_in->fan_in', 'fan_in->fan_in', 'fan_in->fan_in', 'fan_in->fan_in', 'fan_in->fan_in', 'fan_in->fan_in']",8,2,3.5,True,"[154, 163]"
TRAJ1154,10,2,1,1,1,fan_in,fan_in,['fan_in->fan_in'],1,0,1.0,True,"[155, 162]"
TRAJ1155,9,2,1,1,1,fan_in,fan_in,['fan_in->fan_in'],1,0,1.0,True,"[155, 158]"
TRAJ1156,14,2,1,1,1,fan_in,fan_in,['fan_in->fan_in'],1,0,1.0,True,"[155, 162]"
TRAJ1157,8,3,2,2,2,fan_in,fan_in,['fan_in->fan_in'],1,1,1.5,True,"[155, 162]"
TRAJ1158,14,5,2,1,1,fan_in,rapid_pass_through,"['fan_in->fan_in', 'fan_in->fan_in']",2,1,1.5,True,"[155, 164]"
TRAJ1159,6,2,1,1,1,fan_in,fan_in,['fan_in->fan_in'],1,0,1.0,True,"[155, 162]"
TRAJ1160,11,5,2,1,1,fan_in,rapid_pass_through,"['fan_in->fan_in', 'fan_in->fan_in']",2,1,1.5,True,"[156, 165]"
TRAJ1161,13,6,3,3,3,fan_in,rapid_pass_through,"['fan_in->fan_in', 'fan_in->split_merge', 'split_merge->fan_in']",3,2,3.5,True,"[156, 167]"
TRAJ1162,10,4,2,1,1,fan_in,rapid_pass_through,['fan_in->fan_in'],1,1,1.5,True,"[156, 165]"
TRAJ1163,9,2,1,1,1,fan_in,fan_in,['fan_in->fan_in'],1,0,1.0,True,"[156, 163]"
TRAJ1164,17,4,1,1,1,fan_in,fan_in,"['fan_in->fan_in', 'fan_in->fan_in', 'fan_in->fan_in']",3,0,1.0,True,"[156, 166]"
TRAJ1165,9,3,2,1,1,fan_in,fan_in,['fan_in->fan_in'],1,1,1.5,True,"[156, 158]"
TRAJ1166,17,9,2,1,1,fan_in,rapid_pass_through,['fan_in->fan_in'],1,1,1.5,True,"[156, 175]"
TRAJ1167,21,13,4,3,3,rapid_pass_through,fan_in,"['fan_in->fan_in', 'fan_in->circular_flow', 'circular_flow->repeated_intermediary', 'repeated_intermediary->circular_flow', 'circular_flow->circular_flow', 'circular_flow->circular_flow', 'circular_flow->fan_in', 'fan_in->fan_in']",8,3,6.5,True,"[158, 172]"
TRAJ1168,8,2,1,1,1,fan_in,fan_in,['fan_in->fan_in'],1,0,1.0,True,"[157, 164]"
TRAJ1169,8,3,2,1,1,fan_in,rapid_pass_through,['fan_in->fan_in'],1,1,1.5,True,"[157, 171]"
TRAJ1170,10,2,1,1,1,fan_in,fan_in,['fan_in->fan_in'],1,0,1.0,True,"[157, 164]"
TRAJ1171,10,2,1,1,1,fan_in,fan_in,['fan_in->fan_in'],1,0,1.0,True,"[157, 164]"
TRAJ1172,6,2,1,1,1,fan_in,fan_in,['fan_in->fan_in'],1,0,1.0,True,"[157, 164]"
TRAJ1173,15,5,1,3,3,fan_in,fan_in,"['fan_in->fan_in', 'fan_in->fan_in', 'fan_in->fan_in', 'fan_in->fan_in']",4,0,1.0,True,"[157, 165]"
TRAJ1174,9,2,1,1,1,fan_in,fan_in,['fan_in->fan_in'],1,0,1.0,True,"[157, 159]"
TRAJ1175,6,2,1,1,1,fan_in,fan_in,['fan_in->fan_in'],1,0,1.0,True,"[158, 165]"
TRAJ1176,12,3,1,1,1,fan_in,fan_in,"['fan_in->fan_in', 'fan_in->fan_in']",2,0,1.0,True,"[158, 167]"
TRAJ1177,8,2,1,1,1,fan_in,fan_in,['fan_in->fan_in'],1,0,1.0,True,"[158, 165]"
TRAJ1178,20,7,2,4,4,fan_in,rapid_pass_through,"['fan_in->fan_in', 'fan_in->fan_in', 'fan_in->fan_in', 'fan_in->fan_in']",4,1,1.5,True,"[158, 168]"
TRAJ1179,8,2,1,1,1,fan_in,fan_in,['fan_in->fan_in'],1,0,1.0,True,"[158, 165]"
TRAJ1180,7,2,1,1,1,fan_in,fan_in,['fan_in->fan_in'],1,0,1.0,True,"[158, 165]"
TRAJ1181,8,2,1,1,1,fan_in,fan_in,['fan_in->fan_in'],1,0,1.0,True,"[158, 165]"
TRAJ1182,12,3,1,1,1,fan_in,fan_in,"['fan_in->fan_in', 'fan_in->fan_in']",2,0,1.0,True,"[158, 168]"
TRAJ1183,8,2,1,1,1,fan_in,fan_in,['fan_in->fan_in'],1,0,1.0,True,"[158, 165]"
TRAJ1184,15,6,3,1,1,circular_flow,rapid_pass_through,"['circular_flow->fan_in', 'fan_in->fan_in']",2,2,4.5,True,"[164, 178]"
TRAJ1185,9,2,1,1,1,fan_in,fan_in,['fan_in->fan_in'],1,0,1.0,True,"[159, 166]"
TRAJ1186,13,5,2,1,1,fan_in,rapid_pass_through,['fan_in->fan_in'],1,1,1.5,True,"[159, 175]"
TRAJ1187,9,2,1,1,1,fan_in,fan_in,['fan_in->fan_in'],1,0,1.0,True,"[159, 166]"
TRAJ1188,18,4,1,2,2,fan_in,fan_in,"['fan_in->fan_in', 'fan_in->fan_in', 'fan_in->fan_in']",3,0,1.0,True,"[159, 167]"
TRAJ1189,12,3,1,1,1,fan_in,fan_in,"['fan_in->fan_in', 'fan_in->fan_in']",2,0,1.0,True,"[159, 168]"
TRAJ1190,10,2,1,1,1,fan_in,fan_in,['fan_in->fan_in'],1,0,1.0,True,"[159, 166]"
TRAJ1191,16,5,2,2,2,fan_in,rapid_pass_through,"['fan_in->fan_in', 'fan_in->fan_in']",2,1,1.5,True,"[159, 169]"
TRAJ1192,10,2,1,1,1,fan_in,fan_in,['fan_in->fan_in'],1,0,1.0,True,"[159, 166]"
TRAJ1193,15,5,2,1,1,fan_in,rapid_pass_through,"['fan_in->fan_in', 'fan_in->fan_in']",2,1,1.5,True,"[160, 169]"
TRAJ1194,10,3,2,1,1,fan_in,fan_in,['fan_in->fan_in'],1,1,1.5,True,"[160, 164]"
TRAJ1195,7,2,1,1,1,fan_in,fan_in,['fan_in->fan_in'],1,0,1.0,True,"[160, 167]"
TRAJ1196,7,2,1,1,1,fan_in,fan_in,['fan_in->fan_in'],1,0,1.0,True,"[160, 167]"
TRAJ1197,6,2,1,1,1,fan_in,fan_in,['fan_in->fan_in'],1,0,1.0,True,"[160, 167]"
TRAJ1198,8,2,1,1,1,fan_in,fan_in,['fan_in->fan_in'],1,0,1.0,True,"[160, 167]"
TRAJ1199,9,2,1,1,1,fan_in,fan_in,['fan_in->fan_in'],1,0,1.0,True,"[161, 164]"
TRAJ1200,9,2,1,1,1,fan_in,fan_in,['fan_in->fan_in'],1,0,1.0,True,"[161, 168]"
TRAJ1201,7,2,1,1,1,fan_in,fan_in,['fan_in->fan_in'],1,0,1.0,True,"[161, 168]"
TRAJ1202,14,4,1,1,1,fan_in,fan_in,"['fan_in->fan_in', 'fan_in->fan_in', 'fan_in->fan_in']",3,0,1.0,True,"[161, 170]"
TRAJ1203,11,4,2,1,1,fan_in,rapid_pass_through,['fan_in->fan_in'],1,1,1.5,True,"[161, 170]"
TRAJ1204,22,8,2,3,3,rapid_pass_through,rapid_pass_through,"['fan_in->fan_in', 'fan_in->fan_in', 'fan_in->fan_in', 'fan_in->fan_in']",4,1,1.5,True,"[163, 177]"
TRAJ1205,12,3,1,1,1,fan_in,fan_in,"['fan_in->fan_in', 'fan_in->fan_in']",2,0,1.0,True,"[162, 169]"
TRAJ1206,8,2,1,1,1,fan_in,fan_in,['fan_in->fan_in'],1,0,1.0,True,"[162, 169]"
TRAJ1207,22,5,1,3,3,fan_in,fan_in,"['fan_in->fan_in', 'fan_in->fan_in', 'fan_in->fan_in', 'fan_in->fan_in']",4,0,1.0,True,"[162, 171]"
TRAJ1208,9,2,1,1,1,fan_in,fan_in,['fan_in->fan_in'],1,0,1.0,True,"[162, 169]"
TRAJ1209,10,2,1,1,1,fan_in,fan_in,['fan_in->fan_in'],1,0,1.0,True,"[162, 169]"
TRAJ1210,6,2,1,1,1,fan_in,fan_in,['fan_in->fan_in'],1,0,1.0,True,"[162, 169]"
TRAJ1211,7,2,1,1,1,fan_in,fan_in,['fan_in->fan_in'],1,0,1.0,True,"[162, 169]"
TRAJ1212,7,2,1,1,1,fan_in,fan_in,['fan_in->fan_in'],1,0,1.0,True,"[162, 169]"
TRAJ1213,8,2,1,1,1,fan_in,fan_in,['fan_in->fan_in'],1,0,1.0,True,"[162, 169]"
TRAJ1214,18,5,2,2,2,fan_in,fan_in,"['fan_in->fan_in', 'fan_in->fan_in']",2,1,1.5,True,"[163, 173]"
TRAJ1215,15,5,2,1,1,fan_in,fan_in,"['fan_in->fan_in', 'fan_in->fan_in']",2,1,1.5,True,"[163, 172]"
TRAJ1216,16,4,1,2,2,fan_in,fan_in,"['fan_in->fan_in', 'fan_in->fan_in', 'fan_in->fan_in']",3,0,1.0,True,"[163, 173]"
TRAJ1217,8,2,1,1,1,fan_in,fan_in,['fan_in->fan_in'],1,0,1.0,True,"[163, 170]"
TRAJ1218,19,4,2,1,1,fan_in,rapid_pass_through,"['fan_in->fan_in', 'fan_in->fan_in']",2,1,1.5,True,"[163, 177]"
TRAJ1219,11,2,1,1,1,fan_in,fan_in,['fan_in->fan_in'],1,0,1.0,True,"[163, 170]"
TRAJ1220,8,2,1,1,1,fan_in,fan_in,['fan_in->fan_in'],1,0,1.0,True,"[163, 170]"
TRAJ1221,11,3,1,1,1,fan_in,fan_in,"['fan_in->fan_in', 'fan_in->fan_in']",2,0,1.0,True,"[164, 174]"
TRAJ1222,14,4,1,1,1,fan_in,fan_in,"['fan_in->fan_in', 'fan_in->fan_in', 'fan_in->fan_in']",3,0,1.0,True,"[164, 174]"
TRAJ1223,15,3,1,1,1,fan_in,fan_in,"['fan_in->fan_in', 'fan_in->fan_in']",2,0,1.0,True,"[164, 171]"
TRAJ1224,9,3,1,2,2,fan_in,fan_in,"['fan_in->fan_in', 'fan_in->fan_in']",2,0,1.0,True,"[164, 171]"
TRAJ1225,10,3,2,1,1,fan_in,fan_in,"['fan_in->circular_flow', 'circular_flow->fan_in']",2,1,4.0,True,"[164, 171]"
TRAJ1226,15,4,2,2,2,fan_in,rapid_pass_through,"['fan_in->fan_in', 'fan_in->fan_in']",2,1,1.5,True,"[164, 170]"
TRAJ1227,6,2,1,1,1,fan_in,fan_in,['fan_in->fan_in'],1,0,1.0,True,"[165, 172]"
TRAJ1228,9,2,1,1,1,fan_in,fan_in,['fan_in->fan_in'],1,0,1.0,True,"[165, 172]"
TRAJ1229,10,2,1,1,1,fan_in,fan_in,['fan_in->fan_in'],1,0,1.0,True,"[165, 169]"
TRAJ1230,11,4,2,1,1,fan_in,rapid_pass_through,['fan_in->fan_in'],1,1,1.5,True,"[165, 174]"
TRAJ1231,7,2,1,1,1,fan_in,fan_in,['fan_in->fan_in'],1,0,1.0,True,"[165, 172]"
TRAJ1232,8,2,1,1,1,fan_in,fan_in,['fan_in->fan_in'],1,0,1.0,True,"[165, 172]"
TRAJ1233,9,2,1,1,1,fan_in,fan_in,['fan_in->fan_in'],1,0,1.0,True,"[165, 171]"
TRAJ1234,9,2,1,1,1,fan_in,fan_in,['fan_in->fan_in'],1,0,1.0,True,"[166, 173]"
TRAJ1235,8,2,1,1,1,fan_in,fan_in,['fan_in->fan_in'],1,0,1.0,True,"[166, 173]"
TRAJ1236,12,2,1,1,1,fan_in,fan_in,['fan_in->fan_in'],1,0,1.0,True,"[166, 173]"
TRAJ1237,13,5,2,1,1,fan_in,rapid_pass_through,['fan_in->fan_in'],1,1,1.5,True,"[166, 180]"
TRAJ1238,6,2,1,1,1,fan_in,fan_in,['fan_in->fan_in'],1,0,1.0,True,"[166, 173]"
TRAJ1239,9,3,1,2,2,fan_in,fan_in,"['fan_in->fan_in', 'fan_in->fan_in']",2,0,1.0,True,"[166, 173]"
TRAJ1240,8,2,1,1,1,fan_in,fan_in,['fan_in->fan_in'],1,0,1.0,True,"[166, 174]"
TRAJ1241,12,8,2,2,2,layering,rapid_pass_through,['layering->layering'],1,1,2.5,True,"[167, 182]"
TRAJ1242,12,6,2,1,1,rapid_pass_through,rapid_pass_through,['fan_in->fan_in'],1,1,1.5,True,"[168, 189]"
TRAJ1243,14,7,2,2,2,rapid_pass_through,rapid_pass_through,"['fan_in->fan_in', 'fan_in->fan_in']",2,1,1.5,True,"[168, 189]"
TRAJ1244,7,2,1,1,1,fan_in,fan_in,['fan_in->fan_in'],1,0,1.0,True,"[167, 174]"
TRAJ1245,9,2,1,1,1,fan_in,fan_in,['fan_in->fan_in'],1,0,1.0,True,"[167, 174]"
TRAJ1246,14,6,2,2,2,fan_in,rapid_pass_through,"['fan_in->fan_in', 'fan_in->fan_in']",2,1,1.5,True,"[167, 183]"
TRAJ1247,12,5,2,3,3,fan_in,fan_in,"['fan_in->fan_in', 'fan_in->fan_in']",2,1,1.5,True,"[167, 176]"
TRAJ1248,11,5,2,1,1,fan_in,rapid_pass_through,['fan_in->fan_in'],1,1,1.5,True,"[168, 181]"
TRAJ1249,14,3,1,1,1,fan_in,fan_in,"['fan_in->fan_in', 'fan_in->fan_in']",2,0,1.0,True,"[168, 175]"
TRAJ1250,17,4,1,1,1,fan_in,fan_in,"['fan_in->fan_in', 'fan_in->fan_in', 'fan_in->fan_in']",3,0,1.0,True,"[168, 175]"
TRAJ1251,23,5,1,2,2,fan_in,fan_in,"['fan_in->fan_in', 'fan_in->fan_in', 'fan_in->fan_in', 'fan_in->fan_in']",4,0,1.0,True,"[168, 178]"
TRAJ1252,21,3,1,1,1,fan_in,fan_in,"['fan_in->fan_in', 'fan_in->fan_in']",2,0,1.0,True,"[168, 173]"
TRAJ1253,22,4,1,2,2,fan_in,fan_in,"['fan_in->fan_in', 'fan_in->fan_in', 'fan_in->fan_in']",3,0,1.0,True,"[168, 178]"
TRAJ1254,11,3,1,1,1,fan_in,fan_in,"['fan_in->fan_in', 'fan_in->fan_in']",2,0,1.0,True,"[168, 177]"
TRAJ1255,8,2,1,1,1,fan_in,fan_in,['fan_in->fan_in'],1,0,1.0,True,"[168, 175]"
TRAJ1256,10,2,1,1,1,fan_in,fan_in,['fan_in->fan_in'],1,0,1.0,True,"[169, 176]"
TRAJ1257,9,2,1,1,1,fan_in,fan_in,['fan_in->fan_in'],1,0,1.0,True,"[169, 172]"
TRAJ1258,6,2,1,1,1,fan_in,fan_in,['fan_in->fan_in'],1,0,1.0,True,"[169, 176]"
TRAJ1259,13,5,2,2,2,fan_in,fan_in,"['fan_in->fan_in', 'fan_in->fan_in']",2,1,1.5,True,"[169, 179]"
TRAJ1260,15,4,2,1,1,fan_in,fan_in,"['fan_in->fan_in', 'fan_in->fan_in']",2,1,1.5,True,"[169, 176]"
TRAJ1261,11,2,1,1,1,fan_in,fan_in,['fan_in->fan_in'],1,0,1.0,True,"[169, 176]"
TRAJ1262,9,2,1,1,1,fan_in,fan_in,['fan_in->fan_in'],1,0,1.0,True,"[169, 176]"
TRAJ1263,18,6,2,2,2,fan_in,rapid_pass_through,"['fan_in->fan_in', 'fan_in->fan_in', 'fan_in->fan_in', 'fan_in->fan_in']",4,1,1.5,True,"[169, 180]"
TRAJ1264,7,4,2,1,1,fan_in,rapid_pass_through,['fan_in->fan_in'],1,1,1.5,True,"[169, 178]"
TRAJ1265,12,5,2,2,2,rapid_pass_through,fan_in,"['fan_in->fan_in', 'fan_in->fan_in']",2,1,1.5,True,"[170, 186]"
TRAJ1266,11,6,3,2,2,rapid_pass_through,rapid_pass_through,['repeated_intermediary->fan_in'],1,2,3.5,True,"[171, 192]"
TRAJ1267,12,4,2,1,1,fan_in,rapid_pass_through,['fan_in->fan_in'],1,1,1.5,True,"[170, 179]"
TRAJ1268,6,2,1,1,1,fan_in,fan_in,['fan_in->fan_in'],1,0,1.0,True,"[170, 177]"
TRAJ1269,12,5,2,3,3,fan_in,rapid_pass_through,"['fan_in->fan_in', 'fan_in->fan_in']",2,1,1.5,True,"[170, 179]"
TRAJ1270,7,2,1,1,1,fan_in,fan_in,['fan_in->fan_in'],1,0,1.0,True,"[170, 177]"
TRAJ1271,13,3,1,2,2,fan_in,fan_in,"['fan_in->fan_in', 'fan_in->fan_in']",2,0,1.0,True,"[170, 178]"
TRAJ1272,11,5,2,1,1,fan_in,rapid_pass_through,['fan_in->fan_in'],1,1,1.5,True,"[170, 186]"
TRAJ1273,12,4,2,1,1,rapid_pass_through,rapid_pass_through,['fan_in->fan_in'],1,1,1.5,True,"[172, 179]"
TRAJ1274,14,3,1,1,1,fan_in,fan_in,"['fan_in->fan_in', 'fan_in->fan_in']",2,0,1.0,True,"[171, 181]"
TRAJ1275,15,4,2,1,1,fan_in,rapid_pass_through,['fan_in->fan_in'],1,1,1.5,True,"[171, 180]"
TRAJ1276,10,2,1,1,1,fan_in,fan_in,['fan_in->fan_in'],1,0,1.0,True,"[171, 178]"
TRAJ1277,9,2,1,1,1,fan_in,fan_in,['fan_in->fan_in'],1,0,1.0,True,"[171, 178]"
TRAJ1278,12,3,1,2,2,fan_in,fan_in,"['fan_in->fan_in', 'fan_in->fan_in']",2,0,1.0,True,"[171, 177]"
TRAJ1279,12,4,1,2,2,fan_in,fan_in,"['fan_in->fan_in', 'fan_in->fan_in', 'fan_in->fan_in']",3,0,1.0,True,"[171, 179]"
TRAJ1280,8,2,1,1,1,fan_in,fan_in,['fan_in->fan_in'],1,0,1.0,True,"[172, 179]"
TRAJ1281,21,4,1,1,1,fan_in,fan_in,"['fan_in->fan_in', 'fan_in->fan_in', 'fan_in->fan_in']",3,0,1.0,True,"[172, 181]"
TRAJ1282,6,2,1,1,1,fan_in,fan_in,['fan_in->fan_in'],1,0,1.0,True,"[172, 179]"
TRAJ1283,8,2,1,1,1,fan_in,fan_in,['fan_in->fan_in'],1,0,1.0,True,"[172, 179]"
TRAJ1284,19,7,2,4,4,fan_in,rapid_pass_through,"['fan_in->fan_in', 'fan_in->fan_in', 'fan_in->fan_in', 'fan_in->fan_in']",4,1,1.5,True,"[172, 182]"
TRAJ1285,14,3,1,2,2,fan_in,fan_in,"['fan_in->fan_in', 'fan_in->fan_in']",2,0,1.0,True,"[172, 180]"
TRAJ1286,8,2,1,1,1,fan_in,fan_in,['fan_in->fan_in'],1,0,1.0,True,"[172, 179]"
TRAJ1287,8,2,1,1,1,fan_in,fan_in,['fan_in->fan_in'],1,0,1.0,True,"[172, 179]"
TRAJ1288,10,3,1,2,2,fan_in,fan_in,"['fan_in->fan_in', 'fan_in->fan_in']",2,0,1.0,True,"[172, 180]"
TRAJ1289,7,2,1,1,1,fan_in,fan_in,['fan_in->fan_in'],1,0,1.0,True,"[173, 180]"
TRAJ1290,15,6,3,1,1,fan_in,rapid_pass_through,"['fan_in->split_merge', 'split_merge->fan_in']",2,2,3.5,True,"[173, 189]"
TRAJ1291,8,2,1,1,1,fan_in,fan_in,['fan_in->fan_in'],1,0,1.0,True,"[173, 180]"
TRAJ1292,20,6,2,2,2,fan_in,rapid_pass_through,"['fan_in->fan_in', 'fan_in->fan_in', 'fan_in->fan_in']",3,1,1.5,True,"[173, 183]"
TRAJ1293,7,2,1,1,1,fan_in,fan_in,['fan_in->fan_in'],1,0,1.0,True,"[173, 180]"
TRAJ1294,15,4,1,2,2,fan_in,fan_in,"['fan_in->fan_in', 'fan_in->fan_in', 'fan_in->fan_in']",3,0,1.0,True,"[174, 182]"
TRAJ1295,9,4,2,1,1,fan_in,rapid_pass_through,['fan_in->fan_in'],1,1,1.5,True,"[174, 183]"
TRAJ1296,8,2,1,1,1,fan_in,fan_in,['fan_in->fan_in'],1,0,1.0,True,"[174, 181]"
TRAJ1297,9,2,1,1,1,fan_in,fan_in,['fan_in->fan_in'],1,0,1.0,True,"[174, 181]"
TRAJ1298,7,2,1,1,1,fan_in,fan_in,['fan_in->fan_in'],1,0,1.0,True,"[174, 181]"
TRAJ1299,8,2,1,1,1,fan_in,fan_in,['fan_in->fan_in'],1,0,1.0,True,"[174, 181]"
TRAJ1300,27,8,2,3,3,fan_in,rapid_pass_through,"['fan_in->fan_in', 'fan_in->fan_in', 'fan_in->fan_in', 'fan_in->fan_in']",4,1,1.5,True,"[175, 192]"
TRAJ1301,14,3,1,1,1,fan_in,fan_in,"['fan_in->fan_in', 'fan_in->fan_in']",2,0,1.0,True,"[175, 182]"
TRAJ1302,7,2,1,1,1,fan_in,fan_in,['fan_in->fan_in'],1,0,1.0,True,"[175, 182]"
TRAJ1303,17,3,1,1,1,fan_in,fan_in,"['fan_in->fan_in', 'fan_in->fan_in']",2,0,1.0,True,"[175, 184]"
TRAJ1304,14,2,1,1,1,fan_in,fan_in,['fan_in->fan_in'],1,0,1.0,True,"[175, 182]"
TRAJ1305,10,4,2,1,1,fan_in,rapid_pass_through,['fan_in->fan_in'],1,1,1.5,True,"[175, 184]"
TRAJ1306,15,4,1,1,1,fan_in,fan_in,"['fan_in->fan_in', 'fan_in->fan_in', 'fan_in->fan_in']",3,0,1.0,True,"[175, 184]"
TRAJ1307,7,2,1,1,1,fan_in,fan_in,['fan_in->fan_in'],1,0,1.0,True,"[176, 183]"
TRAJ1308,10,2,1,1,1,fan_in,fan_in,['fan_in->fan_in'],1,0,1.0,True,"[176, 183]"
TRAJ1309,19,5,1,2,2,fan_in,fan_in,"['fan_in->fan_in', 'fan_in->fan_in', 'fan_in->fan_in', 'fan_in->fan_in']",4,0,1.0,True,"[176, 186]"
TRAJ1310,12,2,1,1,1,fan_in,fan_in,['fan_in->fan_in'],1,0,1.0,True,"[176, 183]"
TRAJ1311,9,2,1,1,1,fan_in,fan_in,['fan_in->fan_in'],1,0,1.0,True,"[176, 183]"
TRAJ1312,6,2,1,1,1,fan_in,fan_in,['fan_in->fan_in'],1,0,1.0,True,"[176, 183]"
TRAJ1313,9,2,1,1,1,fan_in,fan_in,['fan_in->fan_in'],1,0,1.0,True,"[176, 183]"
TRAJ1314,12,3,1,2,2,fan_in,fan_in,"['fan_in->fan_in', 'fan_in->fan_in']",2,0,1.0,True,"[176, 179]"
TRAJ1315,13,3,1,1,1,fan_in,fan_in,"['fan_in->fan_in', 'fan_in->fan_in']",2,0,1.0,True,"[176, 183]"
TRAJ1316,7,2,1,1,1,fan_in,fan_in,['fan_in->fan_in'],1,0,1.0,True,"[176, 183]"
TRAJ1317,8,3,2,1,1,fan_in,fan_in,['fan_in->fan_in'],1,1,1.5,True,"[176, 183]"
TRAJ1318,13,4,2,2,2,fan_in,fan_in,"['fan_in->fan_in', 'fan_in->fan_in']",2,1,1.5,True,"[177, 185]"
TRAJ1319,8,2,1,1,1,fan_in,fan_in,['fan_in->fan_in'],1,0,1.0,True,"[177, 184]"
TRAJ1320,12,5,2,1,1,fan_in,rapid_pass_through,['fan_in->fan_in'],1,1,1.5,True,"[177, 193]"
TRAJ1321,16,5,2,1,1,fan_in,rapid_pass_through,"['fan_in->fan_in', 'fan_in->fan_in']",2,1,1.5,True,"[177, 186]"
TRAJ1322,27,7,2,2,2,fan_in,rapid_pass_through,"['fan_in->fan_in', 'fan_in->fan_in', 'fan_in->fan_in', 'fan_in->fan_in']",4,1,1.5,True,"[177, 189]"
TRAJ1323,18,4,1,2,2,fan_in,fan_in,"['fan_in->fan_in', 'fan_in->fan_in', 'fan_in->fan_in']",3,0,1.0,True,"[177, 185]"
TRAJ1324,12,3,1,2,2,fan_in,fan_in,"['fan_in->fan_in', 'fan_in->fan_in']",2,0,1.0,True,"[177, 185]"
TRAJ1325,8,3,2,1,1,rapid_pass_through,fan_in,['fan_in->fan_in'],1,1,1.5,True,"[177, 188]"
TRAJ1326,30,6,2,4,4,fan_in,fan_in,"['fan_in->fan_in', 'fan_in->fan_in', 'fan_in->circular_flow', 'circular_flow->fan_in', 'fan_in->fan_in']",5,1,4.0,True,"[178, 188]"
TRAJ1327,20,5,1,1,1,fan_in,fan_in,"['fan_in->fan_in', 'fan_in->fan_in', 'fan_in->fan_in', 'fan_in->fan_in']",4,0,1.0,True,"[178, 188]"
TRAJ1328,7,2,1,1,1,fan_in,fan_in,['fan_in->fan_in'],1,0,1.0,True,"[178, 185]"
TRAJ1329,8,2,1,1,1,fan_in,fan_in,['fan_in->fan_in'],1,0,1.0,True,"[178, 185]"
TRAJ1330,7,2,1,1,1,fan_in,fan_in,['fan_in->fan_in'],1,0,1.0,True,"[178, 185]"
TRAJ1331,19,11,3,3,3,circular_flow,rapid_pass_through,"['circular_flow->circular_flow', 'circular_flow->fan_in', 'fan_in->fan_in', 'fan_in->fan_in', 'fan_in->circular_flow', 'circular_flow->fan_in', 'fan_in->fan_in']",7,2,4.5,True,"[180, 191]"
TRAJ1332,12,3,1,2,2,fan_in,fan_in,"['fan_in->fan_in', 'fan_in->fan_in']",2,0,1.0,True,"[179, 187]"
TRAJ1333,9,4,2,1,1,fan_in,rapid_pass_through,['fan_in->fan_in'],1,1,1.5,True,"[179, 188]"
TRAJ1334,6,2,1,1,1,fan_in,fan_in,['fan_in->fan_in'],1,0,1.0,True,"[179, 186]"
TRAJ1335,50,17,3,6,6,rapid_pass_through,rapid_pass_through,"['fan_in->fan_in', 'fan_in->layering', 'layering->fan_in', 'fan_in->fan_in', 'fan_in->fan_in', 'fan_in->fan_in', 'fan_in->fan_in', 'fan_in->fan_in', 'fan_in->fan_in', 'fan_in->fan_in', 'fan_in->fan_in']",11,2,3.5,True,"[180, 201]"
TRAJ1336,10,4,2,1,1,rapid_pass_through,rapid_pass_through,['fan_in->fan_in'],1,1,1.5,True,"[181, 195]"
TRAJ1337,17,9,3,1,1,rapid_pass_through,rapid_pass_through,"['fan_in->layering', 'layering->fan_in']",2,2,3.5,True,"[179, 200]"
TRAJ1338,10,2,1,1,1,fan_in,fan_in,['fan_in->fan_in'],1,0,1.0,True,"[180, 187]"
TRAJ1339,10,4,2,1,1,fan_in,rapid_pass_through,['fan_in->fan_in'],1,1,1.5,True,"[180, 189]"
TRAJ1340,10,2,1,1,1,fan_in,fan_in,['fan_in->fan_in'],1,0,1.0,True,"[180, 187]"
TRAJ1341,23,5,1,2,2,fan_in,fan_in,"['fan_in->fan_in', 'fan_in->fan_in', 'fan_in->fan_in', 'fan_in->fan_in']",4,0,1.0,True,"[180, 188]"
TRAJ1342,9,3,1,2,2,fan_in,fan_in,"['fan_in->fan_in', 'fan_in->fan_in']",2,0,1.0,True,"[180, 188]"
TRAJ1343,6,2,1,1,1,fan_in,fan_in,['fan_in->fan_in'],1,0,1.0,True,"[180, 187]"
TRAJ1344,8,3,2,2,2,rapid_pass_through,fan_in,['fan_in->fan_in'],1,1,1.5,True,"[181, 188]"
TRAJ1345,5,2,1,1,1,fan_in,fan_in,['fan_in->fan_in'],1,0,1.0,True,"[181, 188]"
TRAJ1346,10,2,1,1,1,fan_in,fan_in,['fan_in->fan_in'],1,0,1.0,True,"[181, 188]"
TRAJ1347,19,8,3,5,5,rapid_pass_through,fan_in,"['fan_in->fan_in', 'fan_in->fan_in', 'fan_in->layering', 'layering->fan_in']",4,2,3.5,True,"[182, 193]"
TRAJ1348,23,7,2,1,1,rapid_pass_through,rapid_pass_through,"['fan_in->fan_in', 'fan_in->fan_in', 'fan_in->fan_in']",3,1,1.5,True,"[183, 197]"
TRAJ1349,20,8,2,1,1,rapid_pass_through,rapid_pass_through,"['fan_in->fan_in', 'fan_in->fan_in', 'fan_in->fan_in']",3,1,1.5,True,"[183, 204]"
TRAJ1350,12,5,2,1,1,rapid_pass_through,rapid_pass_through,['fan_in->fan_in'],1,1,1.5,True,"[183, 197]"
TRAJ1351,15,5,2,2,2,fan_in,rapid_pass_through,"['fan_in->fan_in', 'fan_in->fan_in']",2,1,1.5,True,"[182, 191]"
TRAJ1352,5,2,1,1,1,fan_in,fan_in,['fan_in->fan_in'],1,0,1.0,True,"[182, 189]"
TRAJ1353,13,3,2,1,1,fan_in,rapid_pass_through,['fan_in->fan_in'],1,1,1.5,True,"[182, 196]"
TRAJ1354,8,2,1,1,1,fan_in,fan_in,['fan_in->fan_in'],1,0,1.0,True,"[182, 189]"
TRAJ1355,8,2,1,1,1,fan_in,fan_in,['fan_in->fan_in'],1,0,1.0,True,"[182, 189]"
TRAJ1356,11,4,2,2,2,rapid_pass_through,fan_in,['fan_in->fan_in'],1,1,1.5,True,"[183, 190]"
TRAJ1357,7,2,1,1,1,fan_in,fan_in,['fan_in->fan_in'],1,0,1.0,True,"[183, 190]"
TRAJ1358,11,2,1,1,1,fan_in,fan_in,['fan_in->fan_in'],1,0,1.0,True,"[183, 190]"
TRAJ1359,10,3,1,1,1,fan_in,fan_in,"['fan_in->fan_in', 'fan_in->fan_in']",2,0,1.0,True,"[183, 193]"
TRAJ1360,8,2,1,1,1,fan_in,fan_in,['fan_in->fan_in'],1,0,1.0,True,"[183, 190]"
TRAJ1361,10,4,2,1,1,fan_in,rapid_pass_through,['fan_in->fan_in'],1,1,1.5,True,"[183, 192]"
TRAJ1362,14,2,1,1,1,fan_in,fan_in,['fan_in->fan_in'],1,0,1.0,True,"[183, 190]"
TRAJ1363,14,3,1,2,2,fan_in,fan_in,"['fan_in->fan_in', 'fan_in->fan_in']",2,0,1.0,True,"[183, 191]"
TRAJ1364,8,4,2,1,1,fan_in,rapid_pass_through,['fan_in->fan_in'],1,1,1.5,True,"[183, 192]"
TRAJ1365,8,4,2,1,1,fan_in,rapid_pass_through,['fan_in->fan_in'],1,1,1.5,True,"[184, 193]"
TRAJ1366,14,4,2,1,1,fan_in,fan_in,"['fan_in->fan_in', 'fan_in->fan_in']",2,1,1.5,True,"[184, 191]"
TRAJ1367,11,3,2,3,3,fan_in,fan_in,['fan_in->fan_in'],1,1,1.5,True,"[184, 186]"
TRAJ1368,10,3,2,1,1,fan_in,rapid_pass_through,['fan_in->fan_in'],1,1,1.5,True,"[184, 195]"
TRAJ1369,8,2,1,1,1,fan_in,fan_in,['fan_in->fan_in'],1,0,1.0,True,"[184, 191]"
TRAJ1370,14,5,1,3,3,fan_in,fan_in,"['fan_in->fan_in', 'fan_in->fan_in', 'fan_in->fan_in', 'fan_in->fan_in']",4,0,1.0,True,"[184, 193]"
TRAJ1371,8,2,1,1,1,fan_in,fan_in,['fan_in->fan_in'],1,0,1.0,True,"[185, 187]"
TRAJ1372,11,3,1,2,2,fan_in,fan_in,"['fan_in->fan_in', 'fan_in->fan_in']",2,0,1.0,True,"[185, 192]"
TRAJ1373,14,4,2,1,1,fan_in,rapid_pass_through,['fan_in->fan_in'],1,1,1.5,True,"[185, 194]"
TRAJ1374,7,2,1,1,1,fan_in,fan_in,['fan_in->fan_in'],1,0,1.0,True,"[185, 192]"
TRAJ1375,14,4,1,1,1,fan_in,fan_in,"['fan_in->fan_in', 'fan_in->fan_in', 'fan_in->fan_in']",3,0,1.0,True,"[185, 194]"
TRAJ1376,7,2,1,1,1,fan_in,fan_in,['fan_in->fan_in'],1,0,1.0,True,"[185, 192]"
TRAJ1377,7,2,1,1,1,fan_in,fan_in,['fan_in->fan_in'],1,0,1.0,True,"[185, 192]"
TRAJ1378,7,2,1,1,1,fan_in,fan_in,['fan_in->fan_in'],1,0,1.0,True,"[186, 193]"
TRAJ1379,17,4,1,1,1,fan_in,fan_in,"['fan_in->fan_in', 'fan_in->fan_in', 'fan_in->fan_in']",3,0,1.0,True,"[186, 195]"
TRAJ1380,8,2,1,1,1,fan_in,fan_in,['fan_in->fan_in'],1,0,1.0,True,"[186, 193]"
TRAJ1381,15,7,2,4,4,fan_in,rapid_pass_through,"['fan_in->fan_in', 'fan_in->fan_in', 'fan_in->fan_in', 'fan_in->fan_in']",4,1,1.5,True,"[186, 196]"
TRAJ1382,6,2,1,1,1,fan_in,fan_in,['fan_in->fan_in'],1,0,1.0,True,"[186, 193]"
TRAJ1383,9,2,1,1,1,fan_in,fan_in,['fan_in->fan_in'],1,0,1.0,True,"[186, 193]"
TRAJ1384,9,3,1,2,2,fan_in,fan_in,"['fan_in->fan_in', 'fan_in->fan_in']",2,0,1.0,True,"[186, 193]"
TRAJ1385,7,2,1,1,1,fan_in,fan_in,['fan_in->fan_in'],1,0,1.0,True,"[186, 193]"
TRAJ1386,10,2,1,1,1,fan_in,fan_in,['fan_in->fan_in'],1,0,1.0,True,"[186, 193]"
TRAJ1387,6,2,1,1,1,fan_in,fan_in,['fan_in->fan_in'],1,0,1.0,True,"[187, 194]"
TRAJ1388,11,2,1,1,1,fan_in,fan_in,['fan_in->fan_in'],1,0,1.0,True,"[187, 194]"
TRAJ1389,17,6,2,2,2,fan_in,rapid_pass_through,"['fan_in->fan_in', 'fan_in->fan_in', 'fan_in->fan_in']",3,1,1.5,True,"[187, 197]"
TRAJ1390,16,5,2,1,1,fan_in,rapid_pass_through,"['fan_in->fan_in', 'fan_in->fan_in']",2,1,1.5,True,"[187, 201]"
TRAJ1391,18,7,2,1,1,fan_in,fan_in,"['fan_in->fan_in', 'fan_in->fan_in', 'fan_in->fan_in']",3,1,1.5,True,"[188, 197]"
TRAJ1392,11,4,2,1,1,fan_in,rapid_pass_through,['fan_in->fan_in'],1,1,1.5,True,"[188, 197]"
TRAJ1393,16,3,1,2,2,fan_in,fan_in,"['fan_in->fan_in', 'fan_in->fan_in']",2,0,1.0,True,"[188, 196]"
TRAJ1394,6,2,1,1,1,fan_in,fan_in,['fan_in->fan_in'],1,0,1.0,True,"[188, 195]"
TRAJ1395,12,3,1,1,1,fan_in,fan_in,"['fan_in->fan_in', 'fan_in->fan_in']",2,0,1.0,True,"[188, 195]"
TRAJ1396,8,2,1,1,1,fan_in,fan_in,['fan_in->fan_in'],1,0,1.0,True,"[188, 198]"
TRAJ1397,22,7,2,3,3,fan_in,fan_in,"['fan_in->fan_in', 'fan_in->fan_in', 'fan_in->fan_in', 'fan_in->fan_in']",4,1,1.5,True,"[189, 200]"
TRAJ1398,13,2,1,1,1,fan_in,fan_in,['fan_in->fan_in'],1,0,1.0,True,"[189, 195]"
TRAJ1399,17,4,1,1,1,fan_in,fan_in,"['fan_in->fan_in', 'fan_in->fan_in', 'fan_in->fan_in']",3,0,1.0,True,"[189, 199]"
TRAJ1400,32,8,2,3,3,fan_in,fan_in,"['fan_in->fan_in', 'fan_in->fan_in', 'fan_in->fan_in', 'fan_in->fan_in', 'fan_in->fan_in']",5,1,1.5,True,"[189, 198]"
TRAJ1401,20,6,2,2,2,fan_in,fan_in,"['fan_in->fan_in', 'fan_in->fan_in', 'fan_in->fan_in']",3,1,1.5,True,"[189, 199]"
TRAJ1402,11,4,1,1,1,fan_in,fan_in,"['fan_in->fan_in', 'fan_in->fan_in', 'fan_in->fan_in']",3,0,1.0,True,"[189, 198]"
TRAJ1403,20,5,2,1,1,fan_in,circular_flow,"['fan_in->fan_in', 'fan_in->fan_in', 'fan_in->fan_in', 'fan_in->circular_flow']",4,1,4.0,True,"[189, 200]"
TRAJ1404,11,3,1,1,1,fan_in,fan_in,"['fan_in->fan_in', 'fan_in->fan_in']",2,0,1.0,True,"[189, 198]"
TRAJ1405,7,2,1,1,1,fan_in,fan_in,['fan_in->fan_in'],1,0,1.0,True,"[190, 197]"
TRAJ1406,17,4,1,3,3,fan_in,fan_in,"['fan_in->fan_in', 'fan_in->fan_in', 'fan_in->fan_in']",3,0,1.0,True,"[190, 194]"
TRAJ1407,8,2,1,1,1,fan_in,fan_in,['fan_in->fan_in'],1,0,1.0,True,"[190, 197]"
TRAJ1408,7,2,1,1,1,fan_in,fan_in,['fan_in->fan_in'],1,0,1.0,True,"[190, 197]"
TRAJ1409,9,2,1,1,1,fan_in,fan_in,['fan_in->fan_in'],1,0,1.0,True,"[190, 197]"
TRAJ1410,18,5,1,2,2,fan_in,fan_in,"['fan_in->fan_in', 'fan_in->fan_in', 'fan_in->fan_in', 'fan_in->fan_in']",4,0,1.0,True,"[190, 200]"
TRAJ1411,7,2,1,1,1,fan_in,fan_in,['fan_in->fan_in'],1,0,1.0,True,"[190, 197]"
TRAJ1412,5,2,1,1,1,fan_in,fan_in,['fan_in->fan_in'],1,0,1.0,True,"[190, 197]"
TRAJ1413,7,2,1,1,1,fan_in,fan_in,['fan_in->fan_in'],1,0,1.0,True,"[190, 197]"
TRAJ1414,7,2,1,1,1,fan_in,fan_in,['fan_in->fan_in'],1,0,1.0,True,"[190, 197]"
TRAJ1415,17,4,1,2,2,fan_in,fan_in,"['fan_in->fan_in', 'fan_in->fan_in', 'fan_in->fan_in']",3,0,1.0,True,"[191, 201]"
TRAJ1416,8,2,1,1,1,fan_in,fan_in,['fan_in->fan_in'],1,0,1.0,True,"[191, 198]"
TRAJ1417,14,3,1,2,2,fan_in,fan_in,"['fan_in->fan_in', 'fan_in->fan_in']",2,0,1.0,True,"[191, 199]"
TRAJ1418,17,5,2,1,1,fan_in,rapid_pass_through,"['fan_in->fan_in', 'fan_in->fan_in']",2,1,1.5,True,"[191, 200]"
TRAJ1419,10,2,1,1,1,fan_in,fan_in,['fan_in->fan_in'],1,0,1.0,True,"[191, 198]"
TRAJ1420,19,4,2,1,1,fan_in,rapid_pass_through,"['fan_in->fan_in', 'fan_in->fan_in']",2,1,1.5,True,"[191, 203]"
TRAJ1421,15,3,1,1,1,fan_in,fan_in,"['fan_in->fan_in', 'fan_in->fan_in']",2,0,1.0,True,"[191, 198]"
TRAJ1422,14,6,2,3,3,rapid_pass_through,fan_in,"['fan_in->fan_in', 'fan_in->fan_in']",2,1,1.5,True,"[193, 207]"
TRAJ1423,13,3,1,1,1,fan_in,fan_in,"['fan_in->fan_in', 'fan_in->fan_in']",2,0,1.0,True,"[192, 199]"
TRAJ1424,16,6,2,3,3,rapid_pass_through,fan_in,"['fan_in->fan_in', 'fan_in->fan_in']",2,1,1.5,True,"[194, 203]"
TRAJ1425,28,6,2,5,5,fan_in,fan_in,"['fan_in->fan_in', 'fan_in->fan_in', 'fan_in->fan_in', 'fan_in->fan_in']",4,1,1.5,True,"[193, 204]"
TRAJ1426,22,7,2,1,1,fan_in,fan_in,"['fan_in->fan_in', 'fan_in->fan_in', 'fan_in->fan_in', 'fan_in->fan_in']",4,1,1.5,True,"[193, 202]"
TRAJ1427,14,3,1,1,1,fan_in,fan_in,"['fan_in->fan_in', 'fan_in->fan_in']",2,0,1.0,True,"[193, 202]"
TRAJ1428,10,2,1,1,1,fan_in,fan_in,['fan_in->fan_in'],1,0,1.0,True,"[193, 200]"
TRAJ1429,13,5,2,2,2,rapid_pass_through,rapid_pass_through,['fan_in->fan_in'],1,1,1.5,True,"[195, 209]"
TRAJ1430,8,2,1,1,1,fan_in,fan_in,['fan_in->fan_in'],1,0,1.0,True,"[194, 201]"
TRAJ1431,22,3,1,2,2,fan_in,fan_in,"['fan_in->fan_in', 'fan_in->fan_in']",2,0,1.0,True,"[194, 202]"
TRAJ1432,10,2,1,1,1,fan_in,fan_in,['fan_in->fan_in'],1,0,1.0,True,"[194, 201]"
TRAJ1433,9,4,2,1,1,fan_in,rapid_pass_through,['fan_in->fan_in'],1,1,1.5,True,"[194, 203]"
TRAJ1434,6,2,1,1,1,fan_in,fan_in,['fan_in->fan_in'],1,0,1.0,True,"[194, 201]"
TRAJ1435,13,4,2,2,2,fan_in,fan_in,"['fan_in->fan_in', 'fan_in->fan_in']",2,1,1.5,True,"[194, 202]"
TRAJ1436,8,2,1,1,1,fan_in,fan_in,['fan_in->fan_in'],1,0,1.0,True,"[194, 201]"
TRAJ1437,8,2,1,1,1,fan_in,fan_in,['fan_in->fan_in'],1,0,1.0,True,"[194, 201]"
TRAJ1438,11,5,2,2,2,rapid_pass_through,rapid_pass_through,['fan_in->fan_in'],1,1,1.5,True,"[196, 207]"
TRAJ1439,13,5,3,1,1,rapid_pass_through,rapid_pass_through,"['fan_in->fan_in', 'fan_in->circular_flow']",2,2,4.5,True,"[194, 215]"
TRAJ1440,7,2,1,1,1,fan_in,fan_in,['fan_in->fan_in'],1,0,1.0,True,"[195, 202]"
TRAJ1441,41,17,3,2,2,rapid_pass_through,rapid_pass_through,"['layering->fan_in', 'fan_in->fan_in', 'fan_in->fan_in', 'fan_in->fan_in', 'fan_in->fan_in']",5,2,3.5,True,"[196, 220]"
TRAJ1442,8,4,2,1,1,fan_in,rapid_pass_through,['fan_in->fan_in'],1,1,1.5,True,"[196, 205]"
TRAJ1443,9,2,1,1,1,fan_in,fan_in,['fan_in->fan_in'],1,0,1.0,True,"[196, 203]"
TRAJ1444,15,3,1,2,2,fan_in,fan_in,"['fan_in->fan_in', 'fan_in->fan_in']",2,0,1.0,True,"[196, 203]"
TRAJ1445,10,4,2,2,2,fan_in,rapid_pass_through,['fan_in->fan_in'],1,1,1.5,True,"[196, 211]"
TRAJ1446,11,3,1,1,1,fan_in,fan_in,"['fan_in->fan_in', 'fan_in->fan_in']",2,0,1.0,True,"[196, 205]"
TRAJ1447,16,3,1,2,2,fan_in,fan_in,"['fan_in->fan_in', 'fan_in->fan_in']",2,0,1.0,True,"[197, 205]"
TRAJ1448,9,2,1,1,1,fan_in,fan_in,['fan_in->fan_in'],1,0,1.0,True,"[197, 201]"
TRAJ1449,10,2,1,1,1,fan_in,fan_in,['fan_in->fan_in'],1,0,1.0,True,"[197, 204]"
TRAJ1450,8,2,1,1,1,fan_in,fan_in,['fan_in->fan_in'],1,0,1.0,True,"[197, 200]"
TRAJ1451,8,2,1,1,1,fan_in,fan_in,['fan_in->fan_in'],1,0,1.0,True,"[197, 204]"
TRAJ1452,13,4,2,1,1,fan_in,rapid_pass_through,['fan_in->fan_in'],1,1,1.5,True,"[197, 206]"
TRAJ1453,10,2,1,1,1,fan_in,fan_in,['fan_in->fan_in'],1,0,1.0,True,"[197, 204]"
TRAJ1454,8,2,1,1,1,fan_in,fan_in,['fan_in->fan_in'],1,0,1.0,True,"[197, 204]"
TRAJ1455,20,7,2,2,2,fan_in,fan_in,"['fan_in->fan_in', 'fan_in->fan_in', 'fan_in->fan_in', 'fan_in->fan_in', 'fan_in->fan_in']",5,1,1.5,True,"[197, 208]"
TRAJ1456,7,3,2,1,1,rapid_pass_through,fan_in,['fan_in->fan_in'],1,1,1.5,True,"[198, 211]"
TRAJ1457,11,4,2,1,1,fan_in,rapid_pass_through,['fan_in->fan_in'],1,1,1.5,True,"[198, 207]"
TRAJ1458,11,5,2,3,3,fan_in,rapid_pass_through,"['fan_in->fan_in', 'fan_in->fan_in']",2,1,1.5,True,"[198, 207]"
TRAJ1459,8,2,1,1,1,fan_in,fan_in,['fan_in->fan_in'],1,0,1.0,True,"[198, 205]"
TRAJ1460,10,2,1,1,1,fan_in,fan_in,['fan_in->fan_in'],1,0,1.0,True,"[198, 204]"
TRAJ1461,7,2,2,1,1,fan_in,layering,['fan_in->layering'],1,1,3.0,True,"[198, 200]"
TRAJ1462,14,5,2,1,1,rapid_pass_through,rapid_pass_through,['fan_in->fan_in'],1,1,1.5,True,"[200, 214]"
TRAJ1463,13,4,1,2,2,fan_in,fan_in,"['fan_in->fan_in', 'fan_in->fan_in', 'fan_in->fan_in']",3,0,1.0,True,"[199, 207]"
TRAJ1464,15,4,2,1,1,fan_in,rapid_pass_through,['fan_in->fan_in'],1,1,1.5,True,"[199, 208]"
TRAJ1465,8,5,3,1,1,fan_in,fan_in,"['fan_in->circular_flow', 'circular_flow->circular_flow', 'circular_flow->fan_in']",3,2,4.5,True,"[199, 206]"
TRAJ1466,17,3,1,1,1,fan_in,fan_in,"['fan_in->fan_in', 'fan_in->fan_in']",2,0,1.0,True,"[199, 208]"
TRAJ1467,6,2,1,1,1,fan_in,fan_in,['fan_in->fan_in'],1,0,1.0,True,"[199, 206]"
TRAJ1468,17,5,2,1,1,fan_in,rapid_pass_through,"['fan_in->fan_in', 'fan_in->fan_in']",2,1,1.5,True,"[199, 211]"
TRAJ1469,13,3,1,1,1,fan_in,fan_in,"['fan_in->fan_in', 'fan_in->fan_in']",2,0,1.0,True,"[199, 208]"
TRAJ1470,9,2,1,1,1,fan_in,fan_in,['fan_in->fan_in'],1,0,1.0,True,"[199, 206]"
TRAJ1471,20,5,1,2,2,fan_in,fan_in,"['fan_in->fan_in', 'fan_in->fan_in', 'fan_in->fan_in', 'fan_in->fan_in']",4,0,1.0,True,"[199, 209]"
TRAJ1472,6,2,1,1,1,fan_in,fan_in,['fan_in->fan_in'],1,0,1.0,True,"[200, 207]"
TRAJ1473,14,5,2,1,1,fan_in,rapid_pass_through,['fan_in->fan_in'],1,1,1.5,True,"[200, 216]"
TRAJ1474,18,4,1,1,1,fan_in,fan_in,"['fan_in->fan_in', 'fan_in->fan_in', 'fan_in->fan_in']",3,0,1.0,True,"[200, 209]"
TRAJ1475,21,5,2,4,4,fan_in,fan_in,"['fan_in->fan_in', 'fan_in->fan_in', 'fan_in->fan_in']",3,1,1.5,True,"[200, 210]"
TRAJ1476,9,3,2,1,1,fan_in,rapid_pass_through,['fan_in->fan_in'],1,1,1.5,True,"[200, 204]"
TRAJ1477,7,2,1,1,1,fan_in,fan_in,['fan_in->fan_in'],1,0,1.0,True,"[200, 207]"
TRAJ1478,13,3,1,2,2,fan_in,fan_in,"['fan_in->fan_in', 'fan_in->fan_in']",2,0,1.0,True,"[200, 207]"
TRAJ1479,8,2,1,1,1,fan_in,fan_in,['fan_in->fan_in'],1,0,1.0,True,"[200, 207]"
TRAJ1480,8,2,1,1,1,fan_in,fan_in,['fan_in->fan_in'],1,0,1.0,True,"[200, 205]"
TRAJ1481,7,2,1,1,1,fan_in,fan_in,['fan_in->fan_in'],1,0,1.0,True,"[201, 208]"
TRAJ1482,7,2,1,1,1,fan_in,fan_in,['fan_in->fan_in'],1,0,1.0,True,"[201, 208]"
TRAJ1483,8,2,1,1,1,fan_in,fan_in,['fan_in->fan_in'],1,0,1.0,True,"[201, 208]"
TRAJ1484,11,2,1,1,1,fan_in,fan_in,['fan_in->fan_in'],1,0,1.0,True,"[201, 208]"
TRAJ1485,18,6,2,2,2,fan_in,rapid_pass_through,"['fan_in->fan_in', 'fan_in->fan_in', 'fan_in->fan_in']",3,1,1.5,True,"[201, 211]"
TRAJ1486,11,2,1,1,1,fan_in,fan_in,['fan_in->fan_in'],1,0,1.0,True,"[201, 208]"
TRAJ1487,7,2,1,1,1,fan_in,fan_in,['fan_in->fan_in'],1,0,1.0,True,"[201, 208]"
TRAJ1488,6,2,1,1,1,fan_in,fan_in,['fan_in->fan_in'],1,0,1.0,True,"[201, 208]"
TRAJ1489,12,5,3,2,2,layering,rapid_pass_through,"['layering->fan_in', 'fan_in->fan_in']",2,2,3.5,True,"[202, 210]"
TRAJ1490,13,6,2,2,2,rapid_pass_through,fan_in,"['fan_in->fan_in', 'fan_in->fan_in']",2,1,1.5,True,"[203, 221]"
TRAJ1491,7,2,1,1,1,fan_in,fan_in,['fan_in->fan_in'],1,0,1.0,True,"[202, 209]"
TRAJ1492,13,4,2,1,1,fan_in,rapid_pass_through,['fan_in->fan_in'],1,1,1.5,True,"[202, 211]"
TRAJ1493,10,2,1,1,1,fan_in,fan_in,['fan_in->fan_in'],1,0,1.0,True,"[202, 209]"
TRAJ1494,7,2,1,1,1,fan_in,fan_in,['fan_in->fan_in'],1,0,1.0,True,"[202, 209]"
TRAJ1495,6,2,1,1,1,fan_in,fan_in,['fan_in->fan_in'],1,0,1.0,True,"[202, 209]"
TRAJ1496,17,6,2,2,2,fan_in,rapid_pass_through,"['fan_in->fan_in', 'fan_in->fan_in', 'fan_in->fan_in']",3,1,1.5,True,"[202, 217]"
TRAJ1497,10,5,2,1,1,rapid_pass_through,rapid_pass_through,['fan_in->fan_in'],1,1,1.5,True,"[204, 218]"
TRAJ1498,13,3,1,1,1,fan_in,fan_in,"['fan_in->fan_in', 'fan_in->fan_in']",2,0,1.0,True,"[203, 209]"
TRAJ1499,21,8,2,3,3,fan_in,fan_in,"['fan_in->fan_in', 'fan_in->fan_in', 'fan_in->fan_in', 'fan_in->fan_in', 'fan_in->fan_in']",5,1,1.5,True,"[203, 214]"
TRAJ1500,7,2,1,1,1,fan_in,fan_in,['fan_in->fan_in'],1,0,1.0,True,"[203, 210]"
TRAJ1501,11,2,1,1,1,fan_in,fan_in,['fan_in->fan_in'],1,0,1.0,True,"[203, 210]"
TRAJ1502,16,4,1,2,2,fan_in,fan_in,"['fan_in->fan_in', 'fan_in->fan_in', 'fan_in->fan_in']",3,0,1.0,True,"[203, 209]"
TRAJ1503,13,3,1,1,1,fan_in,fan_in,"['fan_in->fan_in', 'fan_in->fan_in']",2,0,1.0,True,"[203, 210]"
TRAJ1504,7,3,2,1,1,fan_in,fan_in,"['fan_in->circular_flow', 'circular_flow->fan_in']",2,1,4.0,True,"[203, 210]"
TRAJ1505,12,4,2,1,1,fan_in,rapid_pass_through,['fan_in->fan_in'],1,1,1.5,True,"[203, 212]"
TRAJ1506,16,4,1,1,1,fan_in,fan_in,"['fan_in->fan_in', 'fan_in->fan_in', 'fan_in->fan_in']",3,0,1.0,True,"[203, 212]"
TRAJ1507,8,2,1,1,1,fan_in,fan_in,['fan_in->fan_in'],1,0,1.0,True,"[203, 210]"
TRAJ1508,11,2,1,1,1,fan_in,fan_in,['fan_in->fan_in'],1,0,1.0,True,"[204, 206]"
TRAJ1509,20,5,1,3,3,fan_in,fan_in,"['fan_in->fan_in', 'fan_in->fan_in', 'fan_in->fan_in', 'fan_in->fan_in']",4,0,1.0,True,"[204, 213]"
TRAJ1510,15,4,1,1,1,fan_in,fan_in,"['fan_in->fan_in', 'fan_in->fan_in', 'fan_in->fan_in']",3,0,1.0,True,"[204, 213]"
TRAJ1511,10,2,1,1,1,fan_in,fan_in,['fan_in->fan_in'],1,0,1.0,True,"[204, 211]"
TRAJ1512,8,2,1,1,1,fan_in,fan_in,['fan_in->fan_in'],1,0,1.0,True,"[204, 211]"
TRAJ1513,7,2,1,1,1,fan_in,fan_in,['fan_in->fan_in'],1,0,1.0,True,"[204, 211]"
TRAJ1514,8,2,1,1,1,fan_in,fan_in,['fan_in->fan_in'],1,0,1.0,True,"[204, 211]"
TRAJ1515,8,2,1,1,1,fan_in,fan_in,['fan_in->fan_in'],1,0,1.0,True,"[204, 211]"
TRAJ1516,10,3,1,1,1,fan_in,fan_in,"['fan_in->fan_in', 'fan_in->fan_in']",2,0,1.0,True,"[204, 211]"
TRAJ1517,8,2,1,1,1,fan_in,fan_in,['fan_in->fan_in'],1,0,1.0,True,"[204, 211]"
TRAJ1518,5,2,1,1,1,fan_in,fan_in,['fan_in->fan_in'],1,0,1.0,True,"[204, 211]"
TRAJ1519,7,4,2,1,1,fan_in,rapid_pass_through,['fan_in->fan_in'],1,1,1.5,True,"[204, 213]"
TRAJ1520,8,2,1,1,1,fan_in,fan_in,['fan_in->fan_in'],1,0,1.0,True,"[205, 212]"
TRAJ1521,27,7,2,3,3,fan_in,fan_in,"['fan_in->fan_in', 'fan_in->fan_in', 'fan_in->fan_in', 'fan_in->fan_in', 'fan_in->fan_in']",5,1,1.5,True,"[205, 214]"
TRAJ1522,10,4,2,1,1,fan_in,rapid_pass_through,['fan_in->fan_in'],1,1,1.5,True,"[205, 214]"
TRAJ1523,12,2,1,1,1,fan_in,fan_in,['fan_in->fan_in'],1,0,1.0,True,"[205, 212]"
TRAJ1524,34,9,2,5,5,fan_in,fan_in,"['fan_in->fan_in', 'fan_in->fan_in', 'fan_in->fan_in', 'fan_in->fan_in', 'fan_in->fan_in', 'fan_in->fan_in']",6,1,1.5,True,"[205, 216]"
TRAJ1525,13,3,1,1,1,fan_in,fan_in,"['fan_in->fan_in', 'fan_in->fan_in']",2,0,1.0,True,"[205, 212]"
TRAJ1526,12,5,2,1,1,fan_in,rapid_pass_through,['fan_in->fan_in'],1,1,1.5,True,"[205, 221]"
TRAJ1527,7,2,1,1,1,fan_in,fan_in,['fan_in->fan_in'],1,0,1.0,True,"[205, 212]"
TRAJ1528,13,3,1,2,2,fan_in,fan_in,"['fan_in->fan_in', 'fan_in->fan_in']",2,0,1.0,True,"[206, 214]"
TRAJ1529,17,4,1,1,1,fan_in,fan_in,"['fan_in->fan_in', 'fan_in->fan_in', 'fan_in->fan_in']",3,0,1.0,True,"[206, 216]"
TRAJ1530,10,3,1,1,1,fan_in,fan_in,"['fan_in->fan_in', 'fan_in->fan_in']",2,0,1.0,True,"[206, 216]"
TRAJ1531,6,2,1,1,1,fan_in,fan_in,['fan_in->fan_in'],1,0,1.0,True,"[206, 213]"
TRAJ1532,7,2,1,1,1,fan_in,fan_in,['fan_in->fan_in'],1,0,1.0,True,"[207, 214]"
TRAJ1533,14,5,2,2,2,fan_in,rapid_pass_through,"['fan_in->fan_in', 'fan_in->fan_in']",2,1,1.5,True,"[207, 217]"
TRAJ1534,7,2,1,1,1,fan_in,fan_in,['fan_in->fan_in'],1,0,1.0,True,"[207, 214]"
TRAJ1535,8,2,1,1,1,fan_in,fan_in,['fan_in->fan_in'],1,0,1.0,True,"[207, 214]"
TRAJ1536,8,2,1,1,1,fan_in,fan_in,['fan_in->fan_in'],1,0,1.0,True,"[207, 214]"
TRAJ1537,8,2,1,1,1,fan_in,fan_in,['fan_in->fan_in'],1,0,1.0,True,"[208, 215]"
TRAJ1538,18,5,1,3,3,fan_in,fan_in,"['fan_in->fan_in', 'fan_in->fan_in', 'fan_in->fan_in', 'fan_in->fan_in']",4,0,1.0,True,"[208, 217]"
TRAJ1539,7,2,1,1,1,fan_in,fan_in,['fan_in->fan_in'],1,0,1.0,True,"[208, 215]"
TRAJ1540,14,2,1,1,1,fan_in,fan_in,['fan_in->fan_in'],1,0,1.0,True,"[208, 215]"
TRAJ1541,11,3,2,2,2,fan_in,rapid_pass_through,['fan_in->fan_in'],1,1,1.5,True,"[208, 212]"
TRAJ1542,8,3,2,1,1,fan_in,split_merge,"['fan_in->fan_in', 'fan_in->split_merge']",2,1,3.0,True,"[208, 215]"
TRAJ1543,17,7,2,1,1,rapid_pass_through,rapid_pass_through,"['fan_in->fan_in', 'fan_in->fan_in']",2,1,1.5,True,"[210, 231]"
TRAJ1544,17,6,2,1,1,fan_in,rapid_pass_through,"['fan_in->fan_in', 'fan_in->fan_in']",2,1,1.5,True,"[209, 225]"
TRAJ1545,9,4,2,1,1,fan_in,rapid_pass_through,['fan_in->fan_in'],1,1,1.5,True,"[210, 219]"
TRAJ1546,11,3,1,1,1,fan_in,fan_in,"['fan_in->fan_in', 'fan_in->fan_in']",2,0,1.0,True,"[210, 219]"
TRAJ1547,6,2,1,1,1,fan_in,fan_in,['fan_in->fan_in'],1,0,1.0,True,"[210, 217]"
TRAJ1548,7,2,1,1,1,fan_in,fan_in,['fan_in->fan_in'],1,0,1.0,True,"[210, 212]"
TRAJ1549,12,4,2,1,1,fan_in,rapid_pass_through,['fan_in->fan_in'],1,1,1.5,True,"[210, 221]"
TRAJ1550,7,2,1,1,1,fan_in,fan_in,['fan_in->fan_in'],1,0,1.0,True,"[210, 217]"
TRAJ1551,14,2,1,1,1,fan_in,fan_in,['fan_in->fan_in'],1,0,1.0,True,"[211, 218]"
TRAJ1552,11,3,1,1,1,fan_in,fan_in,"['fan_in->fan_in', 'fan_in->fan_in']",2,0,1.0,True,"[211, 221]"
TRAJ1553,9,2,1,1,1,fan_in,fan_in,['fan_in->fan_in'],1,0,1.0,True,"[211, 218]"
TRAJ1554,19,3,1,1,1,fan_in,fan_in,"['fan_in->fan_in', 'fan_in->fan_in']",2,0,1.0,True,"[211, 218]"
TRAJ1555,13,5,2,2,2,fan_in,rapid_pass_through,"['fan_in->fan_in', 'fan_in->fan_in', 'fan_in->fan_in']",3,1,1.5,True,"[211, 222]"
TRAJ1556,9,4,2,1,1,fan_in,rapid_pass_through,['fan_in->fan_in'],1,1,1.5,True,"[212, 221]"
TRAJ1557,8,2,1,2,2,fan_in,fan_in,['fan_in->fan_in'],1,0,1.0,True,"[212, 213]"
TRAJ1558,6,2,1,1,1,fan_in,fan_in,['fan_in->fan_in'],1,0,1.0,True,"[212, 219]"
TRAJ1559,13,5,2,3,3,fan_in,rapid_pass_through,"['fan_in->fan_in', 'fan_in->fan_in']",2,1,1.5,True,"[212, 221]"
TRAJ1560,7,2,1,1,1,fan_in,fan_in,['fan_in->fan_in'],1,0,1.0,True,"[212, 219]"
TRAJ1561,7,2,1,1,1,fan_in,fan_in,['fan_in->fan_in'],1,0,1.0,True,"[212, 219]"
TRAJ1562,11,5,2,2,2,fan_in,rapid_pass_through,"['fan_in->fan_in', 'fan_in->fan_in']",2,1,1.5,True,"[212, 221]"
TRAJ1563,11,4,2,1,1,rapid_pass_through,rapid_pass_through,['fan_in->fan_in'],1,1,1.5,True,"[214, 228]"
TRAJ1564,7,2,1,1,1,fan_in,fan_in,['fan_in->fan_in'],1,0,1.0,True,"[213, 220]"
TRAJ1565,12,4,2,1,1,fan_in,rapid_pass_through,['fan_in->fan_in'],1,1,1.5,True,"[213, 222]"
TRAJ1566,8,2,1,1,1,fan_in,fan_in,['fan_in->fan_in'],1,0,1.0,True,"[213, 220]"
TRAJ1567,10,2,1,1,1,fan_in,fan_in,['fan_in->fan_in'],1,0,1.0,True,"[213, 220]"
TRAJ1568,7,2,1,1,1,fan_in,fan_in,['fan_in->fan_in'],1,0,1.0,True,"[213, 220]"
TRAJ1569,17,5,1,3,3,fan_in,fan_in,"['fan_in->fan_in', 'fan_in->fan_in', 'fan_in->fan_in', 'fan_in->fan_in']",4,0,1.0,True,"[213, 221]"
TRAJ1570,10,3,2,1,1,rapid_pass_through,fan_in,['fan_in->fan_in'],1,1,1.5,True,"[215, 221]"
TRAJ1571,8,2,1,1,1,fan_in,fan_in,['fan_in->fan_in'],1,0,1.0,True,"[214, 221]"
TRAJ1572,20,6,1,3,3,fan_in,fan_in,"['fan_in->fan_in', 'fan_in->fan_in', 'fan_in->fan_in', 'fan_in->fan_in', 'fan_in->fan_in']",5,0,1.0,True,"[214, 223]"
TRAJ1573,5,2,1,1,1,fan_in,fan_in,['fan_in->fan_in'],1,0,1.0,True,"[214, 221]"
TRAJ1574,23,8,2,4,4,fan_in,rapid_pass_through,"['fan_in->fan_in', 'fan_in->fan_in', 'fan_in->fan_in', 'fan_in->fan_in']",4,1,1.5,True,"[214, 224]"
TRAJ1575,8,2,1,1,1,fan_in,fan_in,['fan_in->fan_in'],1,0,1.0,True,"[214, 221]"
TRAJ1576,8,2,1,1,1,fan_in,fan_in,['fan_in->fan_in'],1,0,1.0,True,"[214, 221]"
TRAJ1577,7,2,1,1,1,fan_in,fan_in,['fan_in->fan_in'],1,0,1.0,True,"[214, 221]"
TRAJ1578,8,2,1,1,1,fan_in,fan_in,['fan_in->fan_in'],1,0,1.0,True,"[214, 221]"
TRAJ1579,9,2,1,1,1,fan_in,fan_in,['fan_in->fan_in'],1,0,1.0,True,"[215, 222]"
TRAJ1580,7,2,1,1,1,fan_in,fan_in,['fan_in->fan_in'],1,0,1.0,True,"[215, 222]"
TRAJ1581,12,6,2,1,1,fan_in,rapid_pass_through,['fan_in->fan_in'],1,1,1.5,True,"[215, 229]"
TRAJ1582,9,2,1,1,1,fan_in,fan_in,['fan_in->fan_in'],1,0,1.0,True,"[215, 222]"
TRAJ1583,6,2,1,1,1,fan_in,fan_in,['fan_in->fan_in'],1,0,1.0,True,"[215, 222]"
TRAJ1584,13,2,1,1,1,fan_in,fan_in,['fan_in->fan_in'],1,0,1.0,True,"[215, 222]"
TRAJ1585,17,6,2,2,2,fan_in,rapid_pass_through,"['fan_in->fan_in', 'fan_in->fan_in', 'fan_in->fan_in']",3,1,1.5,True,"[215, 225]"
TRAJ1586,10,2,1,1,1,fan_in,fan_in,['fan_in->fan_in'],1,0,1.0,True,"[215, 222]"
TRAJ1587,8,2,1,2,2,fan_in,fan_in,['fan_in->fan_in'],1,0,1.0,True,"[215, 216]"
TRAJ1588,6,2,1,1,1,fan_in,fan_in,['fan_in->fan_in'],1,0,1.0,True,"[215, 222]"
TRAJ1589,10,2,1,1,1,fan_in,fan_in,['fan_in->fan_in'],1,0,1.0,True,"[215, 222]"
TRAJ1590,6,2,1,1,1,fan_in,fan_in,['fan_in->fan_in'],1,0,1.0,True,"[216, 223]"
TRAJ1591,7,2,1,1,1,fan_in,fan_in,['fan_in->fan_in'],1,0,1.0,True,"[216, 223]"
TRAJ1592,20,5,2,1,1,fan_in,rapid_pass_through,"['fan_in->fan_in', 'fan_in->fan_in']",2,1,1.5,True,"[216, 225]"
TRAJ1593,8,4,2,1,1,fan_in,rapid_pass_through,['fan_in->fan_in'],1,1,1.5,True,"[216, 225]"
TRAJ1594,12,2,1,1,1,fan_in,fan_in,['fan_in->fan_in'],1,0,1.0,True,"[216, 223]"
TRAJ1595,14,5,2,2,2,fan_in,rapid_pass_through,"['fan_in->fan_in', 'fan_in->fan_in']",2,1,1.5,True,"[216, 225]"
TRAJ1596,7,2,1,1,1,fan_in,fan_in,['fan_in->fan_in'],1,0,1.0,True,"[216, 223]"
TRAJ1597,10,4,2,1,1,fan_in,rapid_pass_through,['fan_in->fan_in'],1,1,1.5,True,"[216, 225]"
TRAJ1598,11,4,2,3,3,fan_in,fan_in,"['fan_in->fan_in', 'fan_in->fan_in']",2,1,1.5,True,"[216, 223]"
TRAJ1599,8,2,1,1,1,fan_in,fan_in,['fan_in->fan_in'],1,0,1.0,True,"[216, 223]"
TRAJ1600,7,3,2,2,2,rapid_pass_through,fan_in,['fan_in->fan_in'],1,1,1.5,True,"[217, 224]"
TRAJ1601,6,2,1,1,1,fan_in,fan_in,['fan_in->fan_in'],1,0,1.0,True,"[217, 224]"
TRAJ1602,21,8,2,3,3,fan_in,fan_in,"['fan_in->fan_in', 'fan_in->fan_in', 'fan_in->fan_in', 'fan_in->fan_in', 'fan_in->fan_in']",5,1,1.5,True,"[217, 228]"
TRAJ1603,12,2,1,1,1,fan_in,fan_in,['fan_in->fan_in'],1,0,1.0,True,"[217, 224]"
TRAJ1604,11,2,1,1,1,fan_in,fan_in,['fan_in->fan_in'],1,0,1.0,True,"[217, 224]"
TRAJ1605,11,3,1,1,1,fan_in,fan_in,"['fan_in->fan_in', 'fan_in->fan_in']",2,0,1.0,True,"[217, 227]"
TRAJ1606,21,4,1,1,1,fan_in,fan_in,"['fan_in->fan_in', 'fan_in->fan_in', 'fan_in->fan_in']",3,0,1.0,True,"[217, 226]"
TRAJ1607,11,4,1,1,1,fan_in,fan_in,"['fan_in->fan_in', 'fan_in->fan_in', 'fan_in->fan_in']",3,0,1.0,True,"[217, 227]"
TRAJ1608,9,4,2,1,1,fan_in,rapid_pass_through,['fan_in->fan_in'],1,1,1.5,True,"[217, 226]"
TRAJ1609,6,2,1,1,1,fan_in,fan_in,['fan_in->fan_in'],1,0,1.0,True,"[217, 224]"
TRAJ1610,13,4,2,3,3,split_merge,fan_in,"['split_merge->fan_in', 'fan_in->fan_in', 'fan_in->fan_in']",3,1,3.0,True,"[217, 226]"
TRAJ1611,15,7,2,2,2,rapid_pass_through,fan_in,"['fan_in->fan_in', 'fan_in->fan_in', 'fan_in->fan_in']",3,1,1.5,True,"[219, 233]"
TRAJ1612,6,2,1,1,1,fan_in,fan_in,['fan_in->fan_in'],1,0,1.0,True,"[218, 225]"
TRAJ1613,9,2,1,1,1,fan_in,fan_in,['fan_in->fan_in'],1,0,1.0,True,"[218, 225]"
TRAJ1614,9,2,1,1,1,fan_in,fan_in,['fan_in->fan_in'],1,0,1.0,True,"[218, 225]"
TRAJ1615,26,6,2,2,2,fan_in,fan_in,"['fan_in->fan_in', 'fan_in->fan_in', 'fan_in->fan_in', 'fan_in->fan_in']",4,1,1.5,True,"[218, 228]"
TRAJ1616,12,6,2,1,1,fan_in,rapid_pass_through,['fan_in->fan_in'],1,1,1.5,True,"[218, 234]"
TRAJ1617,8,2,1,1,1,fan_in,fan_in,['fan_in->fan_in'],1,0,1.0,True,"[218, 225]"
TRAJ1618,8,2,1,1,1,fan_in,fan_in,['fan_in->fan_in'],1,0,1.0,True,"[218, 225]"
TRAJ1619,8,2,1,1,1,fan_in,fan_in,['fan_in->fan_in'],1,0,1.0,True,"[218, 225]"
TRAJ1620,27,7,2,2,2,fan_in,fan_in,"['fan_in->fan_in', 'fan_in->fan_in', 'fan_in->fan_in', 'fan_in->fan_in', 'fan_in->fan_in']",5,1,1.5,True,"[218, 228]"
TRAJ1621,8,2,1,1,1,fan_in,fan_in,['fan_in->fan_in'],1,0,1.0,True,"[218, 225]"
TRAJ1622,7,2,1,1,1,fan_in,fan_in,['fan_in->fan_in'],1,0,1.0,True,"[218, 225]"
TRAJ1623,8,4,2,1,1,fan_in,rapid_pass_through,['fan_in->fan_in'],1,1,1.5,True,"[218, 227]"
TRAJ1624,20,4,2,2,2,fan_in,rapid_pass_through,"['fan_in->fan_in', 'fan_in->fan_in']",2,1,1.5,True,"[219, 229]"
TRAJ1625,13,3,1,2,2,fan_in,fan_in,"['fan_in->fan_in', 'fan_in->fan_in']",2,0,1.0,True,"[219, 227]"
TRAJ1626,12,3,2,1,1,fan_in,fan_in,['fan_in->fan_in'],1,1,1.5,True,"[219, 221]"
TRAJ1627,18,5,2,1,1,fan_in,fan_in,"['fan_in->fan_in', 'fan_in->fan_in', 'fan_in->fan_in']",3,1,1.5,True,"[219, 229]"
TRAJ1628,11,3,1,1,1,fan_in,fan_in,"['fan_in->fan_in', 'fan_in->fan_in']",2,0,1.0,True,"[219, 229]"
TRAJ1629,23,4,1,2,2,fan_in,fan_in,"['fan_in->fan_in', 'fan_in->fan_in', 'fan_in->fan_in']",3,0,1.0,True,"[219, 227]"
TRAJ1630,12,3,1,1,1,fan_in,fan_in,"['fan_in->fan_in', 'fan_in->fan_in']",2,0,1.0,True,"[219, 226]"
TRAJ1631,6,2,1,1,1,fan_in,fan_in,['fan_in->fan_in'],1,0,1.0,True,"[219, 226]"
TRAJ1632,7,2,1,1,1,fan_in,fan_in,['fan_in->fan_in'],1,0,1.0,True,"[219, 226]"
TRAJ1633,11,2,1,2,2,fan_in,fan_in,['fan_in->fan_in'],1,0,1.0,True,"[219, 220]"
TRAJ1634,8,2,1,1,1,fan_in,fan_in,['fan_in->fan_in'],1,0,1.0,True,"[219, 226]"
TRAJ1635,17,6,2,2,2,fan_in,rapid_pass_through,"['fan_in->fan_in', 'fan_in->fan_in', 'fan_in->fan_in']",3,1,1.5,True,"[220, 239]"
TRAJ1636,13,3,1,2,2,fan_in,fan_in,"['fan_in->fan_in', 'fan_in->fan_in']",2,0,1.0,True,"[220, 228]"
TRAJ1637,10,2,1,1,1,fan_in,fan_in,['fan_in->fan_in'],1,0,1.0,True,"[220, 223]"
TRAJ1638,10,3,1,2,2,fan_in,fan_in,"['fan_in->fan_in', 'fan_in->fan_in']",2,0,1.0,True,"[221, 228]"
TRAJ1639,16,3,1,1,1,fan_in,fan_in,"['fan_in->fan_in', 'fan_in->fan_in']",2,0,1.0,True,"[221, 231]"
TRAJ1640,11,3,1,1,1,fan_in,fan_in,"['fan_in->fan_in', 'fan_in->fan_in']",2,0,1.0,True,"[221, 228]"
TRAJ1641,14,4,2,1,1,fan_in,rapid_pass_through,['fan_in->fan_in'],1,1,1.5,True,"[221, 230]"
TRAJ1642,17,6,2,3,3,fan_in,fan_in,"['fan_in->fan_in', 'fan_in->fan_in', 'fan_in->fan_in', 'fan_in->fan_in']",4,1,1.5,True,"[221, 232]"
TRAJ1643,21,7,2,2,2,rapid_pass_through,rapid_pass_through,"['fan_in->fan_in', 'fan_in->fan_in']",2,1,1.5,True,"[223, 244]"
TRAJ1644,8,3,2,1,1,fan_in,fan_in,['fan_in->fan_in'],1,1,1.5,True,"[222, 229]"
TRAJ1645,9,2,1,1,1,fan_in,fan_in,['fan_in->fan_in'],1,0,1.0,True,"[222, 229]"
TRAJ1646,9,2,1,1,1,fan_in,fan_in,['fan_in->fan_in'],1,0,1.0,True,"[222, 229]"
TRAJ1647,12,6,2,1,1,fan_in,rapid_pass_through,['fan_in->fan_in'],1,1,1.5,True,"[222, 238]"
TRAJ1648,8,2,1,1,1,fan_in,fan_in,['fan_in->fan_in'],1,0,1.0,True,"[222, 229]"
TRAJ1649,10,4,2,1,1,fan_in,rapid_pass_through,['fan_in->fan_in'],1,1,1.5,True,"[222, 231]"
TRAJ1650,8,2,1,1,1,fan_in,fan_in,['fan_in->fan_in'],1,0,1.0,True,"[223, 230]"
TRAJ1651,8,2,1,1,1,fan_in,fan_in,['fan_in->fan_in'],1,0,1.0,True,"[223, 230]"
TRAJ1652,11,4,2,1,1,fan_in,rapid_pass_through,['fan_in->fan_in'],1,1,1.5,True,"[224, 233]"
TRAJ1653,11,2,1,1,1,fan_in,fan_in,['fan_in->fan_in'],1,0,1.0,True,"[224, 231]"
TRAJ1654,28,8,2,3,3,fan_in,rapid_pass_through,"['fan_in->fan_in', 'fan_in->fan_in', 'fan_in->fan_in', 'fan_in->fan_in', 'fan_in->fan_in']",5,1,1.5,True,"[224, 235]"
TRAJ1655,8,2,1,1,1,fan_in,fan_in,['fan_in->fan_in'],1,0,1.0,True,"[224, 231]"
TRAJ1656,13,3,1,1,1,fan_in,fan_in,"['fan_in->fan_in', 'fan_in->fan_in']",2,0,1.0,True,"[224, 233]"
TRAJ1657,9,3,2,2,2,rapid_pass_through,fan_in,['fan_in->fan_in'],1,1,1.5,True,"[226, 230]"
TRAJ1658,8,3,2,1,1,fan_in,fan_in,['fan_in->fan_in'],1,1,1.5,True,"[225, 232]"
TRAJ1659,9,2,1,1,1,fan_in,fan_in,['fan_in->fan_in'],1,0,1.0,True,"[225, 232]"
TRAJ1660,15,4,1,1,1,fan_in,fan_in,"['fan_in->fan_in', 'fan_in->fan_in', 'fan_in->fan_in']",3,0,1.0,True,"[225, 234]"
TRAJ1661,10,2,1,1,1,fan_in,fan_in,['fan_in->fan_in'],1,0,1.0,True,"[225, 232]"
TRAJ1662,12,2,1,1,1,fan_in,fan_in,['fan_in->fan_in'],1,0,1.0,True,"[225, 232]"
TRAJ1663,16,4,1,2,2,fan_in,fan_in,"['fan_in->fan_in', 'fan_in->fan_in', 'fan_in->fan_in']",3,0,1.0,True,"[225, 235]"
TRAJ1664,8,2,1,1,1,fan_in,fan_in,['fan_in->fan_in'],1,0,1.0,True,"[225, 228]"
TRAJ1665,12,4,2,2,2,fan_in,fan_in,"['fan_in->fan_in', 'fan_in->fan_in']",2,1,1.5,True,"[225, 233]"
TRAJ1666,7,4,2,1,1,fan_in,rapid_pass_through,['fan_in->fan_in'],1,1,1.5,True,"[226, 235]"
TRAJ1667,10,2,1,1,1,fan_in,fan_in,['fan_in->fan_in'],1,0,1.0,True,"[226, 233]"
TRAJ1668,8,2,1,1,1,fan_in,fan_in,['fan_in->fan_in'],1,0,1.0,True,"[226, 233]"
TRAJ1669,13,6,2,2,2,fan_in,rapid_pass_through,"['fan_in->fan_in', 'fan_in->fan_in']",2,1,1.5,True,"[226, 242]"
TRAJ1670,18,6,3,3,3,split_merge,fan_in,"['split_merge->fan_in', 'fan_in->fan_in', 'fan_in->fan_in', 'fan_in->fan_in']",4,2,3.5,True,"[226, 235]"
TRAJ1671,11,4,2,1,1,rapid_pass_through,rapid_pass_through,['fan_in->fan_in'],1,1,1.5,True,"[228, 235]"
TRAJ1672,15,4,1,1,1,fan_in,fan_in,"['fan_in->fan_in', 'fan_in->fan_in', 'fan_in->fan_in']",3,0,1.0,True,"[227, 237]"
TRAJ1673,7,2,1,1,1,fan_in,fan_in,['fan_in->fan_in'],1,0,1.0,True,"[227, 234]"
TRAJ1674,8,2,1,1,1,fan_in,fan_in,['fan_in->fan_in'],1,0,1.0,True,"[227, 234]"
TRAJ1675,30,8,2,2,2,fan_in,rapid_pass_through,"['fan_in->fan_in', 'fan_in->fan_in', 'fan_in->fan_in', 'fan_in->fan_in', 'fan_in->fan_in']",5,1,1.5,True,"[227, 239]"
TRAJ1676,7,2,1,1,1,fan_in,fan_in,['fan_in->fan_in'],1,0,1.0,True,"[227, 234]"
TRAJ1677,6,2,1,1,1,fan_in,fan_in,['fan_in->fan_in'],1,0,1.0,True,"[227, 234]"
TRAJ1678,7,2,1,1,1,fan_in,fan_in,['fan_in->fan_in'],1,0,1.0,True,"[227, 234]"
TRAJ1679,11,6,3,2,2,rapid_pass_through,fan_in,['repeated_intermediary->fan_in'],1,2,3.5,True,"[229, 244]"
TRAJ1680,15,4,1,1,1,fan_in,fan_in,"['fan_in->fan_in', 'fan_in->fan_in', 'fan_in->fan_in']",3,0,1.0,True,"[228, 237]"
TRAJ1681,17,5,2,2,2,fan_in,rapid_pass_through,"['fan_in->fan_in', 'fan_in->fan_in']",2,1,1.5,True,"[228, 238]"
TRAJ1682,15,6,2,2,2,fan_in,rapid_pass_through,"['fan_in->fan_in', 'fan_in->fan_in', 'fan_in->fan_in']",3,1,1.5,True,"[228, 238]"
TRAJ1683,8,2,1,1,1,fan_in,fan_in,['fan_in->fan_in'],1,0,1.0,True,"[228, 235]"
TRAJ1684,8,2,1,1,1,fan_in,fan_in,['fan_in->fan_in'],1,0,1.0,True,"[228, 235]"
TRAJ1685,8,2,1,1,1,fan_in,fan_in,['fan_in->fan_in'],1,0,1.0,True,"[228, 235]"
TRAJ1686,11,2,1,1,1,fan_in,fan_in,['fan_in->fan_in'],1,0,1.0,True,"[228, 235]"
TRAJ1687,12,6,2,1,1,rapid_pass_through,rapid_pass_through,"['fan_in->fan_in', 'fan_in->fan_in']",2,1,1.5,True,"[230, 251]"
TRAJ1688,7,2,1,1,1,fan_in,fan_in,['fan_in->fan_in'],1,0,1.0,True,"[229, 236]"
TRAJ1689,10,2,1,1,1,fan_in,fan_in,['fan_in->fan_in'],1,0,1.0,True,"[229, 236]"
TRAJ1690,9,2,1,1,1,fan_in,fan_in,['fan_in->fan_in'],1,0,1.0,True,"[229, 236]"
TRAJ1691,16,3,1,1,1,fan_in,fan_in,"['fan_in->fan_in', 'fan_in->fan_in']",2,0,1.0,True,"[229, 238]"
TRAJ1692,10,2,1,1,1,fan_in,fan_in,['fan_in->fan_in'],1,0,1.0,True,"[229, 236]"
TRAJ1693,10,2,1,1,1,fan_in,fan_in,['fan_in->fan_in'],1,0,1.0,True,"[229, 236]"
TRAJ1694,6,2,1,1,1,fan_in,fan_in,['fan_in->fan_in'],1,0,1.0,True,"[229, 236]"
TRAJ1695,12,3,1,2,2,fan_in,fan_in,"['fan_in->fan_in', 'fan_in->fan_in']",2,0,1.0,True,"[229, 237]"
TRAJ1696,6,2,1,1,1,fan_in,fan_in,['fan_in->fan_in'],1,0,1.0,True,"[229, 236]"
TRAJ1697,10,4,2,1,1,fan_in,rapid_pass_through,['fan_in->fan_in'],1,1,1.5,True,"[229, 238]"
TRAJ1698,10,3,1,1,1,fan_in,fan_in,"['fan_in->fan_in', 'fan_in->fan_in']",2,0,1.0,True,"[230, 237]"
TRAJ1699,14,3,1,1,1,fan_in,fan_in,"['fan_in->fan_in', 'fan_in->fan_in']",2,0,1.0,True,"[230, 239]"
TRAJ1700,15,6,2,1,1,fan_in,rapid_pass_through,"['fan_in->fan_in', 'fan_in->fan_in']",2,1,1.5,True,"[230, 246]"
TRAJ1701,9,2,1,1,1,fan_in,fan_in,['fan_in->fan_in'],1,0,1.0,True,"[230, 237]"
TRAJ1702,20,6,2,1,1,fan_in,rapid_pass_through,"['fan_in->fan_in', 'fan_in->fan_in', 'fan_in->fan_in']",3,1,1.5,True,"[230, 242]"
TRAJ1703,11,4,2,1,1,fan_in,rapid_pass_through,['fan_in->fan_in'],1,1,1.5,True,"[230, 239]"
TRAJ1704,7,2,1,1,1,fan_in,fan_in,['fan_in->fan_in'],1,0,1.0,True,"[230, 237]"
TRAJ1705,8,2,1,1,1,fan_in,fan_in,['fan_in->fan_in'],1,0,1.0,True,"[230, 237]"
TRAJ1706,9,3,2,1,1,fan_in,fan_in,['fan_in->fan_in'],1,1,1.5,True,"[230, 237]"
TRAJ1707,5,2,1,1,1,fan_in,fan_in,['fan_in->fan_in'],1,0,1.0,True,"[230, 237]"
TRAJ1708,15,5,2,2,2,fan_in,fan_in,"['fan_in->fan_in', 'fan_in->fan_in', 'fan_in->fan_in']",3,1,1.5,True,"[230, 238]"
TRAJ1709,21,8,2,3,3,fan_in,fan_in,"['fan_in->fan_in', 'fan_in->fan_in', 'fan_in->fan_in', 'fan_in->fan_in', 'fan_in->fan_in']",5,1,1.5,True,"[231, 242]"
TRAJ1710,15,3,1,1,1,fan_in,fan_in,"['fan_in->fan_in', 'fan_in->fan_in']",2,0,1.0,True,"[231, 238]"
TRAJ1711,25,6,1,2,2,fan_in,fan_in,"['fan_in->fan_in', 'fan_in->fan_in', 'fan_in->fan_in', 'fan_in->fan_in', 'fan_in->fan_in']",5,0,1.0,True,"[231, 241]"
TRAJ1712,14,3,1,1,1,fan_in,fan_in,"['fan_in->fan_in', 'fan_in->fan_in']",2,0,1.0,True,"[231, 240]"
TRAJ1713,13,3,1,1,1,fan_in,fan_in,"['fan_in->fan_in', 'fan_in->fan_in']",2,0,1.0,True,"[231, 240]"
TRAJ1714,16,5,2,3,3,fan_in,fan_in,"['fan_in->fan_in', 'fan_in->fan_in']",2,1,1.5,True,"[231, 240]"
TRAJ1715,16,4,1,2,2,fan_in,fan_in,"['fan_in->fan_in', 'fan_in->fan_in', 'fan_in->fan_in']",3,0,1.0,True,"[231, 239]"
TRAJ1716,12,4,3,1,1,fan_in,split_merge,"['fan_in->fan_in', 'fan_in->split_merge']",2,2,3.5,True,"[231, 237]"
TRAJ1717,8,2,1,1,1,fan_in,fan_in,['fan_in->fan_in'],1,0,1.0,True,"[232, 239]"
TRAJ1718,11,2,1,1,1,fan_in,fan_in,['fan_in->fan_in'],1,0,1.0,True,"[232, 234]"
TRAJ1719,9,2,1,1,1,fan_in,fan_in,['fan_in->fan_in'],1,0,1.0,True,"[232, 239]"
TRAJ1720,19,5,1,2,2,fan_in,fan_in,"['fan_in->fan_in', 'fan_in->fan_in', 'fan_in->fan_in', 'fan_in->fan_in']",4,0,1.0,True,"[232, 241]"
TRAJ1721,9,2,1,1,1,fan_in,fan_in,['fan_in->fan_in'],1,0,1.0,True,"[232, 239]"
TRAJ1722,7,2,1,2,2,fan_in,fan_in,['fan_in->fan_in'],1,0,1.0,True,"[232, 233]"
TRAJ1723,8,2,1,1,1,fan_in,fan_in,['fan_in->fan_in'],1,0,1.0,True,"[232, 239]"
TRAJ1724,10,4,2,1,1,fan_in,rapid_pass_through,['fan_in->fan_in'],1,1,1.5,True,"[232, 241]"
TRAJ1725,7,2,1,1,1,fan_in,fan_in,['fan_in->fan_in'],1,0,1.0,True,"[233, 240]"
TRAJ1726,17,4,1,2,2,fan_in,fan_in,"['fan_in->fan_in', 'fan_in->fan_in', 'fan_in->fan_in']",3,0,1.0,True,"[233, 243]"
TRAJ1727,10,4,2,1,1,fan_in,rapid_pass_through,['fan_in->fan_in'],1,1,1.5,True,"[233, 242]"
TRAJ1728,8,2,1,1,1,fan_in,fan_in,['fan_in->fan_in'],1,0,1.0,True,"[233, 240]"
TRAJ1729,18,6,2,2,2,fan_in,rapid_pass_through,"['fan_in->fan_in', 'fan_in->fan_in', 'fan_in->fan_in']",3,1,1.5,True,"[233, 246]"
TRAJ1730,14,5,2,3,3,fan_in,fan_in,"['fan_in->fan_in', 'fan_in->fan_in', 'fan_in->layering', 'layering->fan_in']",4,1,3.0,True,"[233, 242]"
TRAJ1731,21,4,2,1,1,fan_in,rapid_pass_through,['fan_in->fan_in'],1,1,1.5,True,"[234, 243]"
TRAJ1732,12,3,1,2,2,fan_in,fan_in,"['fan_in->fan_in', 'fan_in->fan_in']",2,0,1.0,True,"[234, 241]"
TRAJ1733,21,7,2,2,2,fan_in,rapid_pass_through,"['fan_in->fan_in', 'fan_in->fan_in', 'fan_in->fan_in']",3,1,1.5,True,"[234, 248]"
TRAJ1734,9,2,1,1,1,fan_in,fan_in,['fan_in->fan_in'],1,0,1.0,True,"[234, 241]"
TRAJ1735,24,13,3,4,4,rapid_pass_through,rapid_pass_through,"['fan_in->fan_in', 'fan_in->layering', 'layering->fan_in', 'fan_in->fan_in']",4,2,3.5,True,"[236, 257]"
TRAJ1736,16,5,2,3,3,fan_in,fan_in,"['fan_in->fan_in', 'fan_in->fan_in', 'fan_in->fan_in']",3,1,1.5,True,"[235, 242]"
TRAJ1737,13,4,1,2,2,fan_in,fan_in,"['fan_in->fan_in', 'fan_in->fan_in', 'fan_in->fan_in']",3,0,1.0,True,"[235, 243]"
TRAJ1738,14,4,1,1,1,fan_in,fan_in,"['fan_in->fan_in', 'fan_in->fan_in', 'fan_in->fan_in']",3,0,1.0,True,"[235, 245]"
TRAJ1739,8,2,1,1,1,fan_in,fan_in,['fan_in->fan_in'],1,0,1.0,True,"[235, 242]"
TRAJ1740,16,7,2,1,1,rapid_pass_through,rapid_pass_through,"['fan_in->fan_in', 'fan_in->fan_in']",2,1,1.5,True,"[237, 256]"
TRAJ1741,20,5,3,2,2,circular_flow,fan_in,"['circular_flow->layering', 'layering->fan_in', 'fan_in->fan_in', 'fan_in->fan_in']",4,2,6.0,True,"[241, 249]"
TRAJ1742,9,2,1,1,1,fan_in,fan_in,['fan_in->fan_in'],1,0,1.0,True,"[236, 243]"
TRAJ1743,8,2,1,1,1,fan_in,fan_in,['fan_in->fan_in'],1,0,1.0,True,"[236, 243]"
TRAJ1744,19,4,2,2,2,fan_in,rapid_pass_through,"['fan_in->fan_in', 'fan_in->fan_in']",2,1,1.5,True,"[236, 249]"
TRAJ1745,11,6,2,1,1,rapid_pass_through,rapid_pass_through,['fan_in->fan_in'],1,1,1.5,True,"[238, 259]"
TRAJ1746,15,4,1,2,2,fan_in,fan_in,"['fan_in->fan_in', 'fan_in->fan_in', 'fan_in->fan_in']",3,0,1.0,True,"[237, 245]"
TRAJ1747,9,4,2,1,1,fan_in,rapid_pass_through,['fan_in->fan_in'],1,1,1.5,True,"[238, 247]"
TRAJ1748,9,2,1,1,1,fan_in,fan_in,['fan_in->fan_in'],1,0,1.0,True,"[238, 245]"
TRAJ1749,12,2,1,1,1,fan_in,fan_in,['fan_in->fan_in'],1,0,1.0,True,"[238, 245]"
TRAJ1750,7,2,1,1,1,fan_in,fan_in,['fan_in->fan_in'],1,0,1.0,True,"[238, 245]"
TRAJ1751,8,2,1,1,1,fan_in,fan_in,['fan_in->fan_in'],1,0,1.0,True,"[238, 245]"
TRAJ1752,9,2,1,1,1,fan_in,fan_in,['fan_in->fan_in'],1,0,1.0,True,"[238, 245]"
TRAJ1753,8,2,1,1,1,fan_in,fan_in,['fan_in->fan_in'],1,0,1.0,True,"[238, 241]"
TRAJ1754,16,5,2,1,1,rapid_pass_through,fan_in,"['fan_in->fan_in', 'fan_in->fan_in', 'fan_in->fan_in']",3,1,1.5,True,"[240, 250]"
TRAJ1755,16,8,2,1,1,rapid_pass_through,rapid_pass_through,['fan_in->fan_in'],1,1,1.5,True,"[238, 259]"
TRAJ1756,7,2,1,1,1,fan_in,fan_in,['fan_in->fan_in'],1,0,1.0,True,"[239, 246]"
TRAJ1757,10,2,1,1,1,fan_in,fan_in,['fan_in->fan_in'],1,0,1.0,True,"[239, 246]"
TRAJ1758,13,4,1,2,2,fan_in,fan_in,"['fan_in->fan_in', 'fan_in->fan_in', 'fan_in->fan_in']",3,0,1.0,True,"[239, 247]"
TRAJ1759,9,4,3,1,1,circular_flow,fan_in,"['circular_flow->fan_in', 'fan_in->layering', 'layering->fan_in']",3,2,6.0,True,"[242, 249]"
TRAJ1760,9,5,2,1,1,fan_in,rapid_pass_through,['fan_in->fan_in'],1,1,1.5,True,"[240, 256]"
TRAJ1761,9,3,2,1,1,fan_in,circular_flow,"['fan_in->fan_in', 'fan_in->circular_flow']",2,1,4.0,True,"[240, 252]"
TRAJ1762,25,8,2,1,1,fan_in,rapid_pass_through,"['fan_in->fan_in', 'fan_in->fan_in', 'fan_in->fan_in']",3,1,1.5,True,"[240, 260]"
TRAJ1763,10,2,1,1,1,fan_in,fan_in,['fan_in->fan_in'],1,0,1.0,True,"[240, 247]"
TRAJ1764,7,2,1,1,1,fan_in,fan_in,['fan_in->fan_in'],1,0,1.0,True,"[240, 247]"
TRAJ1765,16,5,2,3,3,rapid_pass_through,fan_in,"['fan_in->fan_in', 'fan_in->fan_in', 'fan_in->fan_in']",3,1,1.5,True,"[242, 250]"
TRAJ1766,13,4,2,1,1,rapid_pass_through,fan_in,"['fan_in->fan_in', 'fan_in->fan_in']",2,1,1.5,True,"[241, 251]"
TRAJ1767,18,6,2,1,1,fan_in,rapid_pass_through,"['fan_in->fan_in', 'fan_in->fan_in', 'fan_in->fan_in']",3,1,1.5,True,"[241, 253]"
TRAJ1768,9,2,1,1,1,fan_in,fan_in,['fan_in->fan_in'],1,0,1.0,True,"[241, 248]"
TRAJ1769,10,2,1,1,1,fan_in,fan_in,['fan_in->fan_in'],1,0,1.0,True,"[241, 248]"
TRAJ1770,8,2,1,1,1,fan_in,fan_in,['fan_in->fan_in'],1,0,1.0,True,"[241, 248]"
TRAJ1771,11,2,1,1,1,fan_in,fan_in,['fan_in->fan_in'],1,0,1.0,True,"[241, 248]"
TRAJ1772,9,2,1,1,1,fan_in,fan_in,['fan_in->fan_in'],1,0,1.0,True,"[241, 248]"
TRAJ1773,11,3,1,2,2,fan_in,fan_in,"['fan_in->fan_in', 'fan_in->fan_in']",2,0,1.0,True,"[241, 248]"
TRAJ1774,13,4,1,2,2,fan_in,fan_in,"['fan_in->fan_in', 'fan_in->fan_in', 'fan_in->fan_in']",3,0,1.0,True,"[241, 249]"
TRAJ1775,7,2,1,1,1,fan_in,fan_in,['fan_in->fan_in'],1,0,1.0,True,"[241, 248]"
TRAJ1776,8,2,1,1,1,fan_in,fan_in,['fan_in->fan_in'],1,0,1.0,True,"[242, 249]"
TRAJ1777,7,2,1,1,1,fan_in,fan_in,['fan_in->fan_in'],1,0,1.0,True,"[242, 249]"
TRAJ1778,14,4,2,1,1,fan_in,rapid_pass_through,"['fan_in->fan_in', 'fan_in->fan_in']",2,1,1.5,True,"[242, 256]"
TRAJ1779,7,2,1,1,1,fan_in,fan_in,['fan_in->fan_in'],1,0,1.0,True,"[242, 249]"
TRAJ1780,11,3,1,2,2,fan_in,fan_in,"['fan_in->fan_in', 'fan_in->fan_in']",2,0,1.0,True,"[242, 249]"
TRAJ1781,8,2,1,1,1,fan_in,fan_in,['fan_in->fan_in'],1,0,1.0,True,"[242, 249]"
TRAJ1782,7,2,1,1,1,fan_in,fan_in,['fan_in->fan_in'],1,0,1.0,True,"[243, 250]"
TRAJ1783,7,2,1,1,1,fan_in,fan_in,['fan_in->fan_in'],1,0,1.0,True,"[243, 250]"
TRAJ1784,8,2,1,1,1,fan_in,fan_in,['fan_in->fan_in'],1,0,1.0,True,"[243, 250]"
TRAJ1785,19,9,2,2,2,fan_in,rapid_pass_through,"['fan_in->fan_in', 'fan_in->fan_in', 'fan_in->fan_in']",3,1,1.5,True,"[243, 258]"
TRAJ1786,18,7,2,4,4,fan_in,fan_in,"['fan_in->fan_in', 'fan_in->fan_in', 'fan_in->fan_in', 'fan_in->fan_in']",4,1,1.5,True,"[243, 252]"
TRAJ1787,7,2,1,1,1,fan_in,fan_in,['fan_in->fan_in'],1,0,1.0,True,"[243, 250]"
TRAJ1788,6,2,1,1,1,fan_in,fan_in,['fan_in->fan_in'],1,0,1.0,True,"[243, 250]"
TRAJ1789,6,2,1,1,1,fan_in,fan_in,['fan_in->fan_in'],1,0,1.0,True,"[243, 250]"
TRAJ1790,15,5,2,1,1,rapid_pass_through,rapid_pass_through,"['fan_in->fan_in', 'fan_in->fan_in']",2,1,1.5,True,"[245, 259]"
TRAJ1791,9,5,2,1,1,rapid_pass_through,rapid_pass_through,['fan_in->fan_in'],1,1,1.5,True,"[245, 259]"
TRAJ1792,10,2,1,1,1,fan_in,fan_in,['fan_in->fan_in'],1,0,1.0,True,"[244, 251]"
TRAJ1793,7,2,1,1,1,fan_in,fan_in,['fan_in->fan_in'],1,0,1.0,True,"[244, 251]"
TRAJ1794,11,2,1,1,1,fan_in,fan_in,['fan_in->fan_in'],1,0,1.0,True,"[244, 251]"
TRAJ1795,10,2,1,1,1,fan_in,fan_in,['fan_in->fan_in'],1,0,1.0,True,"[244, 251]"
TRAJ1796,8,2,1,1,1,fan_in,fan_in,['fan_in->fan_in'],1,0,1.0,True,"[244, 251]"
TRAJ1797,8,2,1,1,1,fan_in,fan_in,['fan_in->fan_in'],1,0,1.0,True,"[244, 251]"
TRAJ1798,7,2,1,1,1,fan_in,fan_in,['fan_in->fan_in'],1,0,1.0,True,"[244, 251]"
TRAJ1799,8,3,2,2,2,rapid_pass_through,fan_in,['fan_in->fan_in'],1,1,1.5,True,"[245, 252]"
TRAJ1800,29,9,2,6,6,rapid_pass_through,fan_in,"['fan_in->fan_in', 'fan_in->fan_in', 'fan_in->fan_in', 'fan_in->fan_in', 'fan_in->fan_in', 'fan_in->fan_in']",6,1,1.5,True,"[246, 256]"
TRAJ1801,6,2,1,1,1,fan_in,fan_in,['fan_in->fan_in'],1,0,1.0,True,"[245, 252]"
TRAJ1802,27,8,2,3,3,fan_in,fan_in,"['fan_in->fan_in', 'fan_in->fan_in', 'fan_in->fan_in', 'fan_in->fan_in', 'fan_in->fan_in', 'fan_in->fan_in']",6,1,1.5,True,"[245, 255]"
TRAJ1803,8,2,1,1,1,fan_in,fan_in,['fan_in->fan_in'],1,0,1.0,True,"[245, 252]"
TRAJ1804,9,2,1,1,1,fan_in,fan_in,['fan_in->fan_in'],1,0,1.0,True,"[245, 252]"
TRAJ1805,13,3,1,1,1,fan_in,fan_in,"['fan_in->fan_in', 'fan_in->fan_in']",2,0,1.0,True,"[245, 252]"
TRAJ1806,19,4,1,1,1,fan_in,fan_in,"['fan_in->fan_in', 'fan_in->fan_in', 'fan_in->fan_in']",3,0,1.0,True,"[245, 254]"
TRAJ1807,12,4,2,1,1,fan_in,rapid_pass_through,['fan_in->fan_in'],1,1,1.5,True,"[245, 254]"
TRAJ1808,9,2,1,1,1,fan_in,fan_in,['fan_in->fan_in'],1,0,1.0,True,"[246, 248]"
TRAJ1809,8,2,1,1,1,fan_in,fan_in,['fan_in->fan_in'],1,0,1.0,True,"[246, 253]"
TRAJ1810,9,2,1,1,1,fan_in,fan_in,['fan_in->fan_in'],1,0,1.0,True,"[246, 253]"
TRAJ1811,8,2,1,1,1,fan_in,fan_in,['fan_in->fan_in'],1,0,1.0,True,"[246, 253]"
TRAJ1812,7,2,1,1,1,fan_in,fan_in,['fan_in->fan_in'],1,0,1.0,True,"[246, 253]"
TRAJ1813,14,3,1,1,1,fan_in,fan_in,"['fan_in->fan_in', 'fan_in->fan_in']",2,0,1.0,True,"[246, 251]"
TRAJ1814,7,2,1,1,1,fan_in,fan_in,['fan_in->fan_in'],1,0,1.0,True,"[246, 253]"
TRAJ1815,6,2,1,1,1,fan_in,fan_in,['fan_in->fan_in'],1,0,1.0,True,"[246, 253]"
TRAJ1816,10,2,1,1,1,fan_in,fan_in,['fan_in->fan_in'],1,0,1.0,True,"[246, 254]"
TRAJ1817,7,2,1,1,1,fan_in,fan_in,['fan_in->fan_in'],1,0,1.0,True,"[246, 253]"
TRAJ1818,6,2,1,1,1,fan_in,fan_in,['fan_in->fan_in'],1,0,1.0,True,"[246, 253]"
TRAJ1819,7,2,1,1,1,fan_in,fan_in,['fan_in->fan_in'],1,0,1.0,True,"[246, 253]"
TRAJ1820,9,2,1,1,1,fan_in,fan_in,['fan_in->fan_in'],1,0,1.0,True,"[246, 253]"
TRAJ1821,7,4,2,1,1,fan_in,rapid_pass_through,['fan_in->fan_in'],1,1,1.5,True,"[246, 255]"
TRAJ1822,17,6,2,1,1,rapid_pass_through,fan_in,"['fan_in->fan_in', 'fan_in->fan_in']",2,1,1.5,True,"[248, 262]"
TRAJ1823,15,5,2,3,3,fan_in,fan_in,"['fan_in->fan_in', 'fan_in->fan_in']",2,1,1.5,True,"[247, 256]"
TRAJ1824,9,2,1,1,1,fan_in,fan_in,['fan_in->fan_in'],1,0,1.0,True,"[247, 254]"
TRAJ1825,19,5,1,2,2,fan_in,fan_in,"['fan_in->fan_in', 'fan_in->fan_in', 'fan_in->fan_in', 'fan_in->fan_in']",4,0,1.0,True,"[247, 256]"
TRAJ1826,11,2,1,1,1,fan_in,fan_in,['fan_in->fan_in'],1,0,1.0,True,"[247, 254]"
TRAJ1827,13,3,1,2,2,fan_in,fan_in,"['fan_in->fan_in', 'fan_in->fan_in']",2,0,1.0,True,"[247, 255]"
TRAJ1828,11,6,2,1,1,rapid_pass_through,rapid_pass_through,['fan_in->fan_in'],1,1,1.5,True,"[249, 270]"
TRAJ1829,12,6,2,1,1,rapid_pass_through,rapid_pass_through,['fan_in->fan_in'],1,1,1.5,True,"[249, 270]"
TRAJ1830,19,5,2,1,1,fan_in,fan_in,"['fan_in->fan_in', 'fan_in->fan_in']",2,1,1.5,True,"[248, 257]"
TRAJ1831,7,2,1,1,1,fan_in,fan_in,['fan_in->fan_in'],1,0,1.0,True,"[248, 255]"
TRAJ1832,6,2,1,1,1,fan_in,fan_in,['fan_in->fan_in'],1,0,1.0,True,"[248, 255]"
TRAJ1833,10,2,1,1,1,fan_in,fan_in,['fan_in->fan_in'],1,0,1.0,True,"[248, 255]"
TRAJ1834,9,2,1,1,1,fan_in,fan_in,['fan_in->fan_in'],1,0,1.0,True,"[248, 255]"
TRAJ1835,9,4,2,1,1,fan_in,rapid_pass_through,['fan_in->fan_in'],1,1,1.5,True,"[249, 258]"
TRAJ1836,16,6,2,2,2,fan_in,rapid_pass_through,"['fan_in->fan_in', 'fan_in->fan_in', 'fan_in->fan_in']",3,1,1.5,True,"[249, 260]"
TRAJ1837,8,2,1,1,1,fan_in,fan_in,['fan_in->fan_in'],1,0,1.0,True,"[249, 256]"
TRAJ1838,8,2,1,1,1,fan_in,fan_in,['fan_in->fan_in'],1,0,1.0,True,"[250, 257]"
TRAJ1839,9,2,1,1,1,fan_in,fan_in,['fan_in->fan_in'],1,0,1.0,True,"[250, 257]"
TRAJ1840,16,4,1,2,2,fan_in,fan_in,"['fan_in->fan_in', 'fan_in->fan_in', 'fan_in->fan_in']",3,0,1.0,True,"[250, 258]"
TRAJ1841,13,3,1,2,2,fan_in,fan_in,"['fan_in->fan_in', 'fan_in->fan_in']",2,0,1.0,True,"[250, 258]"
TRAJ1842,7,2,1,1,1,fan_in,fan_in,['fan_in->fan_in'],1,0,1.0,True,"[250, 257]"
TRAJ1843,15,4,1,2,2,fan_in,fan_in,"['fan_in->fan_in', 'fan_in->fan_in', 'fan_in->fan_in']",3,0,1.0,True,"[251, 259]"
TRAJ1844,14,5,2,1,1,fan_in,fan_in,"['fan_in->fan_in', 'fan_in->fan_in']",2,1,1.5,True,"[252, 261]"
TRAJ1845,17,4,1,2,2,fan_in,fan_in,"['fan_in->fan_in', 'fan_in->fan_in', 'fan_in->fan_in']",3,0,1.0,True,"[252, 260]"
TRAJ1846,10,2,1,1,1,fan_in,fan_in,['fan_in->fan_in'],1,0,1.0,True,"[252, 259]"
TRAJ1847,8,2,1,1,1,fan_in,fan_in,['fan_in->fan_in'],1,0,1.0,True,"[252, 259]"
TRAJ1848,9,2,1,1,1,fan_in,fan_in,['fan_in->fan_in'],1,0,1.0,True,"[252, 259]"
TRAJ1849,7,2,1,1,1,fan_in,fan_in,['fan_in->fan_in'],1,0,1.0,True,"[252, 259]"
TRAJ1850,7,2,1,1,1,fan_in,fan_in,['fan_in->fan_in'],1,0,1.0,True,"[252, 259]"
TRAJ1851,7,2,1,1,1,fan_in,fan_in,['fan_in->fan_in'],1,0,1.0,True,"[252, 259]"
TRAJ1852,10,3,2,1,1,rapid_pass_through,fan_in,['fan_in->fan_in'],1,1,1.5,True,"[253, 267]"
TRAJ1853,10,2,1,1,1,fan_in,fan_in,['fan_in->fan_in'],1,0,1.0,True,"[253, 260]"
TRAJ1854,12,3,1,1,1,fan_in,fan_in,"['fan_in->fan_in', 'fan_in->fan_in']",2,0,1.0,True,"[253, 258]"
TRAJ1855,8,2,1,1,1,fan_in,fan_in,['fan_in->fan_in'],1,0,1.0,True,"[253, 260]"
TRAJ1856,15,2,1,1,1,fan_in,fan_in,['fan_in->fan_in'],1,0,1.0,True,"[253, 260]"
TRAJ1857,11,3,1,2,2,fan_in,fan_in,"['fan_in->fan_in', 'fan_in->fan_in']",2,0,1.0,True,"[253, 261]"
TRAJ1858,11,3,1,2,2,fan_in,fan_in,"['fan_in->fan_in', 'fan_in->fan_in']",2,0,1.0,True,"[253, 261]"
TRAJ1859,9,2,1,1,1,fan_in,fan_in,['fan_in->fan_in'],1,0,1.0,True,"[254, 261]"
TRAJ1860,10,2,1,1,1,fan_in,fan_in,['fan_in->fan_in'],1,0,1.0,True,"[254, 258]"
TRAJ1861,11,2,1,1,1,fan_in,fan_in,['fan_in->fan_in'],1,0,1.0,True,"[254, 261]"
TRAJ1862,6,2,1,1,1,fan_in,fan_in,['fan_in->fan_in'],1,0,1.0,True,"[254, 261]"
TRAJ1863,12,4,2,2,2,rapid_pass_through,fan_in,"['fan_in->fan_in', 'fan_in->fan_in']",2,1,1.5,True,"[256, 263]"
TRAJ1864,28,11,3,4,4,rapid_pass_through,fan_in,"['fan_in->fan_in', 'fan_in->fan_in', 'fan_in->repeated_intermediary', 'repeated_intermediary->fan_in', 'fan_in->fan_in', 'fan_in->fan_in']",6,2,3.5,True,"[256, 270]"
TRAJ1865,7,2,1,1,1,fan_in,fan_in,['fan_in->fan_in'],1,0,1.0,True,"[255, 262]"
TRAJ1866,7,2,1,1,1,fan_in,fan_in,['fan_in->fan_in'],1,0,1.0,True,"[255, 262]"
TRAJ1867,13,3,1,2,2,fan_in,fan_in,"['fan_in->fan_in', 'fan_in->fan_in']",2,0,1.0,True,"[255, 263]"
TRAJ1868,13,3,1,1,1,fan_in,fan_in,"['fan_in->fan_in', 'fan_in->fan_in']",2,0,1.0,True,"[255, 262]"
TRAJ1869,7,2,1,1,1,fan_in,fan_in,['fan_in->fan_in'],1,0,1.0,True,"[255, 262]"
TRAJ1870,7,2,1,1,1,fan_in,fan_in,['fan_in->fan_in'],1,0,1.0,True,"[255, 262]"
TRAJ1871,19,6,2,3,3,fan_in,fan_in,"['fan_in->fan_in', 'fan_in->fan_in', 'fan_in->fan_in', 'fan_in->fan_in']",4,1,1.5,True,"[255, 264]"
TRAJ1872,16,5,1,2,2,fan_in,fan_in,"['fan_in->fan_in', 'fan_in->fan_in', 'fan_in->fan_in', 'fan_in->fan_in']",4,0,1.0,True,"[255, 265]"
TRAJ1873,6,2,1,1,1,fan_in,fan_in,['fan_in->fan_in'],1,0,1.0,True,"[256, 263]"
TRAJ1874,16,4,1,1,1,fan_in,fan_in,"['fan_in->fan_in', 'fan_in->fan_in', 'fan_in->fan_in']",3,0,1.0,True,"[256, 265]"
TRAJ1875,8,2,1,1,1,fan_in,fan_in,['fan_in->fan_in'],1,0,1.0,True,"[256, 263]"
TRAJ1876,13,4,2,1,1,fan_in,rapid_pass_through,"['fan_in->fan_in', 'fan_in->fan_in']",2,1,1.5,True,"[256, 267]"
TRAJ1877,8,2,1,1,1,fan_in,fan_in,['fan_in->fan_in'],1,0,1.0,True,"[256, 263]"
TRAJ1878,10,3,1,2,2,fan_in,fan_in,"['fan_in->fan_in', 'fan_in->fan_in']",2,0,1.0,True,"[256, 263]"
TRAJ1879,12,4,2,1,1,rapid_pass_through,rapid_pass_through,['fan_in->fan_in'],1,1,1.5,True,"[258, 265]"
TRAJ1880,8,2,1,1,1,fan_in,fan_in,['fan_in->fan_in'],1,0,1.0,True,"[257, 264]"
TRAJ1881,17,5,2,3,3,fan_in,fan_in,"['fan_in->fan_in', 'fan_in->fan_in']",2,1,1.5,True,"[257, 266]"
TRAJ1882,8,2,1,1,1,fan_in,fan_in,['fan_in->fan_in'],1,0,1.0,True,"[257, 264]"
TRAJ1883,10,2,1,1,1,fan_in,fan_in,['fan_in->fan_in'],1,0,1.0,True,"[257, 264]"
TRAJ1884,10,4,2,1,1,fan_in,rapid_pass_through,['fan_in->fan_in'],1,1,1.5,True,"[257, 266]"
TRAJ1885,9,2,1,1,1,fan_in,fan_in,['fan_in->fan_in'],1,0,1.0,True,"[257, 264]"
TRAJ1886,10,2,1,1,1,fan_in,fan_in,['fan_in->fan_in'],1,0,1.0,True,"[257, 264]"
TRAJ1887,9,2,1,1,1,fan_in,fan_in,['fan_in->fan_in'],1,0,1.0,True,"[257, 264]"
TRAJ1888,7,2,1,1,1,fan_in,fan_in,['fan_in->fan_in'],1,0,1.0,True,"[257, 264]"
TRAJ1889,10,3,1,1,1,fan_in,fan_in,"['fan_in->fan_in', 'fan_in->fan_in']",2,0,1.0,True,"[258, 265]"
TRAJ1890,8,4,2,1,1,fan_in,rapid_pass_through,['fan_in->fan_in'],1,1,1.5,True,"[258, 267]"
TRAJ1891,8,2,1,1,1,fan_in,fan_in,['fan_in->fan_in'],1,0,1.0,True,"[258, 265]"
TRAJ1892,9,4,2,1,1,fan_in,rapid_pass_through,['fan_in->fan_in'],1,1,1.5,True,"[258, 267]"
TRAJ1893,10,2,1,1,1,fan_in,fan_in,['fan_in->fan_in'],1,0,1.0,True,"[258, 265]"
TRAJ1894,11,4,2,2,2,fan_in,rapid_pass_through,"['fan_in->fan_in', 'fan_in->fan_in']",2,1,1.5,True,"[258, 268]"
TRAJ1895,10,2,1,1,1,fan_in,fan_in,['fan_in->fan_in'],1,0,1.0,True,"[258, 265]"
TRAJ1896,6,2,1,1,1,fan_in,fan_in,['fan_in->fan_in'],1,0,1.0,True,"[258, 265]"
TRAJ1897,16,5,2,2,2,rapid_pass_through,fan_in,"['fan_in->fan_in', 'fan_in->fan_in', 'fan_in->fan_in']",3,1,1.5,True,"[259, 269]"
TRAJ1898,12,5,2,1,1,rapid_pass_through,rapid_pass_through,['fan_in->fan_in'],1,1,1.5,True,"[260, 274]"
TRAJ1899,14,6,3,1,1,rapid_pass_through,rapid_pass_through,"['fan_in->circular_flow', 'circular_flow->fan_in']",2,2,4.5,True,"[260, 274]"
TRAJ1900,6,2,1,1,1,fan_in,fan_in,['fan_in->fan_in'],1,0,1.0,True,"[259, 266]"
TRAJ1901,10,2,1,1,1,fan_in,fan_in,['fan_in->fan_in'],1,0,1.0,True,"[259, 266]"
TRAJ1902,16,4,1,1,1,fan_in,fan_in,"['fan_in->fan_in', 'fan_in->fan_in', 'fan_in->fan_in']",3,0,1.0,True,"[259, 268]"
TRAJ1903,20,4,1,2,2,fan_in,fan_in,"['fan_in->fan_in', 'fan_in->fan_in', 'fan_in->fan_in']",3,0,1.0,True,"[259, 269]"
TRAJ1904,11,4,2,1,1,fan_in,rapid_pass_through,['fan_in->fan_in'],1,1,1.5,True,"[259, 268]"
TRAJ1905,7,3,2,2,2,fan_in,fan_in,['fan_in->fan_in'],1,1,1.5,True,"[259, 267]"
TRAJ1906,10,5,3,1,1,fan_in,rapid_pass_through,"['fan_in->circular_flow', 'circular_flow->fan_in']",2,2,4.5,True,"[259, 273]"
TRAJ1907,9,2,1,1,1,fan_in,fan_in,['fan_in->fan_in'],1,0,1.0,True,"[260, 262]"
TRAJ1908,9,2,1,1,1,fan_in,fan_in,['fan_in->fan_in'],1,0,1.0,True,"[260, 267]"
TRAJ1909,8,2,1,1,1,fan_in,fan_in,['fan_in->fan_in'],1,0,1.0,True,"[260, 267]"
TRAJ1910,19,6,2,1,1,fan_in,fan_in,"['fan_in->fan_in', 'fan_in->fan_in']",2,1,1.5,True,"[260, 270]"
TRAJ1911,9,2,1,1,1,fan_in,fan_in,['fan_in->fan_in'],1,0,1.0,True,"[260, 267]"
TRAJ1912,9,3,2,1,1,fan_in,fan_in,['fan_in->fan_in'],1,1,1.5,True,"[260, 267]"
TRAJ1913,8,2,1,1,1,fan_in,fan_in,['fan_in->fan_in'],1,0,1.0,True,"[260, 267]"
TRAJ1914,13,3,1,1,1,fan_in,fan_in,"['fan_in->fan_in', 'fan_in->fan_in']",2,0,1.0,True,"[260, 267]"
TRAJ1915,5,2,1,1,1,fan_in,fan_in,['fan_in->fan_in'],1,0,1.0,True,"[260, 267]"
TRAJ1916,7,4,2,1,1,fan_in,rapid_pass_through,['fan_in->fan_in'],1,1,1.5,True,"[260, 269]"
TRAJ1917,14,5,2,2,2,fan_in,fan_in,"['fan_in->fan_in', 'fan_in->fan_in', 'fan_in->fan_in']",3,1,1.5,True,"[261, 271]"
TRAJ1918,11,3,1,1,1,fan_in,fan_in,"['fan_in->fan_in', 'fan_in->fan_in']",2,0,1.0,True,"[261, 270]"
TRAJ1919,20,5,2,1,1,fan_in,rapid_pass_through,"['fan_in->fan_in', 'fan_in->fan_in']",2,1,1.5,True,"[261, 270]"
TRAJ1920,23,5,2,1,1,fan_in,rapid_pass_through,"['fan_in->fan_in', 'fan_in->fan_in', 'fan_in->fan_in']",3,1,1.5,True,"[261, 275]"
TRAJ1921,18,4,1,2,2,fan_in,fan_in,"['fan_in->fan_in', 'fan_in->fan_in', 'fan_in->fan_in']",3,0,1.0,True,"[261, 269]"
TRAJ1922,14,4,2,1,1,fan_in,rapid_pass_through,['fan_in->fan_in'],1,1,1.5,True,"[262, 271]"
TRAJ1923,14,4,1,1,1,fan_in,fan_in,"['fan_in->fan_in', 'fan_in->fan_in', 'fan_in->fan_in']",3,0,1.0,True,"[262, 271]"
TRAJ1924,8,2,1,1,1,fan_in,fan_in,['fan_in->fan_in'],1,0,1.0,True,"[262, 269]"
TRAJ1925,13,3,1,2,2,fan_in,fan_in,"['fan_in->fan_in', 'fan_in->fan_in']",2,0,1.0,True,"[262, 269]"
TRAJ1926,9,2,1,1,1,fan_in,fan_in,['fan_in->fan_in'],1,0,1.0,True,"[262, 269]"
TRAJ1927,8,2,1,1,1,fan_in,fan_in,['fan_in->fan_in'],1,0,1.0,True,"[262, 269]"
TRAJ1928,9,3,2,2,2,fan_in,rapid_pass_through,['fan_in->fan_in'],1,1,1.5,True,"[262, 265]"
TRAJ1929,8,2,1,1,1,fan_in,fan_in,['fan_in->fan_in'],1,0,1.0,True,"[263, 265]"
TRAJ1930,6,2,1,1,1,fan_in,fan_in,['fan_in->fan_in'],1,0,1.0,True,"[263, 270]"
TRAJ1931,6,2,1,1,1,fan_in,fan_in,['fan_in->fan_in'],1,0,1.0,True,"[263, 270]"
TRAJ1932,13,4,2,1,1,fan_in,rapid_pass_through,['fan_in->fan_in'],1,1,1.5,True,"[263, 272]"
TRAJ1933,24,7,2,3,3,fan_in,rapid_pass_through,"['fan_in->fan_in', 'fan_in->fan_in', 'fan_in->fan_in', 'fan_in->fan_in']",4,1,1.5,True,"[263, 274]"
TRAJ1934,12,4,2,1,1,fan_in,rapid_pass_through,['fan_in->fan_in'],1,1,1.5,True,"[263, 272]"
TRAJ1935,11,2,1,1,1,fan_in,fan_in,['fan_in->fan_in'],1,0,1.0,True,"[264, 271]"
TRAJ1936,8,2,1,1,1,fan_in,fan_in,['fan_in->fan_in'],1,0,1.0,True,"[264, 271]"
TRAJ1937,13,3,1,2,2,fan_in,fan_in,"['fan_in->fan_in', 'fan_in->fan_in']",2,0,1.0,True,"[264, 272]"
TRAJ1938,8,4,2,1,1,fan_in,rapid_pass_through,['fan_in->fan_in'],1,1,1.5,True,"[264, 273]"
TRAJ1939,9,2,1,1,1,fan_in,fan_in,['fan_in->fan_in'],1,0,1.0,True,"[265, 272]"
TRAJ1940,10,2,1,1,1,fan_in,fan_in,['fan_in->fan_in'],1,0,1.0,True,"[265, 272]"
TRAJ1941,10,4,2,1,1,fan_in,rapid_pass_through,['fan_in->fan_in'],1,1,1.5,True,"[266, 275]"
TRAJ1942,9,2,1,1,1,fan_in,fan_in,['fan_in->fan_in'],1,0,1.0,True,"[266, 273]"
TRAJ1943,9,3,1,2,2,fan_in,fan_in,"['fan_in->fan_in', 'fan_in->fan_in']",2,0,1.0,True,"[266, 273]"
TRAJ1944,15,3,1,2,2,fan_in,fan_in,"['fan_in->fan_in', 'fan_in->fan_in']",2,0,1.0,True,"[266, 273]"
TRAJ1945,6,2,1,1,1,fan_in,fan_in,['fan_in->fan_in'],1,0,1.0,True,"[266, 273]"
TRAJ1946,18,4,1,1,1,fan_in,fan_in,"['fan_in->fan_in', 'fan_in->fan_in', 'fan_in->fan_in']",3,0,1.0,True,"[266, 275]"
TRAJ1947,8,2,1,1,1,fan_in,fan_in,['fan_in->fan_in'],1,0,1.0,True,"[266, 268]"
TRAJ1948,10,3,1,1,1,fan_in,fan_in,"['fan_in->fan_in', 'fan_in->fan_in']",2,0,1.0,True,"[267, 277]"
TRAJ1949,27,9,2,2,2,fan_in,rapid_pass_through,"['fan_in->fan_in', 'fan_in->fan_in', 'fan_in->fan_in', 'fan_in->fan_in', 'fan_in->fan_in']",5,1,1.5,True,"[267, 283]"
TRAJ1950,18,4,2,1,1,fan_in,fan_in,"['fan_in->fan_in', 'fan_in->fan_in']",2,1,1.5,True,"[267, 276]"
TRAJ1951,11,2,1,1,1,fan_in,fan_in,['fan_in->fan_in'],1,0,1.0,True,"[267, 274]"
TRAJ1952,10,2,1,1,1,fan_in,fan_in,['fan_in->fan_in'],1,0,1.0,True,"[267, 274]"
TRAJ1953,12,3,1,2,2,fan_in,fan_in,"['fan_in->fan_in', 'fan_in->fan_in']",2,0,1.0,True,"[267, 270]"
TRAJ1954,8,2,1,1,1,fan_in,fan_in,['fan_in->fan_in'],1,0,1.0,True,"[267, 274]"
TRAJ1955,19,8,2,2,2,fan_in,rapid_pass_through,"['fan_in->fan_in', 'fan_in->fan_in', 'fan_in->fan_in']",3,1,1.5,True,"[267, 277]"
TRAJ1956,11,3,1,1,1,fan_in,fan_in,"['fan_in->fan_in', 'fan_in->fan_in']",2,0,1.0,True,"[268, 275]"
TRAJ1957,13,7,3,1,1,rapid_pass_through,rapid_pass_through,"['fan_in->split_merge', 'split_merge->fan_in']",2,2,3.5,True,"[270, 291]"
TRAJ1958,15,4,1,1,1,fan_in,fan_in,"['fan_in->fan_in', 'fan_in->fan_in', 'fan_in->fan_in']",3,0,1.0,True,"[269, 279]"
TRAJ1959,15,4,2,2,2,fan_in,fan_in,"['fan_in->fan_in', 'fan_in->fan_in']",2,1,1.5,True,"[269, 278]"
TRAJ1960,7,2,1,1,1,fan_in,fan_in,['fan_in->fan_in'],1,0,1.0,True,"[269, 276]"
TRAJ1961,8,2,1,1,1,fan_in,fan_in,['fan_in->fan_in'],1,0,1.0,True,"[269, 276]"
TRAJ1962,8,2,1,1,1,fan_in,fan_in,['fan_in->fan_in'],1,0,1.0,True,"[269, 276]"
TRAJ1963,8,2,1,1,1,fan_in,fan_in,['fan_in->fan_in'],1,0,1.0,True,"[269, 276]"
TRAJ1964,8,2,1,1,1,fan_in,fan_in,['fan_in->fan_in'],1,0,1.0,True,"[269, 276]"
TRAJ1965,9,3,1,2,2,fan_in,fan_in,"['fan_in->fan_in', 'fan_in->fan_in']",2,0,1.0,True,"[269, 276]"
TRAJ1966,8,3,2,1,1,rapid_pass_through,fan_in,['fan_in->fan_in'],1,1,1.5,True,"[270, 279]"
TRAJ1967,14,6,2,2,2,rapid_pass_through,rapid_pass_through,"['fan_in->fan_in', 'fan_in->fan_in']",2,1,1.5,True,"[270, 296]"
TRAJ1968,7,2,1,1,1,fan_in,fan_in,['fan_in->fan_in'],1,0,1.0,True,"[270, 277]"
TRAJ1969,20,4,1,1,1,fan_in,fan_in,"['fan_in->fan_in', 'fan_in->fan_in', 'fan_in->fan_in']",3,0,1.0,True,"[270, 279]"
TRAJ1970,5,2,1,1,1,fan_in,fan_in,['fan_in->fan_in'],1,0,1.0,True,"[270, 277]"
TRAJ1971,7,2,1,1,1,fan_in,fan_in,['fan_in->fan_in'],1,0,1.0,True,"[270, 277]"
TRAJ1972,14,5,2,2,2,fan_in,fan_in,"['fan_in->fan_in', 'fan_in->fan_in', 'fan_in->fan_in']",3,1,1.5,True,"[270, 279]"
TRAJ1973,16,5,2,3,3,fan_in,fan_in,"['fan_in->fan_in', 'fan_in->fan_in', 'fan_in->fan_in']",3,1,1.5,True,"[270, 277]"
TRAJ1974,8,2,1,1,1,fan_in,fan_in,['fan_in->fan_in'],1,0,1.0,True,"[270, 277]"
TRAJ1975,12,3,1,2,2,fan_in,fan_in,"['fan_in->fan_in', 'fan_in->fan_in']",2,0,1.0,True,"[270, 277]"
TRAJ1976,8,2,1,1,1,fan_in,fan_in,['fan_in->fan_in'],1,0,1.0,True,"[270, 275]"
TRAJ1977,14,6,2,1,1,rapid_pass_through,rapid_pass_through,['fan_in->fan_in'],1,1,1.5,True,"[272, 293]"
TRAJ1978,6,2,1,1,1,fan_in,fan_in,['fan_in->fan_in'],1,0,1.0,True,"[271, 278]"
TRAJ1979,12,6,2,3,3,fan_in,fan_in,"['fan_in->fan_in', 'fan_in->fan_in', 'fan_in->fan_in']",3,1,1.5,True,"[271, 280]"
TRAJ1980,9,2,1,1,1,fan_in,fan_in,['fan_in->fan_in'],1,0,1.0,True,"[271, 278]"
TRAJ1981,11,2,1,1,1,fan_in,fan_in,['fan_in->fan_in'],1,0,1.0,True,"[271, 278]"
TRAJ1982,9,2,1,2,2,fan_in,fan_in,['fan_in->fan_in'],1,0,1.0,True,"[271, 272]"
TRAJ1983,9,4,2,2,2,rapid_pass_through,rapid_pass_through,['fan_in->fan_in'],1,1,1.5,True,"[272, 280]"
TRAJ1984,8,2,1,1,1,fan_in,fan_in,['fan_in->fan_in'],1,0,1.0,True,"[272, 279]"
TRAJ1985,15,6,2,3,3,fan_in,rapid_pass_through,"['fan_in->fan_in', 'fan_in->fan_in', 'fan_in->fan_in']",3,1,1.5,True,"[272, 281]"
TRAJ1986,15,4,1,2,2,fan_in,fan_in,"['fan_in->fan_in', 'fan_in->fan_in', 'fan_in->fan_in']",3,0,1.0,True,"[272, 280]"
TRAJ1987,12,4,2,1,1,fan_in,rapid_pass_through,['fan_in->fan_in'],1,1,1.5,True,"[272, 281]"
TRAJ1988,10,2,1,1,1,fan_in,fan_in,['fan_in->fan_in'],1,0,1.0,True,"[272, 279]"
TRAJ1989,8,2,1,1,1,fan_in,fan_in,['fan_in->fan_in'],1,0,1.0,True,"[272, 279]"
TRAJ1990,26,8,2,3,3,fan_in,fan_in,"['fan_in->fan_in', 'fan_in->fan_in', 'fan_in->fan_in', 'fan_in->fan_in', 'fan_in->fan_in']",5,1,1.5,True,"[273, 284]"
TRAJ1991,8,2,1,1,1,fan_in,fan_in,['fan_in->fan_in'],1,0,1.0,True,"[273, 280]"
TRAJ1992,14,3,1,1,1,fan_in,fan_in,"['fan_in->fan_in', 'fan_in->fan_in']",2,0,1.0,True,"[273, 282]"
TRAJ1993,19,7,2,2,2,fan_in,fan_in,"['fan_in->fan_in', 'fan_in->fan_in', 'fan_in->fan_in', 'fan_in->fan_in']",4,1,1.5,True,"[273, 283]"
TRAJ1994,6,2,1,1,1,fan_in,fan_in,['fan_in->fan_in'],1,0,1.0,True,"[273, 280]"
TRAJ1995,8,2,1,1,1,fan_in,fan_in,['fan_in->fan_in'],1,0,1.0,True,"[274, 276]"
TRAJ1996,10,2,1,1,1,fan_in,fan_in,['fan_in->fan_in'],1,0,1.0,True,"[274, 281]"
TRAJ1997,7,2,1,1,1,fan_in,fan_in,['fan_in->fan_in'],1,0,1.0,True,"[274, 281]"
TRAJ1998,7,2,1,1,1,fan_in,fan_in,['fan_in->fan_in'],1,0,1.0,True,"[274, 281]"
TRAJ1999,6,2,1,1,1,fan_in,fan_in,['fan_in->fan_in'],1,0,1.0,True,"[274, 281]"
TRAJ2000,8,2,1,1,1,fan_in,fan_in,['fan_in->fan_in'],1,0,1.0,True,"[274, 281]"
TRAJ2001,10,2,1,1,1,fan_in,fan_in,['fan_in->fan_in'],1,0,1.0,True,"[274, 281]"
TRAJ2002,9,2,1,1,1,fan_in,fan_in,['fan_in->fan_in'],1,0,1.0,True,"[274, 281]"
TRAJ2003,11,2,1,1,1,fan_in,fan_in,['fan_in->fan_in'],1,0,1.0,True,"[274, 282]"
TRAJ2004,5,2,1,1,1,fan_in,fan_in,['fan_in->fan_in'],1,0,1.0,True,"[274, 281]"
TRAJ2005,9,3,1,1,1,fan_in,fan_in,"['fan_in->fan_in', 'fan_in->fan_in']",2,0,1.0,True,"[274, 281]"
TRAJ2006,9,3,2,1,1,fan_in,fan_in,['fan_in->fan_in'],1,1,1.5,True,"[274, 281]"
TRAJ2007,7,4,2,1,1,fan_in,rapid_pass_through,['fan_in->fan_in'],1,1,1.5,True,"[274, 283]"
TRAJ2008,10,3,2,1,1,rapid_pass_through,fan_in,['fan_in->fan_in'],1,1,1.5,True,"[275, 288]"
TRAJ2009,6,2,1,1,1,fan_in,fan_in,['fan_in->fan_in'],1,0,1.0,True,"[275, 282]"
TRAJ2010,12,4,2,2,2,fan_in,fan_in,"['fan_in->fan_in', 'fan_in->fan_in']",2,1,1.5,True,"[275, 282]"
TRAJ2011,24,6,2,3,3,fan_in,fan_in,"['fan_in->fan_in', 'fan_in->fan_in', 'fan_in->fan_in']",3,1,1.5,True,"[275, 285]"
TRAJ2012,14,5,2,1,1,fan_in,rapid_pass_through,"['fan_in->fan_in', 'fan_in->fan_in']",2,1,1.5,True,"[275, 284]"
TRAJ2013,8,2,1,1,1,fan_in,fan_in,['fan_in->fan_in'],1,0,1.0,True,"[275, 282]"
TRAJ2014,7,2,1,1,1,fan_in,fan_in,['fan_in->fan_in'],1,0,1.0,True,"[275, 282]"
TRAJ2015,8,2,1,1,1,fan_in,fan_in,['fan_in->fan_in'],1,0,1.0,True,"[275, 277]"
TRAJ2016,10,5,2,1,1,rapid_pass_through,rapid_pass_through,['fan_in->fan_in'],1,1,1.5,True,"[277, 291]"
TRAJ2017,11,2,1,2,2,fan_in,fan_in,['fan_in->fan_in'],1,0,1.0,True,"[276, 277]"
TRAJ2018,12,4,2,1,1,fan_in,rapid_pass_through,['fan_in->fan_in'],1,1,1.5,True,"[276, 285]"
TRAJ2019,21,6,2,2,2,fan_in,rapid_pass_through,"['fan_in->fan_in', 'fan_in->fan_in', 'fan_in->fan_in', 'fan_in->fan_in']",4,1,1.5,True,"[276, 288]"
TRAJ2020,7,2,1,1,1,fan_in,fan_in,['fan_in->fan_in'],1,0,1.0,True,"[276, 283]"
TRAJ2021,8,2,1,1,1,fan_in,fan_in,['fan_in->fan_in'],1,0,1.0,True,"[276, 283]"
TRAJ2022,17,6,2,1,1,fan_in,rapid_pass_through,"['fan_in->fan_in', 'fan_in->fan_in', 'fan_in->fan_in']",3,1,1.5,True,"[276, 288]"
TRAJ2023,8,2,1,1,1,fan_in,fan_in,['fan_in->fan_in'],1,0,1.0,True,"[276, 283]"
TRAJ2024,11,3,1,1,1,fan_in,fan_in,"['fan_in->fan_in', 'fan_in->fan_in']",2,0,1.0,True,"[276, 285]"
TRAJ2025,8,2,1,1,1,fan_in,fan_in,['fan_in->fan_in'],1,0,1.0,True,"[276, 278]"
TRAJ2026,8,2,1,2,2,fan_in,fan_in,['fan_in->fan_in'],1,0,1.0,True,"[276, 277]"
TRAJ2027,7,2,1,1,1,fan_in,fan_in,['fan_in->fan_in'],1,0,1.0,True,"[276, 283]"
TRAJ2028,6,2,1,1,1,fan_in,fan_in,['fan_in->fan_in'],1,0,1.0,True,"[277, 284]"
TRAJ2029,8,2,1,1,1,fan_in,fan_in,['fan_in->fan_in'],1,0,1.0,True,"[277, 284]"
TRAJ2030,11,4,2,1,1,fan_in,rapid_pass_through,['fan_in->fan_in'],1,1,1.5,True,"[277, 286]"
TRAJ2031,10,3,1,1,1,fan_in,fan_in,"['fan_in->fan_in', 'fan_in->fan_in']",2,0,1.0,True,"[277, 284]"
TRAJ2032,9,2,1,1,1,fan_in,fan_in,['fan_in->fan_in'],1,0,1.0,True,"[278, 285]"
TRAJ2033,16,4,1,2,2,fan_in,fan_in,"['fan_in->fan_in', 'fan_in->fan_in', 'fan_in->fan_in']",3,0,1.0,True,"[278, 286]"
TRAJ2034,11,2,1,1,1,fan_in,fan_in,['fan_in->fan_in'],1,0,1.0,True,"[278, 285]"
TRAJ2035,18,3,1,2,2,fan_in,fan_in,"['fan_in->fan_in', 'fan_in->fan_in']",2,0,1.0,True,"[278, 286]"
TRAJ2036,10,4,2,1,1,fan_in,rapid_pass_through,['fan_in->fan_in'],1,1,1.5,True,"[278, 287]"
TRAJ2037,8,2,1,1,1,fan_in,fan_in,['fan_in->fan_in'],1,0,1.0,True,"[279, 286]"
TRAJ2038,6,2,1,1,1,fan_in,fan_in,['fan_in->fan_in'],1,0,1.0,True,"[279, 286]"
TRAJ2039,18,8,3,2,2,rapid_pass_through,rapid_pass_through,"['layering->fan_in', 'fan_in->fan_in', 'fan_in->fan_in', 'fan_in->fan_in']",4,2,3.5,True,"[281, 300]"
TRAJ2040,20,7,2,3,3,fan_in,rapid_pass_through,"['fan_in->fan_in', 'fan_in->fan_in', 'fan_in->fan_in', 'fan_in->fan_in']",4,1,1.5,True,"[280, 289]"
TRAJ2041,7,2,1,1,1,fan_in,fan_in,['fan_in->fan_in'],1,0,1.0,True,"[280, 287]"
TRAJ2042,14,3,1,2,2,fan_in,fan_in,"['fan_in->fan_in', 'fan_in->fan_in']",2,0,1.0,True,"[280, 287]"
TRAJ2043,8,2,1,1,1,fan_in,fan_in,['fan_in->fan_in'],1,0,1.0,True,"[280, 287]"
TRAJ2044,17,4,1,3,3,fan_in,fan_in,"['fan_in->fan_in', 'fan_in->fan_in', 'fan_in->fan_in']",3,0,1.0,True,"[280, 289]"
TRAJ2045,11,2,1,1,1,fan_in,fan_in,['fan_in->fan_in'],1,0,1.0,True,"[280, 287]"
TRAJ2046,12,3,1,1,1,fan_in,fan_in,"['fan_in->fan_in', 'fan_in->fan_in']",2,0,1.0,True,"[280, 290]"
TRAJ2047,15,4,1,1,1,fan_in,fan_in,"['fan_in->fan_in', 'fan_in->fan_in', 'fan_in->fan_in']",3,0,1.0,True,"[280, 290]"
TRAJ2048,6,2,1,1,1,fan_in,fan_in,['fan_in->fan_in'],1,0,1.0,True,"[280, 287]"
TRAJ2049,8,3,2,1,1,fan_in,fan_in,['fan_in->fan_in'],1,1,1.5,True,"[280, 287]"
TRAJ2050,16,8,3,3,3,layering,rapid_pass_through,"['layering->fan_in', 'fan_in->fan_in', 'fan_in->fan_in']",3,2,3.5,True,"[282, 297]"
TRAJ2051,8,2,1,2,2,fan_in,fan_in,['fan_in->fan_in'],1,0,1.0,True,"[281, 282]"
TRAJ2052,15,3,1,1,1,fan_in,fan_in,"['fan_in->fan_in', 'fan_in->fan_in']",2,0,1.0,True,"[281, 291]"
TRAJ2053,8,2,1,1,1,fan_in,fan_in,['fan_in->fan_in'],1,0,1.0,True,"[281, 288]"
TRAJ2054,9,2,1,1,1,fan_in,fan_in,['fan_in->fan_in'],1,0,1.0,True,"[281, 288]"
TRAJ2055,11,3,1,1,1,fan_in,fan_in,"['fan_in->fan_in', 'fan_in->fan_in']",2,0,1.0,True,"[281, 290]"
TRAJ2056,19,6,2,2,2,fan_in,fan_in,"['fan_in->fan_in', 'fan_in->fan_in', 'fan_in->fan_in', 'fan_in->fan_in']",4,1,1.5,True,"[281, 292]"
TRAJ2057,10,3,2,2,2,fan_in,fan_in,['fan_in->fan_in'],1,1,1.5,True,"[281, 282]"
TRAJ2058,14,6,2,4,4,fan_in,rapid_pass_through,"['fan_in->fan_in', 'fan_in->fan_in', 'fan_in->fan_in']",3,1,1.5,True,"[282, 291]"
TRAJ2059,11,2,1,1,1,fan_in,fan_in,['fan_in->fan_in'],1,0,1.0,True,"[282, 289]"
TRAJ2060,17,6,3,2,2,circular_flow,rapid_pass_through,"['circular_flow->fan_in', 'fan_in->fan_in']",2,2,4.5,True,"[284, 295]"
TRAJ2061,8,2,1,1,1,fan_in,fan_in,['fan_in->fan_in'],1,0,1.0,True,"[283, 290]"
TRAJ2062,14,4,1,2,2,fan_in,fan_in,"['fan_in->fan_in', 'fan_in->fan_in', 'fan_in->fan_in']",3,0,1.0,True,"[283, 291]"
TRAJ2063,6,2,1,1,1,fan_in,fan_in,['fan_in->fan_in'],1,0,1.0,True,"[283, 290]"
TRAJ2064,11,2,1,1,1,fan_in,fan_in,['fan_in->fan_in'],1,0,1.0,True,"[283, 290]"
TRAJ2065,8,2,1,2,2,fan_in,fan_in,['fan_in->fan_in'],1,0,1.0,True,"[283, 284]"
TRAJ2066,20,6,1,3,3,fan_in,fan_in,"['fan_in->fan_in', 'fan_in->fan_in', 'fan_in->fan_in', 'fan_in->fan_in', 'fan_in->fan_in']",5,0,1.0,True,"[283, 293]"
TRAJ2067,15,4,1,1,1,fan_in,fan_in,"['fan_in->fan_in', 'fan_in->fan_in', 'fan_in->fan_in']",3,0,1.0,True,"[284, 293]"
TRAJ2068,7,2,1,1,1,fan_in,fan_in,['fan_in->fan_in'],1,0,1.0,True,"[284, 291]"
TRAJ2069,6,2,1,1,1,fan_in,fan_in,['fan_in->fan_in'],1,0,1.0,True,"[284, 291]"
TRAJ2070,6,2,1,1,1,fan_in,fan_in,['fan_in->fan_in'],1,0,1.0,True,"[284, 291]"
TRAJ2071,7,2,1,1,1,fan_in,fan_in,['fan_in->fan_in'],1,0,1.0,True,"[284, 291]"
TRAJ2072,13,6,2,3,3,rapid_pass_through,fan_in,"['fan_in->fan_in', 'fan_in->fan_in']",2,1,1.5,True,"[286, 300]"
TRAJ2073,8,2,1,1,1,fan_in,fan_in,['fan_in->fan_in'],1,0,1.0,True,"[285, 292]"
TRAJ2074,16,6,2,3,3,fan_in,rapid_pass_through,"['fan_in->fan_in', 'fan_in->fan_in']",2,1,1.5,True,"[285, 294]"
TRAJ2075,8,2,1,1,1,fan_in,fan_in,['fan_in->fan_in'],1,0,1.0,True,"[285, 292]"
TRAJ2076,9,2,1,1,1,fan_in,fan_in,['fan_in->fan_in'],1,0,1.0,True,"[285, 292]"
TRAJ2077,12,4,2,1,1,fan_in,rapid_pass_through,['fan_in->fan_in'],1,1,1.5,True,"[285, 294]"
TRAJ2078,9,2,1,1,1,fan_in,fan_in,['fan_in->fan_in'],1,0,1.0,True,"[285, 292]"
TRAJ2079,9,3,1,1,1,fan_in,fan_in,"['fan_in->fan_in', 'fan_in->fan_in']",2,0,1.0,True,"[286, 293]"
TRAJ2080,14,5,2,2,2,fan_in,rapid_pass_through,"['fan_in->fan_in', 'fan_in->fan_in']",2,1,1.5,True,"[286, 295]"
TRAJ2081,12,2,1,1,1,fan_in,fan_in,['fan_in->fan_in'],1,0,1.0,True,"[286, 293]"
TRAJ2082,8,4,2,1,1,fan_in,rapid_pass_through,['fan_in->fan_in'],1,1,1.5,True,"[286, 295]"
TRAJ2083,7,2,1,1,1,fan_in,fan_in,['fan_in->fan_in'],1,0,1.0,True,"[286, 293]"
TRAJ2084,12,4,2,2,2,fan_in,rapid_pass_through,"['fan_in->fan_in', 'fan_in->fan_in']",2,1,1.5,True,"[286, 296]"
TRAJ2085,10,3,1,2,2,fan_in,fan_in,"['fan_in->fan_in', 'fan_in->fan_in']",2,0,1.0,True,"[286, 293]"
TRAJ2086,8,2,1,1,1,fan_in,fan_in,['fan_in->fan_in'],1,0,1.0,True,"[286, 293]"
TRAJ2087,27,7,2,2,2,fan_in,rapid_pass_through,"['fan_in->fan_in', 'fan_in->fan_in', 'fan_in->fan_in', 'fan_in->fan_in']",4,1,1.5,True,"[287, 298]"
TRAJ2088,10,2,1,1,1,fan_in,fan_in,['fan_in->fan_in'],1,0,1.0,True,"[287, 294]"
TRAJ2089,14,4,1,1,1,fan_in,fan_in,"['fan_in->fan_in', 'fan_in->fan_in', 'fan_in->fan_in']",3,0,1.0,True,"[287, 296]"
TRAJ2090,9,2,1,1,1,fan_in,fan_in,['fan_in->fan_in'],1,0,1.0,True,"[287, 294]"
TRAJ2091,9,4,2,1,1,fan_in,rapid_pass_through,['fan_in->fan_in'],1,1,1.5,True,"[287, 296]"
TRAJ2092,8,2,1,2,2,fan_in,fan_in,['fan_in->fan_in'],1,0,1.0,True,"[287, 288]"
TRAJ2093,10,3,2,1,1,fan_in,rapid_pass_through,['fan_in->fan_in'],1,1,1.5,True,"[287, 294]"
TRAJ2094,8,2,1,1,1,fan_in,fan_in,['fan_in->fan_in'],1,0,1.0,True,"[288, 295]"
TRAJ2095,8,2,1,1,1,fan_in,fan_in,['fan_in->fan_in'],1,0,1.0,True,"[288, 295]"
TRAJ2096,12,3,1,2,2,fan_in,fan_in,"['fan_in->fan_in', 'fan_in->fan_in']",2,0,1.0,True,"[288, 296]"
TRAJ2097,8,2,1,1,1,fan_in,fan_in,['fan_in->fan_in'],1,0,1.0,True,"[288, 295]"
TRAJ2098,9,2,1,1,1,fan_in,fan_in,['fan_in->fan_in'],1,0,1.0,True,"[288, 295]"
TRAJ2099,10,2,1,1,1,fan_in,fan_in,['fan_in->fan_in'],1,0,1.0,True,"[288, 295]"
TRAJ2100,14,4,1,1,1,fan_in,fan_in,"['fan_in->fan_in', 'fan_in->fan_in', 'fan_in->fan_in']",3,0,1.0,True,"[288, 297]"
TRAJ2101,9,2,1,1,1,fan_in,fan_in,['fan_in->fan_in'],1,0,1.0,True,"[288, 295]"
TRAJ2102,14,3,1,2,2,fan_in,fan_in,"['fan_in->fan_in', 'fan_in->fan_in']",2,0,1.0,True,"[288, 295]"
TRAJ2103,8,3,2,1,1,fan_in,fan_in,['fan_in->fan_in'],1,1,1.5,True,"[288, 295]"
TRAJ2104,7,4,2,1,1,fan_in,rapid_pass_through,['fan_in->fan_in'],1,1,1.5,True,"[288, 297]"
TRAJ2105,30,10,3,4,4,fan_in,fan_in,"['fan_in->fan_in', 'fan_in->fan_in', 'fan_in->fan_in', 'fan_in->fan_in', 'fan_in->layering', 'layering->layering', 'layering->fan_in']",7,2,3.5,True,"[289, 299]"
TRAJ2106,10,2,1,1,1,fan_in,fan_in,['fan_in->fan_in'],1,0,1.0,True,"[289, 296]"
TRAJ2107,18,5,2,1,1,fan_in,rapid_pass_through,"['fan_in->fan_in', 'fan_in->fan_in']",2,1,1.5,True,"[289, 298]"
TRAJ2108,15,3,1,1,1,fan_in,fan_in,"['fan_in->fan_in', 'fan_in->fan_in']",2,0,1.0,True,"[289, 299]"
TRAJ2109,9,2,1,1,1,fan_in,fan_in,['fan_in->fan_in'],1,0,1.0,True,"[289, 296]"
TRAJ2110,12,2,1,1,1,fan_in,fan_in,['fan_in->fan_in'],1,0,1.0,True,"[289, 296]"
TRAJ2111,8,2,1,1,1,fan_in,fan_in,['fan_in->fan_in'],1,0,1.0,True,"[289, 296]"
TRAJ2112,6,2,1,1,1,fan_in,fan_in,['fan_in->fan_in'],1,0,1.0,True,"[289, 296]"
TRAJ2113,9,4,2,1,1,rapid_pass_through,fan_in,['fan_in->fan_in'],1,1,1.5,True,"[291, 300]"
TRAJ2114,10,3,2,1,1,fan_in,fan_in,['fan_in->fan_in'],1,1,1.5,True,"[290, 297]"
TRAJ2115,15,4,2,1,1,fan_in,rapid_pass_through,['fan_in->fan_in'],1,1,1.5,True,"[290, 299]"
TRAJ2116,5,2,1,1,1,fan_in,fan_in,['fan_in->fan_in'],1,0,1.0,True,"[290, 297]"
TRAJ2117,14,4,1,1,1,fan_in,fan_in,"['fan_in->fan_in', 'fan_in->fan_in', 'fan_in->fan_in']",3,0,1.0,True,"[290, 299]"
TRAJ2118,9,2,1,1,1,fan_in,fan_in,['fan_in->fan_in'],1,0,1.0,True,"[290, 297]"
TRAJ2119,8,3,2,2,2,fan_in,fan_in,['fan_in->fan_in'],1,1,1.5,True,"[290, 298]"
TRAJ2120,7,2,1,1,1,fan_in,fan_in,['fan_in->fan_in'],1,0,1.0,True,"[291, 298]"
TRAJ2121,8,2,1,1,1,fan_in,fan_in,['fan_in->fan_in'],1,0,1.0,True,"[291, 298]"
TRAJ2122,11,4,2,1,1,fan_in,rapid_pass_through,['fan_in->fan_in'],1,1,1.5,True,"[291, 300]"
TRAJ2123,10,4,1,1,1,fan_in,fan_in,"['fan_in->fan_in', 'fan_in->fan_in', 'fan_in->fan_in']",3,0,1.0,True,"[291, 301]"
TRAJ2124,8,2,1,1,1,fan_in,fan_in,['fan_in->fan_in'],1,0,1.0,True,"[291, 298]"
TRAJ2125,7,2,1,1,1,fan_in,fan_in,['fan_in->fan_in'],1,0,1.0,True,"[292, 299]"
TRAJ2126,8,2,1,1,1,fan_in,fan_in,['fan_in->fan_in'],1,0,1.0,True,"[292, 299]"
TRAJ2127,13,2,1,1,1,fan_in,fan_in,['fan_in->fan_in'],1,0,1.0,True,"[292, 299]"
TRAJ2128,10,2,1,1,1,fan_in,fan_in,['fan_in->fan_in'],1,0,1.0,True,"[292, 299]"
TRAJ2129,15,4,1,2,2,fan_in,fan_in,"['fan_in->fan_in', 'fan_in->fan_in', 'fan_in->fan_in']",3,0,1.0,True,"[293, 301]"
TRAJ2130,9,2,1,1,1,fan_in,fan_in,['fan_in->fan_in'],1,0,1.0,True,"[293, 300]"
TRAJ2131,10,4,2,1,1,fan_in,rapid_pass_through,['fan_in->fan_in'],1,1,1.5,True,"[293, 302]"
TRAJ2132,8,2,1,1,1,fan_in,fan_in,['fan_in->fan_in'],1,0,1.0,True,"[293, 300]"
TRAJ2133,11,4,2,1,1,fan_in,rapid_pass_through,['fan_in->fan_in'],1,1,1.5,True,"[294, 303]"
TRAJ2134,7,2,1,1,1,fan_in,fan_in,['fan_in->fan_in'],1,0,1.0,True,"[294, 301]"
TRAJ2135,5,2,1,1,1,fan_in,fan_in,['fan_in->fan_in'],1,0,1.0,True,"[294, 301]"
TRAJ2136,19,5,2,3,3,fan_in,rapid_pass_through,"['fan_in->fan_in', 'fan_in->fan_in']",2,1,1.5,True,"[294, 309]"
TRAJ2137,9,2,1,1,1,fan_in,fan_in,['fan_in->fan_in'],1,0,1.0,True,"[294, 301]"
TRAJ2138,7,2,1,1,1,fan_in,fan_in,['fan_in->fan_in'],1,0,1.0,True,"[294, 301]"
TRAJ2139,7,2,1,1,1,fan_in,fan_in,['fan_in->fan_in'],1,0,1.0,True,"[294, 301]"
TRAJ2140,12,3,1,1,1,fan_in,fan_in,"['fan_in->fan_in', 'fan_in->fan_in']",2,0,1.0,True,"[295, 305]"
TRAJ2141,24,5,1,2,2,fan_in,fan_in,"['fan_in->fan_in', 'fan_in->fan_in', 'fan_in->fan_in', 'fan_in->fan_in']",4,0,1.0,True,"[295, 304]"
TRAJ2142,10,2,1,1,1,fan_in,fan_in,['fan_in->fan_in'],1,0,1.0,True,"[295, 302]"
TRAJ2143,9,2,1,1,1,fan_in,fan_in,['fan_in->fan_in'],1,0,1.0,True,"[295, 302]"
TRAJ2144,11,3,1,1,1,fan_in,fan_in,"['fan_in->fan_in', 'fan_in->fan_in']",2,0,1.0,True,"[295, 302]"
TRAJ2145,8,2,1,1,1,fan_in,fan_in,['fan_in->fan_in'],1,0,1.0,True,"[295, 298]"
TRAJ2146,7,3,2,1,1,fan_in,rapid_pass_through,['fan_in->fan_in'],1,1,1.5,True,"[295, 310]"
TRAJ2147,21,6,2,3,3,fan_in,rapid_pass_through,"['fan_in->fan_in', 'fan_in->fan_in', 'fan_in->fan_in']",3,1,1.5,True,"[296, 305]"
TRAJ2148,10,2,1,1,1,fan_in,fan_in,['fan_in->fan_in'],1,0,1.0,True,"[296, 303]"
TRAJ2149,16,3,1,2,2,fan_in,fan_in,"['fan_in->fan_in', 'fan_in->fan_in']",2,0,1.0,True,"[296, 304]"
TRAJ2150,18,6,2,4,4,fan_in,rapid_pass_through,"['fan_in->fan_in', 'fan_in->fan_in', 'fan_in->fan_in']",3,1,1.5,True,"[296, 305]"
TRAJ2151,9,2,1,1,1,fan_in,fan_in,['fan_in->fan_in'],1,0,1.0,True,"[296, 303]"
TRAJ2152,13,3,1,2,2,fan_in,fan_in,"['fan_in->fan_in', 'fan_in->fan_in']",2,0,1.0,True,"[297, 304]"
TRAJ2153,9,2,1,1,1,fan_in,fan_in,['fan_in->fan_in'],1,0,1.0,True,"[297, 304]"
TRAJ2154,19,5,1,3,3,fan_in,fan_in,"['fan_in->fan_in', 'fan_in->fan_in', 'fan_in->fan_in', 'fan_in->fan_in']",4,0,1.0,True,"[297, 306]"
TRAJ2155,14,3,1,1,1,fan_in,fan_in,"['fan_in->fan_in', 'fan_in->fan_in']",2,0,1.0,True,"[297, 307]"
TRAJ2156,21,6,2,3,3,fan_in,fan_in,"['fan_in->fan_in', 'fan_in->fan_in', 'fan_in->fan_in', 'fan_in->fan_in']",4,1,1.5,True,"[297, 307]"
TRAJ2157,14,5,2,3,3,fan_in,fan_in,"['fan_in->fan_in', 'fan_in->fan_in', 'fan_in->fan_in']",3,1,1.5,True,"[297, 305]"
TRAJ2158,7,2,1,1,1,fan_in,fan_in,['fan_in->fan_in'],1,0,1.0,True,"[298, 305]"
TRAJ2159,15,3,1,2,2,fan_in,fan_in,"['fan_in->fan_in', 'fan_in->fan_in']",2,0,1.0,True,"[298, 306]"
TRAJ2160,6,2,1,1,1,fan_in,fan_in,['fan_in->fan_in'],1,0,1.0,True,"[298, 305]"
TRAJ2161,7,2,1,1,1,fan_in,fan_in,['fan_in->fan_in'],1,0,1.0,True,"[298, 305]"
TRAJ2162,9,2,1,1,1,fan_in,fan_in,['fan_in->fan_in'],1,0,1.0,True,"[298, 305]"
TRAJ2163,8,2,1,1,1,fan_in,fan_in,['fan_in->fan_in'],1,0,1.0,True,"[298, 303]"
TRAJ2164,8,2,1,1,1,fan_in,fan_in,['fan_in->fan_in'],1,0,1.0,True,"[298, 306]"
TRAJ2165,7,2,1,1,1,fan_in,fan_in,['fan_in->fan_in'],1,0,1.0,True,"[298, 305]"
TRAJ2166,6,2,1,1,1,fan_in,fan_in,['fan_in->fan_in'],1,0,1.0,True,"[299, 306]"
TRAJ2167,12,5,2,3,3,fan_in,rapid_pass_through,"['fan_in->fan_in', 'fan_in->fan_in']",2,1,1.5,True,"[299, 308]"
TRAJ2168,18,6,2,2,2,fan_in,rapid_pass_through,"['fan_in->fan_in', 'fan_in->fan_in', 'fan_in->fan_in']",3,1,1.5,True,"[299, 309]"
TRAJ2169,6,2,1,1,1,fan_in,fan_in,['fan_in->fan_in'],1,0,1.0,True,"[299, 306]"
TRAJ2170,17,6,2,2,2,rapid_pass_through,rapid_pass_through,"['fan_in->fan_in', 'fan_in->fan_in']",2,1,1.5,True,"[301, 315]"
TRAJ2171,17,7,2,2,2,rapid_pass_through,rapid_pass_through,"['fan_in->fan_in', 'fan_in->fan_in']",2,1,1.5,True,"[301, 320]"
TRAJ2172,6,2,1,1,1,fan_in,fan_in,['fan_in->fan_in'],1,0,1.0,True,"[300, 307]"
TRAJ2173,6,2,1,1,1,fan_in,fan_in,['fan_in->fan_in'],1,0,1.0,True,"[300, 307]"
TRAJ2174,6,2,1,1,1,fan_in,fan_in,['fan_in->fan_in'],1,0,1.0,True,"[300, 307]"
TRAJ2175,9,2,1,1,1,fan_in,fan_in,['fan_in->fan_in'],1,0,1.0,True,"[300, 307]"
TRAJ2176,7,2,1,1,1,fan_in,fan_in,['fan_in->fan_in'],1,0,1.0,True,"[300, 307]"
TRAJ2177,13,5,2,1,1,rapid_pass_through,rapid_pass_through,"['fan_in->fan_in', 'fan_in->fan_in']",2,1,1.5,True,"[302, 316]"
TRAJ2178,12,7,2,2,2,rapid_pass_through,rapid_pass_through,['fan_in->fan_in'],1,1,1.5,True,"[302, 323]"
TRAJ2179,21,8,2,3,3,fan_in,fan_in,"['fan_in->fan_in', 'fan_in->fan_in', 'fan_in->fan_in', 'fan_in->fan_in', 'fan_in->fan_in']",5,1,1.5,True,"[301, 312]"
TRAJ2180,15,3,1,1,1,fan_in,fan_in,"['fan_in->fan_in', 'fan_in->fan_in']",2,0,1.0,True,"[301, 308]"
TRAJ2181,6,2,1,1,1,fan_in,fan_in,['fan_in->fan_in'],1,0,1.0,True,"[301, 308]"
TRAJ2182,16,5,2,3,3,fan_in,fan_in,"['fan_in->fan_in', 'fan_in->fan_in']",2,1,1.5,True,"[301, 310]"
TRAJ2183,6,2,1,1,1,fan_in,fan_in,['fan_in->fan_in'],1,0,1.0,True,"[301, 308]"
TRAJ2184,9,2,1,1,1,fan_in,fan_in,['fan_in->fan_in'],1,0,1.0,True,"[301, 303]"
TRAJ2185,7,2,2,2,2,layering,fan_in,['layering->fan_in'],1,1,3.0,True,"[302, 303]"
TRAJ2186,21,9,3,2,2,fan_in,circular_flow,"['fan_in->fan_in', 'fan_in->fan_in', 'fan_in->fan_in', 'fan_in->circular_flow', 'circular_flow->fan_in', 'fan_in->circular_flow']",6,2,4.5,True,"[302, 317]"
TRAJ2187,12,2,1,1,1,fan_in,fan_in,['fan_in->fan_in'],1,0,1.0,True,"[302, 309]"
TRAJ2188,15,3,1,1,1,fan_in,fan_in,"['fan_in->fan_in', 'fan_in->fan_in']",2,0,1.0,True,"[302, 311]"
TRAJ2189,18,4,1,1,1,fan_in,fan_in,"['fan_in->fan_in', 'fan_in->fan_in', 'fan_in->fan_in']",3,0,1.0,True,"[302, 312]"
TRAJ2190,10,3,2,1,1,fan_in,fan_in,['fan_in->fan_in'],1,1,1.5,True,"[302, 309]"
TRAJ2191,7,4,2,1,1,fan_in,rapid_pass_through,['fan_in->fan_in'],1,1,1.5,True,"[302, 311]"
TRAJ2192,19,4,1,2,2,fan_in,fan_in,"['fan_in->fan_in', 'fan_in->fan_in', 'fan_in->fan_in']",3,0,1.0,True,"[303, 313]"
TRAJ2193,7,2,1,1,1,fan_in,fan_in,['fan_in->fan_in'],1,0,1.0,True,"[303, 310]"
TRAJ2194,11,2,1,2,2,fan_in,fan_in,['fan_in->fan_in'],1,0,1.0,True,"[303, 304]"
TRAJ2195,12,5,2,1,1,fan_in,rapid_pass_through,['fan_in->fan_in'],1,1,1.5,True,"[303, 319]"
TRAJ2196,25,5,1,2,2,fan_in,fan_in,"['fan_in->fan_in', 'fan_in->fan_in', 'fan_in->fan_in', 'fan_in->fan_in']",4,0,1.0,True,"[303, 313]"
TRAJ2197,12,3,1,2,2,fan_in,fan_in,"['fan_in->fan_in', 'fan_in->fan_in']",2,0,1.0,True,"[303, 311]"
TRAJ2198,17,5,2,2,2,rapid_pass_through,fan_in,"['fan_in->fan_in', 'fan_in->fan_in', 'fan_in->fan_in']",3,1,1.5,True,"[303, 318]"
TRAJ2199,10,2,1,1,1,fan_in,fan_in,['fan_in->fan_in'],1,0,1.0,True,"[304, 306]"
TRAJ2200,9,2,1,1,1,fan_in,fan_in,['fan_in->fan_in'],1,0,1.0,True,"[304, 311]"
TRAJ2201,8,2,1,1,1,fan_in,fan_in,['fan_in->fan_in'],1,0,1.0,True,"[304, 306]"
TRAJ2202,13,4,2,1,1,fan_in,rapid_pass_through,['fan_in->fan_in'],1,1,1.5,True,"[304, 313]"
TRAJ2203,10,2,1,1,1,fan_in,fan_in,['fan_in->fan_in'],1,0,1.0,True,"[304, 311]"
TRAJ2204,6,2,1,1,1,fan_in,fan_in,['fan_in->fan_in'],1,0,1.0,True,"[304, 311]"
TRAJ2205,10,2,1,1,1,fan_in,fan_in,['fan_in->fan_in'],1,0,1.0,True,"[304, 311]"
TRAJ2206,8,2,1,1,1,fan_in,fan_in,['fan_in->fan_in'],1,0,1.0,True,"[304, 311]"
TRAJ2207,9,2,1,1,1,fan_in,fan_in,['fan_in->fan_in'],1,0,1.0,True,"[304, 311]"
TRAJ2208,9,4,2,1,1,fan_in,rapid_pass_through,['fan_in->fan_in'],1,1,1.5,True,"[305, 314]"
TRAJ2209,9,2,1,1,1,fan_in,fan_in,['fan_in->fan_in'],1,0,1.0,True,"[305, 312]"
TRAJ2210,6,2,1,1,1,fan_in,fan_in,['fan_in->fan_in'],1,0,1.0,True,"[306, 313]"
TRAJ2211,11,4,3,1,1,fan_in,rapid_pass_through,"['fan_in->circular_flow', 'circular_flow->fan_in']",2,2,4.5,True,"[306, 313]"
TRAJ2212,23,8,2,3,3,fan_in,rapid_pass_through,"['fan_in->fan_in', 'fan_in->fan_in', 'fan_in->fan_in', 'fan_in->fan_in']",4,1,1.5,True,"[306, 325]"
TRAJ2213,14,2,1,1,1,fan_in,fan_in,['fan_in->fan_in'],1,0,1.0,True,"[306, 313]"
TRAJ2214,11,3,1,1,1,fan_in,fan_in,"['fan_in->fan_in', 'fan_in->fan_in']",2,0,1.0,True,"[306, 313]"
TRAJ2215,7,2,1,1,1,fan_in,fan_in,['fan_in->fan_in'],1,0,1.0,True,"[307, 314]"
TRAJ2216,14,2,1,1,1,fan_in,fan_in,['fan_in->fan_in'],1,0,1.0,True,"[307, 314]"
TRAJ2217,11,5,2,2,2,rapid_pass_through,rapid_pass_through,['fan_in->fan_in'],1,1,1.5,True,"[309, 323]"
TRAJ2218,11,5,2,1,1,rapid_pass_through,rapid_pass_through,['fan_in->fan_in'],1,1,1.5,True,"[309, 323]"
TRAJ2219,7,4,2,1,1,fan_in,rapid_pass_through,['fan_in->fan_in'],1,1,1.5,True,"[308, 317]"
TRAJ2220,7,2,1,1,1,fan_in,fan_in,['fan_in->fan_in'],1,0,1.0,True,"[308, 315]"
TRAJ2221,12,3,1,2,2,fan_in,fan_in,"['fan_in->fan_in', 'fan_in->fan_in']",2,0,1.0,True,"[308, 315]"
TRAJ2222,25,6,2,2,2,fan_in,rapid_pass_through,"['fan_in->fan_in', 'fan_in->fan_in', 'fan_in->fan_in', 'fan_in->fan_in']",4,1,1.5,True,"[308, 320]"
TRAJ2223,9,2,1,1,1,fan_in,fan_in,['fan_in->fan_in'],1,0,1.0,True,"[308, 315]"
TRAJ2224,7,2,1,1,1,fan_in,fan_in,['fan_in->fan_in'],1,0,1.0,True,"[308, 315]"
TRAJ2225,9,2,1,1,1,fan_in,fan_in,['fan_in->fan_in'],1,0,1.0,True,"[308, 315]"
TRAJ2226,8,2,1,1,1,fan_in,fan_in,['fan_in->fan_in'],1,0,1.0,True,"[308, 315]"
TRAJ2227,7,2,1,1,1,fan_in,fan_in,['fan_in->fan_in'],1,0,1.0,True,"[308, 315]"
TRAJ2228,8,2,1,1,1,fan_in,fan_in,['fan_in->fan_in'],1,0,1.0,True,"[309, 316]"
TRAJ2229,5,2,1,1,1,fan_in,fan_in,['fan_in->fan_in'],1,0,1.0,True,"[309, 316]"
TRAJ2230,21,5,1,2,2,fan_in,fan_in,"['fan_in->fan_in', 'fan_in->fan_in', 'fan_in->fan_in', 'fan_in->fan_in']",4,0,1.0,True,"[309, 319]"
TRAJ2231,12,2,1,1,1,fan_in,fan_in,['fan_in->fan_in'],1,0,1.0,True,"[309, 316]"
TRAJ2232,8,2,1,1,1,fan_in,fan_in,['fan_in->fan_in'],1,0,1.0,True,"[309, 316]"
TRAJ2233,8,4,2,1,1,fan_in,rapid_pass_through,['fan_in->fan_in'],1,1,1.5,True,"[310, 319]"
TRAJ2234,26,8,2,2,2,fan_in,rapid_pass_through,"['fan_in->fan_in', 'fan_in->fan_in', 'fan_in->fan_in', 'fan_in->fan_in']",4,1,1.5,True,"[310, 318]"
TRAJ2235,14,5,2,1,1,fan_in,rapid_pass_through,"['fan_in->fan_in', 'fan_in->fan_in']",2,1,1.5,True,"[310, 319]"
TRAJ2236,11,2,1,1,1,fan_in,fan_in,['fan_in->fan_in'],1,0,1.0,True,"[310, 317]"
TRAJ2237,8,2,1,1,1,fan_in,fan_in,['fan_in->fan_in'],1,0,1.0,True,"[310, 317]"
TRAJ2238,7,2,1,1,1,fan_in,fan_in,['fan_in->fan_in'],1,0,1.0,True,"[311, 318]"
TRAJ2239,8,2,1,1,1,fan_in,fan_in,['fan_in->fan_in'],1,0,1.0,True,"[311, 318]"
TRAJ2240,8,2,1,1,1,fan_in,fan_in,['fan_in->fan_in'],1,0,1.0,True,"[311, 318]"
TRAJ2241,11,3,1,2,2,fan_in,fan_in,"['fan_in->fan_in', 'fan_in->fan_in']",2,0,1.0,True,"[311, 318]"
TRAJ2242,8,2,1,1,1,fan_in,fan_in,['fan_in->fan_in'],1,0,1.0,True,"[311, 318]"
TRAJ2243,15,4,2,1,1,rapid_pass_through,fan_in,"['fan_in->fan_in', 'fan_in->fan_in']",2,1,1.5,True,"[311, 325]"
TRAJ2244,6,2,1,1,1,fan_in,fan_in,['fan_in->fan_in'],1,0,1.0,True,"[312, 319]"
TRAJ2245,15,5,2,2,2,fan_in,rapid_pass_through,"['fan_in->fan_in', 'fan_in->fan_in']",2,1,1.5,True,"[312, 329]"
TRAJ2246,12,3,1,1,1,fan_in,fan_in,"['fan_in->fan_in', 'fan_in->fan_in']",2,0,1.0,True,"[312, 321]"
TRAJ2247,7,2,1,1,1,fan_in,fan_in,['fan_in->fan_in'],1,0,1.0,True,"[312, 319]"
TRAJ2248,9,2,1,1,1,fan_in,fan_in,['fan_in->fan_in'],1,0,1.0,True,"[312, 319]"
TRAJ2249,6,2,1,1,1,fan_in,fan_in,['fan_in->fan_in'],1,0,1.0,True,"[312, 319]"
TRAJ2250,11,3,2,2,2,fan_in,fan_in,['fan_in->fan_in'],1,1,1.5,True,"[312, 320]"
TRAJ2251,16,8,2,1,1,rapid_pass_through,rapid_pass_through,"['fan_in->fan_in', 'fan_in->fan_in', 'fan_in->fan_in']",3,1,1.5,True,"[314, 335]"
TRAJ2252,5,2,1,1,1,fan_in,fan_in,['fan_in->fan_in'],1,0,1.0,True,"[313, 320]"
TRAJ2253,11,2,1,1,1,fan_in,fan_in,['fan_in->fan_in'],1,0,1.0,True,"[313, 320]"
TRAJ2254,10,2,1,1,1,fan_in,fan_in,['fan_in->fan_in'],1,0,1.0,True,"[313, 320]"
TRAJ2255,8,2,1,1,1,fan_in,fan_in,['fan_in->fan_in'],1,0,1.0,True,"[313, 320]"
TRAJ2256,10,2,1,1,1,fan_in,fan_in,['fan_in->fan_in'],1,0,1.0,True,"[314, 321]"
TRAJ2257,6,2,1,1,1,fan_in,fan_in,['fan_in->fan_in'],1,0,1.0,True,"[314, 321]"
TRAJ2258,9,4,2,1,1,fan_in,rapid_pass_through,['fan_in->fan_in'],1,1,1.5,True,"[314, 323]"
TRAJ2259,6,2,1,1,1,fan_in,fan_in,['fan_in->fan_in'],1,0,1.0,True,"[314, 321]"
TRAJ2260,7,2,1,1,1,fan_in,fan_in,['fan_in->fan_in'],1,0,1.0,True,"[314, 321]"
TRAJ2261,11,5,2,1,1,rapid_pass_through,rapid_pass_through,['fan_in->fan_in'],1,1,1.5,True,"[316, 330]"
TRAJ2262,8,3,2,1,1,fan_in,rapid_pass_through,['fan_in->fan_in'],1,1,1.5,True,"[315, 329]"
TRAJ2263,11,2,1,1,1,fan_in,fan_in,['fan_in->fan_in'],1,0,1.0,True,"[315, 322]"
TRAJ2264,7,2,1,1,1,fan_in,fan_in,['fan_in->fan_in'],1,0,1.0,True,"[315, 322]"
TRAJ2265,9,4,2,1,1,fan_in,rapid_pass_through,['fan_in->fan_in'],1,1,1.5,True,"[315, 324]"
TRAJ2266,16,4,1,1,1,fan_in,fan_in,"['fan_in->fan_in', 'fan_in->fan_in', 'fan_in->fan_in']",3,0,1.0,True,"[315, 324]"
TRAJ2267,13,4,1,3,3,fan_in,fan_in,"['fan_in->fan_in', 'fan_in->fan_in', 'fan_in->fan_in']",3,0,1.0,True,"[315, 324]"
TRAJ2268,9,3,2,1,1,fan_in,rapid_pass_through,['fan_in->fan_in'],1,1,1.5,True,"[315, 319]"
TRAJ2269,13,4,2,2,2,rapid_pass_through,fan_in,"['fan_in->fan_in', 'fan_in->fan_in']",2,1,1.5,True,"[317, 325]"
TRAJ2270,9,3,2,2,2,fan_in,rapid_pass_through,['fan_in->fan_in'],1,1,1.5,True,"[316, 323]"
TRAJ2271,9,2,1,1,1,fan_in,fan_in,['fan_in->fan_in'],1,0,1.0,True,"[316, 323]"
TRAJ2272,26,9,2,4,4,fan_in,fan_in,"['fan_in->fan_in', 'fan_in->fan_in', 'fan_in->fan_in', 'fan_in->fan_in', 'fan_in->fan_in', 'fan_in->fan_in']",6,1,1.5,True,"[316, 326]"
TRAJ2273,9,2,1,1,1,fan_in,fan_in,['fan_in->fan_in'],1,0,1.0,True,"[316, 323]"
TRAJ2274,8,2,1,1,1,fan_in,fan_in,['fan_in->fan_in'],1,0,1.0,True,"[316, 323]"
TRAJ2275,11,2,1,1,1,fan_in,fan_in,['fan_in->fan_in'],1,0,1.0,True,"[316, 323]"
TRAJ2276,8,2,1,1,1,fan_in,fan_in,['fan_in->fan_in'],1,0,1.0,True,"[316, 323]"
TRAJ2277,8,2,1,1,1,fan_in,fan_in,['fan_in->fan_in'],1,0,1.0,True,"[316, 323]"
TRAJ2278,8,2,1,1,1,fan_in,fan_in,['fan_in->fan_in'],1,0,1.0,True,"[316, 323]"
TRAJ2279,8,3,2,1,1,fan_in,rapid_pass_through,['fan_in->fan_in'],1,1,1.5,True,"[316, 331]"
TRAJ2280,15,4,1,2,2,fan_in,fan_in,"['fan_in->fan_in', 'fan_in->fan_in', 'fan_in->fan_in']",3,0,1.0,True,"[316, 323]"
TRAJ2281,5,2,1,1,1,fan_in,fan_in,['fan_in->fan_in'],1,0,1.0,True,"[316, 323]"
TRAJ2282,12,5,2,1,1,fan_in,rapid_pass_through,['fan_in->fan_in'],1,1,1.5,True,"[316, 332]"
TRAJ2283,23,8,2,2,2,rapid_pass_through,fan_in,"['fan_in->fan_in', 'fan_in->fan_in', 'fan_in->fan_in', 'fan_in->fan_in']",4,1,1.5,True,"[318, 333]"
TRAJ2284,16,7,3,2,2,fan_in,rapid_pass_through,"['fan_in->fan_in', 'fan_in->circular_flow', 'circular_flow->fan_in']",3,2,4.5,True,"[317, 329]"
TRAJ2285,7,2,1,1,1,fan_in,fan_in,['fan_in->fan_in'],1,0,1.0,True,"[317, 324]"
TRAJ2286,7,2,1,1,1,fan_in,fan_in,['fan_in->fan_in'],1,0,1.0,True,"[317, 324]"
TRAJ2287,18,4,1,1,1,fan_in,fan_in,"['fan_in->fan_in', 'fan_in->fan_in', 'fan_in->fan_in']",3,0,1.0,True,"[318, 327]"
TRAJ2288,14,5,2,1,1,fan_in,rapid_pass_through,"['fan_in->fan_in', 'fan_in->fan_in']",2,1,1.5,True,"[318, 329]"
TRAJ2289,9,2,1,1,1,fan_in,fan_in,['fan_in->fan_in'],1,0,1.0,True,"[318, 325]"
TRAJ2290,9,2,1,1,1,fan_in,fan_in,['fan_in->fan_in'],1,0,1.0,True,"[318, 325]"
TRAJ2291,8,2,1,1,1,fan_in,fan_in,['fan_in->fan_in'],1,0,1.0,True,"[318, 325]"
TRAJ2292,11,5,2,2,2,rapid_pass_through,rapid_pass_through,['fan_in->fan_in'],1,1,1.5,True,"[320, 334]"
TRAJ2293,14,3,1,2,2,fan_in,fan_in,"['fan_in->fan_in', 'fan_in->fan_in']",2,0,1.0,True,"[319, 327]"
TRAJ2294,8,3,1,1,1,fan_in,fan_in,"['fan_in->fan_in', 'fan_in->fan_in']",2,0,1.0,True,"[319, 326]"
TRAJ2295,10,4,2,1,1,fan_in,rapid_pass_through,['fan_in->fan_in'],1,1,1.5,True,"[319, 328]"
TRAJ2296,7,2,1,1,1,fan_in,fan_in,['fan_in->fan_in'],1,0,1.0,True,"[319, 326]"
TRAJ2297,7,2,1,1,1,fan_in,fan_in,['fan_in->fan_in'],1,0,1.0,True,"[320, 327]"
TRAJ2298,10,2,1,1,1,fan_in,fan_in,['fan_in->fan_in'],1,0,1.0,True,"[320, 327]"
TRAJ2299,11,3,1,1,1,fan_in,fan_in,"['fan_in->fan_in', 'fan_in->fan_in']",2,0,1.0,True,"[320, 327]"
TRAJ2300,10,4,2,1,1,fan_in,rapid_pass_through,['fan_in->fan_in'],1,1,1.5,True,"[320, 329]"
TRAJ2301,7,2,1,1,1,fan_in,fan_in,['fan_in->fan_in'],1,0,1.0,True,"[320, 327]"
TRAJ2302,6,2,1,1,1,fan_in,fan_in,['fan_in->fan_in'],1,0,1.0,True,"[320, 327]"
TRAJ2303,10,3,2,2,2,rapid_pass_through,fan_in,['fan_in->fan_in'],1,1,1.5,True,"[321, 328]"
TRAJ2304,24,9,2,3,3,fan_in,rapid_pass_through,"['fan_in->fan_in', 'fan_in->fan_in', 'fan_in->fan_in', 'fan_in->fan_in', 'fan_in->fan_in', 'fan_in->fan_in']",6,1,1.5,True,"[321, 333]"
TRAJ2305,8,2,1,1,1,fan_in,fan_in,['fan_in->fan_in'],1,0,1.0,True,"[321, 328]"
TRAJ2306,11,2,1,1,1,fan_in,fan_in,['fan_in->fan_in'],1,0,1.0,True,"[321, 328]"
TRAJ2307,15,5,2,1,1,fan_in,rapid_pass_through,"['fan_in->fan_in', 'fan_in->fan_in']",2,1,1.5,True,"[321, 333]"
TRAJ2308,6,2,1,1,1,fan_in,fan_in,['fan_in->fan_in'],1,0,1.0,True,"[321, 328]"
TRAJ2309,7,2,1,1,1,fan_in,fan_in,['fan_in->fan_in'],1,0,1.0,True,"[321, 328]"
TRAJ2310,11,5,2,1,1,rapid_pass_through,rapid_pass_through,['fan_in->fan_in'],1,1,1.5,True,"[323, 337]"
TRAJ2311,9,4,2,1,1,fan_in,rapid_pass_through,['fan_in->fan_in'],1,1,1.5,True,"[322, 331]"
TRAJ2312,9,2,1,1,1,fan_in,fan_in,['fan_in->fan_in'],1,0,1.0,True,"[322, 327]"
TRAJ2313,8,2,1,1,1,fan_in,fan_in,['fan_in->fan_in'],1,0,1.0,True,"[322, 329]"
TRAJ2314,24,6,2,1,1,fan_in,rapid_pass_through,"['fan_in->fan_in', 'fan_in->fan_in', 'fan_in->fan_in']",3,1,1.5,True,"[322, 334]"
TRAJ2315,15,3,1,1,1,fan_in,fan_in,"['fan_in->fan_in', 'fan_in->fan_in']",2,0,1.0,True,"[322, 332]"
TRAJ2316,9,2,1,1,1,fan_in,fan_in,['fan_in->fan_in'],1,0,1.0,True,"[322, 329]"
TRAJ2317,13,3,1,1,1,fan_in,fan_in,"['fan_in->fan_in', 'fan_in->fan_in']",2,0,1.0,True,"[322, 329]"
TRAJ2318,8,2,1,1,1,fan_in,fan_in,['fan_in->fan_in'],1,0,1.0,True,"[322, 329]"
TRAJ2319,9,3,2,2,2,rapid_pass_through,fan_in,['fan_in->fan_in'],1,1,1.5,True,"[324, 333]"
TRAJ2320,6,2,1,1,1,fan_in,fan_in,['fan_in->fan_in'],1,0,1.0,True,"[323, 330]"
TRAJ2321,14,2,1,1,1,fan_in,fan_in,['fan_in->fan_in'],1,0,1.0,True,"[323, 330]"
TRAJ2322,8,2,1,1,1,fan_in,fan_in,['fan_in->fan_in'],1,0,1.0,True,"[323, 326]"
TRAJ2323,7,2,1,1,1,fan_in,fan_in,['fan_in->fan_in'],1,0,1.0,True,"[324, 331]"
TRAJ2324,14,4,1,2,2,fan_in,fan_in,"['fan_in->fan_in', 'fan_in->fan_in', 'fan_in->fan_in']",3,0,1.0,True,"[324, 332]"
TRAJ2325,20,5,1,2,2,fan_in,fan_in,"['fan_in->fan_in', 'fan_in->fan_in', 'fan_in->fan_in', 'fan_in->fan_in']",4,0,1.0,True,"[324, 334]"
TRAJ2326,16,6,2,3,3,fan_in,rapid_pass_through,"['fan_in->fan_in', 'fan_in->fan_in']",2,1,1.5,True,"[324, 340]"
TRAJ2327,17,4,1,2,2,fan_in,fan_in,"['fan_in->fan_in', 'fan_in->fan_in', 'fan_in->fan_in']",3,0,1.0,True,"[324, 332]"
TRAJ2328,12,7,3,1,1,fan_in,rapid_pass_through,"['fan_in->fan_in', 'fan_in->fan_in', 'fan_in->circular_flow', 'circular_flow->circular_flow']",4,2,4.5,True,"[325, 341]"
TRAJ2329,10,3,1,2,2,fan_in,fan_in,"['fan_in->fan_in', 'fan_in->fan_in']",2,0,1.0,True,"[325, 333]"
TRAJ2330,9,2,1,1,1,fan_in,fan_in,['fan_in->fan_in'],1,0,1.0,True,"[325, 327]"
TRAJ2331,8,2,1,1,1,fan_in,fan_in,['fan_in->fan_in'],1,0,1.0,True,"[326, 333]"
TRAJ2332,6,2,1,1,1,fan_in,fan_in,['fan_in->fan_in'],1,0,1.0,True,"[326, 333]"
TRAJ2333,7,2,1,1,1,fan_in,fan_in,['fan_in->fan_in'],1,0,1.0,True,"[326, 333]"
TRAJ2334,8,2,1,1,1,fan_in,fan_in,['fan_in->fan_in'],1,0,1.0,True,"[326, 333]"
TRAJ2335,12,5,2,2,2,fan_in,fan_in,"['fan_in->fan_in', 'fan_in->fan_in', 'fan_in->fan_in']",3,1,1.5,True,"[326, 334]"
TRAJ2336,29,16,4,4,4,rapid_pass_through,rapid_pass_through,"['fan_in->circular_flow', 'circular_flow->circular_flow', 'circular_flow->layering', 'layering->fan_in', 'fan_in->layering', 'layering->layering', 'layering->fan_in', 'fan_in->circular_flow', 'circular_flow->fan_in']",9,3,6.5,True,"[327, 348]"
TRAJ2337,10,5,2,1,1,rapid_pass_through,rapid_pass_through,['fan_in->fan_in'],1,1,1.5,True,"[328, 342]"
TRAJ2338,8,2,1,1,1,fan_in,fan_in,['fan_in->fan_in'],1,0,1.0,True,"[327, 334]"
TRAJ2339,7,2,1,1,1,fan_in,fan_in,['fan_in->fan_in'],1,0,1.0,True,"[327, 334]"
TRAJ2340,7,2,1,1,1,fan_in,fan_in,['fan_in->fan_in'],1,0,1.0,True,"[328, 335]"
TRAJ2341,11,4,2,1,1,fan_in,rapid_pass_through,['fan_in->fan_in'],1,1,1.5,True,"[328, 337]"
TRAJ2342,7,2,1,1,1,fan_in,fan_in,['fan_in->fan_in'],1,0,1.0,True,"[328, 335]"
TRAJ2343,12,4,2,1,1,fan_in,rapid_pass_through,['fan_in->fan_in'],1,1,1.5,True,"[328, 337]"
TRAJ2344,8,2,1,1,1,fan_in,fan_in,['fan_in->fan_in'],1,0,1.0,True,"[328, 335]"
TRAJ2345,9,2,1,1,1,fan_in,fan_in,['fan_in->fan_in'],1,0,1.0,True,"[328, 335]"
TRAJ2346,17,5,2,2,2,fan_in,fan_in,"['fan_in->fan_in', 'fan_in->fan_in', 'fan_in->fan_in']",3,1,1.5,True,"[329, 339]"
TRAJ2347,21,4,1,1,1,fan_in,fan_in,"['fan_in->fan_in', 'fan_in->fan_in', 'fan_in->fan_in']",3,0,1.0,True,"[329, 338]"
TRAJ2348,15,3,1,1,1,fan_in,fan_in,"['fan_in->fan_in', 'fan_in->fan_in']",2,0,1.0,True,"[329, 338]"
TRAJ2349,16,5,2,1,1,fan_in,rapid_pass_through,"['fan_in->fan_in', 'fan_in->fan_in']",2,1,1.5,True,"[329, 343]"
TRAJ2350,9,4,2,1,1,fan_in,rapid_pass_through,['fan_in->fan_in'],1,1,1.5,True,"[329, 338]"
TRAJ2351,7,2,1,1,1,fan_in,fan_in,['fan_in->fan_in'],1,0,1.0,True,"[329, 336]"
TRAJ2352,9,2,1,1,1,fan_in,fan_in,['fan_in->fan_in'],1,0,1.0,True,"[330, 337]"
TRAJ2353,11,4,2,1,1,fan_in,rapid_pass_through,['fan_in->fan_in'],1,1,1.5,True,"[330, 342]"
TRAJ2354,7,2,1,1,1,fan_in,fan_in,['fan_in->fan_in'],1,0,1.0,True,"[330, 337]"
TRAJ2355,18,3,1,1,1,fan_in,fan_in,"['fan_in->fan_in', 'fan_in->fan_in']",2,0,1.0,True,"[330, 337]"
TRAJ2356,8,2,1,1,1,fan_in,fan_in,['fan_in->fan_in'],1,0,1.0,True,"[330, 337]"
TRAJ2357,6,2,1,1,1,fan_in,fan_in,['fan_in->fan_in'],1,0,1.0,True,"[330, 337]"
TRAJ2358,8,2,2,1,1,fan_in,layering,['fan_in->layering'],1,1,3.0,True,"[330, 335]"
TRAJ2359,7,2,1,1,1,fan_in,fan_in,['fan_in->fan_in'],1,0,1.0,True,"[330, 337]"
TRAJ2360,7,2,1,1,1,fan_in,fan_in,['fan_in->fan_in'],1,0,1.0,True,"[330, 337]"
TRAJ2361,9,2,1,2,2,fan_in,fan_in,['fan_in->fan_in'],1,0,1.0,True,"[331, 332]"
TRAJ2362,6,2,1,1,1,fan_in,fan_in,['fan_in->fan_in'],1,0,1.0,True,"[331, 338]"
TRAJ2363,15,4,1,2,2,fan_in,fan_in,"['fan_in->fan_in', 'fan_in->fan_in', 'fan_in->fan_in']",3,0,1.0,True,"[331, 341]"
TRAJ2364,10,4,2,1,1,fan_in,rapid_pass_through,['fan_in->fan_in'],1,1,1.5,True,"[331, 340]"
TRAJ2365,11,4,1,2,2,fan_in,fan_in,"['fan_in->fan_in', 'fan_in->fan_in', 'fan_in->fan_in']",3,0,1.0,True,"[331, 339]"
TRAJ2366,10,3,2,1,1,rapid_pass_through,fan_in,['fan_in->fan_in'],1,1,1.5,True,"[331, 345]"
TRAJ2367,6,2,1,1,1,fan_in,fan_in,['fan_in->fan_in'],1,0,1.0,True,"[332, 339]"
TRAJ2368,7,2,1,1,1,fan_in,fan_in,['fan_in->fan_in'],1,0,1.0,True,"[332, 339]"
TRAJ2369,9,2,1,1,1,fan_in,fan_in,['fan_in->fan_in'],1,0,1.0,True,"[332, 335]"
TRAJ2370,12,4,2,1,1,fan_in,rapid_pass_through,['fan_in->fan_in'],1,1,1.5,True,"[333, 342]"
TRAJ2371,17,4,1,1,1,fan_in,fan_in,"['fan_in->fan_in', 'fan_in->fan_in', 'fan_in->fan_in']",3,0,1.0,True,"[333, 343]"
TRAJ2372,7,2,1,1,1,fan_in,fan_in,['fan_in->fan_in'],1,0,1.0,True,"[333, 340]"
TRAJ2373,8,3,2,1,1,fan_in,fan_in,['fan_in->fan_in'],1,1,1.5,True,"[334, 341]"
TRAJ2374,7,2,1,1,1,fan_in,fan_in,['fan_in->fan_in'],1,0,1.0,True,"[334, 341]"
TRAJ2375,9,2,1,1,1,fan_in,fan_in,['fan_in->fan_in'],1,0,1.0,True,"[334, 341]"
TRAJ2376,15,3,1,1,1,fan_in,fan_in,"['fan_in->fan_in', 'fan_in->fan_in']",2,0,1.0,True,"[334, 341]"
TRAJ2377,7,2,1,1,1,fan_in,fan_in,['fan_in->fan_in'],1,0,1.0,True,"[334, 341]"
TRAJ2378,9,4,2,1,1,fan_in,rapid_pass_through,['fan_in->fan_in'],1,1,1.5,True,"[334, 343]"
TRAJ2379,10,2,1,1,1,fan_in,fan_in,['fan_in->fan_in'],1,0,1.0,True,"[335, 342]"
TRAJ2380,6,2,1,1,1,fan_in,fan_in,['fan_in->fan_in'],1,0,1.0,True,"[335, 342]"
TRAJ2381,7,2,1,1,1,fan_in,fan_in,['fan_in->fan_in'],1,0,1.0,True,"[335, 342]"
TRAJ2382,9,5,2,1,1,fan_in,rapid_pass_through,['fan_in->fan_in'],1,1,1.5,True,"[335, 351]"
TRAJ2383,13,3,1,1,1,fan_in,fan_in,"['fan_in->fan_in', 'fan_in->fan_in']",2,0,1.0,True,"[335, 342]"
TRAJ2384,14,5,2,1,1,fan_in,rapid_pass_through,"['fan_in->fan_in', 'fan_in->fan_in']",2,1,1.5,True,"[335, 347]"
TRAJ2385,10,4,3,1,1,fan_in,rapid_pass_through,"['fan_in->fan_in', 'fan_in->circular_flow']",2,2,4.5,True,"[335, 349]"
TRAJ2386,7,4,2,1,1,fan_in,rapid_pass_through,['fan_in->fan_in'],1,1,1.5,True,"[336, 345]"
TRAJ2387,16,3,1,1,1,fan_in,fan_in,"['fan_in->fan_in', 'fan_in->fan_in']",2,0,1.0,True,"[336, 343]"
TRAJ2388,12,3,1,2,2,fan_in,fan_in,"['fan_in->fan_in', 'fan_in->fan_in']",2,0,1.0,True,"[336, 343]"
TRAJ2389,9,2,1,1,1,fan_in,fan_in,['fan_in->fan_in'],1,0,1.0,True,"[336, 343]"
TRAJ2390,8,2,1,1,1,fan_in,fan_in,['fan_in->fan_in'],1,0,1.0,True,"[336, 343]"
TRAJ2391,13,3,1,1,1,fan_in,fan_in,"['fan_in->fan_in', 'fan_in->fan_in']",2,0,1.0,True,"[336, 343]"
TRAJ2392,8,2,1,1,1,fan_in,fan_in,['fan_in->fan_in'],1,0,1.0,True,"[336, 343]"
TRAJ2393,16,6,3,1,1,rapid_pass_through,rapid_pass_through,"['fan_in->fan_in', 'fan_in->repeated_intermediary']",2,2,3.5,True,"[338, 347]"
TRAJ2394,10,5,2,1,1,rapid_pass_through,rapid_pass_through,['fan_in->fan_in'],1,1,1.5,True,"[338, 352]"
TRAJ2395,12,3,1,1,1,fan_in,fan_in,"['fan_in->fan_in', 'fan_in->fan_in']",2,0,1.0,True,"[337, 344]"
TRAJ2396,9,3,1,1,1,fan_in,fan_in,"['fan_in->fan_in', 'fan_in->fan_in']",2,0,1.0,True,"[337, 347]"
TRAJ2397,18,4,1,1,1,fan_in,fan_in,"['fan_in->fan_in', 'fan_in->fan_in', 'fan_in->fan_in']",3,0,1.0,True,"[337, 346]"
TRAJ2398,8,2,1,1,1,fan_in,fan_in,['fan_in->fan_in'],1,0,1.0,True,"[337, 344]"
TRAJ2399,9,2,1,1,1,fan_in,fan_in,['fan_in->fan_in'],1,0,1.0,True,"[337, 344]"
TRAJ2400,10,4,2,1,1,fan_in,rapid_pass_through,['fan_in->fan_in'],1,1,1.5,True,"[337, 351]"
TRAJ2401,9,5,2,1,1,fan_in,rapid_pass_through,['fan_in->fan_in'],1,1,1.5,True,"[337, 353]"
TRAJ2402,7,2,1,1,1,fan_in,fan_in,['fan_in->fan_in'],1,0,1.0,True,"[337, 344]"
TRAJ2403,14,2,1,1,1,fan_in,fan_in,['fan_in->fan_in'],1,0,1.0,True,"[337, 344]"
TRAJ2404,13,6,2,3,3,fan_in,rapid_pass_through,"['fan_in->fan_in', 'fan_in->fan_in']",2,1,1.5,True,"[338, 354]"
TRAJ2405,18,6,2,2,2,rapid_pass_through,fan_in,"['fan_in->fan_in', 'fan_in->fan_in', 'fan_in->fan_in']",3,1,1.5,True,"[340, 347]"
TRAJ2406,18,5,2,1,1,fan_in,rapid_pass_through,"['fan_in->fan_in', 'fan_in->fan_in']",2,1,1.5,True,"[339, 348]"
TRAJ2407,13,3,1,1,1,fan_in,fan_in,"['fan_in->fan_in', 'fan_in->fan_in']",2,0,1.0,True,"[339, 348]"
TRAJ2408,11,2,1,2,2,fan_in,fan_in,['fan_in->fan_in'],1,0,1.0,True,"[339, 340]"
TRAJ2409,16,6,2,1,1,fan_in,rapid_pass_through,"['fan_in->fan_in', 'fan_in->fan_in']",2,1,1.5,True,"[339, 358]"
TRAJ2410,10,3,1,1,1,fan_in,fan_in,"['fan_in->fan_in', 'fan_in->fan_in']",2,0,1.0,True,"[339, 349]"
TRAJ2411,6,2,1,1,1,fan_in,fan_in,['fan_in->fan_in'],1,0,1.0,True,"[340, 347]"
TRAJ2412,10,3,1,2,2,fan_in,fan_in,"['fan_in->fan_in', 'fan_in->fan_in']",2,0,1.0,True,"[340, 348]"
TRAJ2413,9,3,2,1,1,fan_in,fan_in,['fan_in->fan_in'],1,1,1.5,True,"[340, 347]"
TRAJ2414,6,2,1,1,1,fan_in,fan_in,['fan_in->fan_in'],1,0,1.0,True,"[341, 348]"
TRAJ2415,9,2,1,1,1,fan_in,fan_in,['fan_in->fan_in'],1,0,1.0,True,"[341, 348]"
TRAJ2416,8,2,1,1,1,fan_in,fan_in,['fan_in->fan_in'],1,0,1.0,True,"[341, 348]"
TRAJ2417,8,2,1,1,1,fan_in,fan_in,['fan_in->fan_in'],1,0,1.0,True,"[341, 348]"
TRAJ2418,9,2,1,1,1,fan_in,fan_in,['fan_in->fan_in'],1,0,1.0,True,"[342, 349]"
TRAJ2419,11,4,2,1,1,fan_in,rapid_pass_through,['fan_in->fan_in'],1,1,1.5,True,"[342, 351]"
TRAJ2420,8,2,1,1,1,fan_in,fan_in,['fan_in->fan_in'],1,0,1.0,True,"[342, 349]"
TRAJ2421,6,2,1,1,1,fan_in,fan_in,['fan_in->fan_in'],1,0,1.0,True,"[342, 349]"
TRAJ2422,7,2,1,1,1,fan_in,fan_in,['fan_in->fan_in'],1,0,1.0,True,"[342, 349]"
TRAJ2423,10,2,1,1,1,fan_in,fan_in,['fan_in->fan_in'],1,0,1.0,True,"[342, 349]"
TRAJ2424,8,2,1,1,1,fan_in,fan_in,['fan_in->fan_in'],1,0,1.0,True,"[342, 349]"
TRAJ2425,24,9,2,3,3,rapid_pass_through,rapid_pass_through,"['fan_in->fan_in', 'fan_in->fan_in', 'fan_in->fan_in', 'fan_in->fan_in']",4,1,1.5,True,"[344, 363]"
TRAJ2426,8,2,1,1,1,fan_in,fan_in,['fan_in->fan_in'],1,0,1.0,True,"[343, 350]"
TRAJ2427,18,4,1,1,1,fan_in,fan_in,"['fan_in->fan_in', 'fan_in->fan_in', 'fan_in->fan_in']",3,0,1.0,True,"[343, 353]"
TRAJ2428,10,2,1,1,1,fan_in,fan_in,['fan_in->fan_in'],1,0,1.0,True,"[343, 350]"
TRAJ2429,9,2,1,1,1,fan_in,fan_in,['fan_in->fan_in'],1,0,1.0,True,"[343, 350]"
TRAJ2430,10,4,2,1,1,fan_in,rapid_pass_through,['fan_in->fan_in'],1,1,1.5,True,"[343, 352]"
TRAJ2431,8,2,1,1,1,fan_in,fan_in,['fan_in->fan_in'],1,0,1.0,True,"[344, 351]"
TRAJ2432,8,2,1,1,1,fan_in,fan_in,['fan_in->fan_in'],1,0,1.0,True,"[344, 351]"
TRAJ2433,18,3,1,1,1,fan_in,fan_in,"['fan_in->fan_in', 'fan_in->fan_in']",2,0,1.0,True,"[344, 353]"
TRAJ2434,8,2,1,1,1,fan_in,fan_in,['fan_in->fan_in'],1,0,1.0,True,"[344, 351]"
TRAJ2435,8,2,1,1,1,fan_in,fan_in,['fan_in->fan_in'],1,0,1.0,True,"[344, 351]"
TRAJ2436,8,3,2,2,2,fan_in,fan_in,['fan_in->fan_in'],1,1,1.5,True,"[344, 351]"
TRAJ2437,6,2,1,1,1,fan_in,fan_in,['fan_in->fan_in'],1,0,1.0,True,"[344, 351]"
TRAJ2438,15,6,2,1,1,fan_in,rapid_pass_through,"['fan_in->fan_in', 'fan_in->fan_in']",2,1,1.5,True,"[345, 361]"
TRAJ2439,9,2,1,1,1,fan_in,fan_in,['fan_in->fan_in'],1,0,1.0,True,"[345, 352]"
TRAJ2440,29,5,1,1,1,fan_in,fan_in,"['fan_in->fan_in', 'fan_in->fan_in', 'fan_in->fan_in', 'fan_in->fan_in']",4,0,1.0,True,"[345, 355]"
TRAJ2441,7,2,1,1,1,fan_in,fan_in,['fan_in->fan_in'],1,0,1.0,True,"[345, 352]"
TRAJ2442,8,2,1,1,1,fan_in,fan_in,['fan_in->fan_in'],1,0,1.0,True,"[345, 352]"
TRAJ2443,15,5,2,1,1,rapid_pass_through,rapid_pass_through,"['fan_in->fan_in', 'fan_in->fan_in']",2,1,1.5,True,"[347, 361]"
TRAJ2444,10,2,1,1,1,fan_in,fan_in,['fan_in->fan_in'],1,0,1.0,True,"[346, 353]"
TRAJ2445,9,2,1,1,1,fan_in,fan_in,['fan_in->fan_in'],1,0,1.0,True,"[346, 353]"
TRAJ2446,9,2,1,1,1,fan_in,fan_in,['fan_in->fan_in'],1,0,1.0,True,"[346, 353]"
TRAJ2447,10,2,1,1,1,fan_in,fan_in,['fan_in->fan_in'],1,0,1.0,True,"[346, 353]"
TRAJ2448,7,2,1,1,1,fan_in,fan_in,['fan_in->fan_in'],1,0,1.0,True,"[346, 353]"
TRAJ2449,5,2,1,1,1,fan_in,fan_in,['fan_in->fan_in'],1,0,1.0,True,"[346, 353]"
TRAJ2450,9,2,1,1,1,fan_in,fan_in,['fan_in->fan_in'],1,0,1.0,True,"[347, 354]"
TRAJ2451,10,4,2,1,1,fan_in,rapid_pass_through,['fan_in->fan_in'],1,1,1.5,True,"[347, 356]"
TRAJ2452,9,2,1,1,1,fan_in,fan_in,['fan_in->fan_in'],1,0,1.0,True,"[347, 354]"
TRAJ2453,12,3,2,2,2,fan_in,fan_in,['fan_in->fan_in'],1,1,1.5,True,"[347, 355]"
TRAJ2454,15,6,2,2,2,rapid_pass_through,rapid_pass_through,"['fan_in->fan_in', 'fan_in->fan_in']",2,1,1.5,True,"[349, 363]"
TRAJ2455,12,5,2,1,1,rapid_pass_through,rapid_pass_through,['fan_in->fan_in'],1,1,1.5,True,"[349, 363]"
TRAJ2456,8,2,1,1,1,fan_in,fan_in,['fan_in->fan_in'],1,0,1.0,True,"[348, 355]"
TRAJ2457,24,4,1,3,3,fan_in,fan_in,"['fan_in->fan_in', 'fan_in->fan_in', 'fan_in->fan_in']",3,0,1.0,True,"[348, 356]"
TRAJ2458,12,2,1,1,1,fan_in,fan_in,['fan_in->fan_in'],1,0,1.0,True,"[348, 355]"
TRAJ2459,15,8,2,1,1,rapid_pass_through,rapid_pass_through,"['fan_in->fan_in', 'fan_in->fan_in', 'fan_in->fan_in']",3,1,1.5,True,"[350, 371]"
TRAJ2460,15,7,2,1,1,rapid_pass_through,rapid_pass_through,['fan_in->fan_in'],1,1,1.5,True,"[350, 371]"
TRAJ2461,9,2,1,1,1,fan_in,fan_in,['fan_in->fan_in'],1,0,1.0,True,"[349, 356]"
TRAJ2462,8,2,1,1,1,fan_in,fan_in,['fan_in->fan_in'],1,0,1.0,True,"[349, 356]"
TRAJ2463,19,6,2,1,1,fan_in,rapid_pass_through,"['fan_in->fan_in', 'fan_in->fan_in', 'fan_in->fan_in']",3,1,1.5,True,"[349, 361]"
TRAJ2464,12,5,2,1,1,fan_in,rapid_pass_through,['fan_in->fan_in'],1,1,1.5,True,"[350, 364]"
TRAJ2465,9,2,1,1,1,fan_in,fan_in,['fan_in->fan_in'],1,0,1.0,True,"[350, 357]"
TRAJ2466,13,3,1,2,2,fan_in,fan_in,"['fan_in->fan_in', 'fan_in->fan_in']",2,0,1.0,True,"[350, 357]"
TRAJ2467,10,2,1,1,1,fan_in,fan_in,['fan_in->fan_in'],1,0,1.0,True,"[350, 357]"
TRAJ2468,11,2,1,1,1,fan_in,fan_in,['fan_in->fan_in'],1,0,1.0,True,"[350, 355]"
TRAJ2469,14,4,1,1,1,fan_in,fan_in,"['fan_in->fan_in', 'fan_in->fan_in', 'fan_in->fan_in']",3,0,1.0,True,"[350, 359]"
TRAJ2470,6,2,1,1,1,fan_in,fan_in,['fan_in->fan_in'],1,0,1.0,True,"[350, 357]"
TRAJ2471,10,2,1,1,1,fan_in,fan_in,['fan_in->fan_in'],1,0,1.0,True,"[351, 358]"
TRAJ2472,11,2,1,1,1,fan_in,fan_in,['fan_in->fan_in'],1,0,1.0,True,"[351, 358]"
TRAJ2473,7,2,1,1,1,fan_in,fan_in,['fan_in->fan_in'],1,0,1.0,True,"[351, 358]"
TRAJ2474,11,4,3,1,1,rapid_pass_through,fan_in,"['circular_flow->fan_in', 'fan_in->fan_in']",2,2,4.5,True,"[351, 365]"
TRAJ2475,10,6,2,1,1,rapid_pass_through,rapid_pass_through,['fan_in->fan_in'],1,1,1.5,True,"[353, 374]"
TRAJ2476,17,5,2,2,2,fan_in,rapid_pass_through,"['fan_in->fan_in', 'fan_in->fan_in']",2,1,1.5,True,"[352, 362]"
TRAJ2477,7,2,1,1,1,fan_in,fan_in,['fan_in->fan_in'],1,0,1.0,True,"[352, 359]"
TRAJ2478,11,4,2,1,1,fan_in,rapid_pass_through,['fan_in->fan_in'],1,1,1.5,True,"[352, 361]"
TRAJ2479,8,2,1,2,2,fan_in,fan_in,['fan_in->fan_in'],1,0,1.0,True,"[352, 353]"
TRAJ2480,22,9,2,4,4,rapid_pass_through,fan_in,"['fan_in->fan_in', 'fan_in->fan_in', 'fan_in->fan_in', 'fan_in->fan_in', 'fan_in->fan_in']",5,1,1.5,True,"[354, 368]"
TRAJ2481,11,6,2,1,1,rapid_pass_through,rapid_pass_through,['fan_in->fan_in'],1,1,1.5,True,"[354, 375]"
TRAJ2482,15,3,1,1,1,fan_in,fan_in,"['fan_in->fan_in', 'fan_in->fan_in']",2,0,1.0,True,"[353, 363]"
TRAJ2483,7,2,1,1,1,fan_in,fan_in,['fan_in->fan_in'],1,0,1.0,True,"[353, 360]"
TRAJ2484,11,3,1,2,2,fan_in,fan_in,"['fan_in->fan_in', 'fan_in->fan_in']",2,0,1.0,True,"[354, 362]"
TRAJ2485,14,3,1,1,1,fan_in,fan_in,"['fan_in->fan_in', 'fan_in->fan_in']",2,0,1.0,True,"[354, 363]"
TRAJ2486,7,3,2,1,1,fan_in,fan_in,"['fan_in->circular_flow', 'circular_flow->fan_in']",2,1,4.0,True,"[354, 361]"
TRAJ2487,5,2,1,1,1,fan_in,fan_in,['fan_in->fan_in'],1,0,1.0,True,"[355, 362]"
TRAJ2488,8,2,1,1,1,fan_in,fan_in,['fan_in->fan_in'],1,0,1.0,True,"[355, 362]"
TRAJ2489,9,2,1,1,1,fan_in,fan_in,['fan_in->fan_in'],1,0,1.0,True,"[355, 362]"
TRAJ2490,9,2,1,1,1,fan_in,fan_in,['fan_in->fan_in'],1,0,1.0,True,"[356, 363]"
TRAJ2491,25,6,2,3,3,fan_in,fan_in,"['fan_in->fan_in', 'fan_in->fan_in', 'fan_in->fan_in']",3,1,1.5,True,"[356, 365]"
TRAJ2492,9,2,1,1,1,fan_in,fan_in,['fan_in->fan_in'],1,0,1.0,True,"[356, 363]"
TRAJ2493,7,2,1,1,1,fan_in,fan_in,['fan_in->fan_in'],1,0,1.0,True,"[356, 363]"
TRAJ2494,8,2,1,1,1,fan_in,fan_in,['fan_in->fan_in'],1,0,1.0,True,"[356, 363]"
TRAJ2495,12,5,2,2,2,rapid_pass_through,fan_in,"['fan_in->fan_in', 'fan_in->fan_in']",2,1,1.5,True,"[358, 366]"
TRAJ2496,10,4,2,1,1,rapid_pass_through,rapid_pass_through,['fan_in->fan_in'],1,1,1.5,True,"[358, 365]"
TRAJ2497,11,5,2,2,2,rapid_pass_through,rapid_pass_through,['fan_in->fan_in'],1,1,1.5,True,"[358, 372]"
TRAJ2498,16,3,1,1,1,fan_in,fan_in,"['fan_in->fan_in', 'fan_in->fan_in']",2,0,1.0,True,"[357, 367]"
TRAJ2499,9,2,1,1,1,fan_in,fan_in,['fan_in->fan_in'],1,0,1.0,True,"[357, 364]"
TRAJ2500,18,4,1,1,1,fan_in,fan_in,"['fan_in->fan_in', 'fan_in->fan_in', 'fan_in->fan_in']",3,0,1.0,True,"[357, 367]"
TRAJ2501,9,5,2,1,1,fan_in,rapid_pass_through,['fan_in->fan_in'],1,1,1.5,True,"[357, 372]"
TRAJ2502,11,2,1,2,2,fan_in,fan_in,['fan_in->fan_in'],1,0,1.0,True,"[358, 359]"
TRAJ2503,8,2,1,1,1,fan_in,fan_in,['fan_in->fan_in'],1,0,1.0,True,"[358, 365]"
TRAJ2504,12,3,1,1,1,fan_in,fan_in,"['fan_in->fan_in', 'fan_in->fan_in']",2,0,1.0,True,"[358, 365]"
TRAJ2505,11,2,1,1,1,fan_in,fan_in,['fan_in->fan_in'],1,0,1.0,True,"[358, 365]"
TRAJ2506,9,2,1,1,1,fan_in,fan_in,['fan_in->fan_in'],1,0,1.0,True,"[358, 361]"
TRAJ2507,8,3,2,1,1,fan_in,fan_in,['fan_in->fan_in'],1,1,1.5,True,"[358, 365]"
TRAJ2508,9,4,2,2,2,fan_in,rapid_pass_through,['fan_in->fan_in'],1,1,1.5,True,"[358, 366]"
TRAJ2509,17,6,2,3,3,rapid_pass_through,fan_in,"['fan_in->fan_in', 'fan_in->fan_in', 'fan_in->fan_in']",3,1,1.5,True,"[359, 368]"
TRAJ2510,14,6,2,3,3,rapid_pass_through,rapid_pass_through,['fan_in->fan_in'],1,1,1.5,True,"[360, 374]"
TRAJ2511,18,4,1,1,1,fan_in,fan_in,"['fan_in->fan_in', 'fan_in->fan_in', 'fan_in->fan_in']",3,0,1.0,True,"[359, 368]"
TRAJ2512,9,2,1,1,1,fan_in,fan_in,['fan_in->fan_in'],1,0,1.0,True,"[359, 366]"
TRAJ2513,11,4,2,1,1,fan_in,rapid_pass_through,['fan_in->fan_in'],1,1,1.5,True,"[359, 372]"
TRAJ2514,14,4,1,2,2,fan_in,fan_in,"['fan_in->fan_in', 'fan_in->fan_in', 'fan_in->fan_in']",3,0,1.0,True,"[359, 369]"
TRAJ2515,19,8,2,2,2,rapid_pass_through,rapid_pass_through,"['fan_in->fan_in', 'fan_in->fan_in', 'fan_in->fan_in']",3,1,1.5,True,"[361, 382]"
TRAJ2516,10,2,1,1,1,fan_in,fan_in,['fan_in->fan_in'],1,0,1.0,True,"[360, 367]"
TRAJ2517,8,2,1,1,1,fan_in,fan_in,['fan_in->fan_in'],1,0,1.0,True,"[360, 367]"
TRAJ2518,8,2,1,1,1,fan_in,fan_in,['fan_in->fan_in'],1,0,1.0,True,"[360, 367]"
TRAJ2519,6,2,1,1,1,fan_in,fan_in,['fan_in->fan_in'],1,0,1.0,True,"[360, 367]"
TRAJ2520,10,2,1,1,1,fan_in,fan_in,['fan_in->fan_in'],1,0,1.0,True,"[360, 367]"
TRAJ2521,8,2,1,1,1,fan_in,fan_in,['fan_in->fan_in'],1,0,1.0,True,"[361, 365]"
TRAJ2522,7,2,1,1,1,fan_in,fan_in,['fan_in->fan_in'],1,0,1.0,True,"[361, 368]"
TRAJ2523,8,2,1,1,1,fan_in,fan_in,['fan_in->fan_in'],1,0,1.0,True,"[361, 368]"
TRAJ2524,9,2,1,1,1,fan_in,fan_in,['fan_in->fan_in'],1,0,1.0,True,"[361, 368]"
TRAJ2525,11,4,2,1,1,fan_in,rapid_pass_through,['fan_in->fan_in'],1,1,1.5,True,"[361, 370]"
TRAJ2526,11,4,1,1,1,fan_in,fan_in,"['fan_in->fan_in', 'fan_in->fan_in', 'fan_in->fan_in']",3,0,1.0,True,"[361, 371]"
TRAJ2527,6,2,1,1,1,fan_in,fan_in,['fan_in->fan_in'],1,0,1.0,True,"[361, 368]"
TRAJ2528,8,2,1,1,1,fan_in,fan_in,['fan_in->fan_in'],1,0,1.0,True,"[362, 369]"
TRAJ2529,9,2,1,1,1,fan_in,fan_in,['fan_in->fan_in'],1,0,1.0,True,"[362, 369]"
TRAJ2530,9,2,1,1,1,fan_in,fan_in,['fan_in->fan_in'],1,0,1.0,True,"[362, 369]"
TRAJ2531,11,2,1,1,1,fan_in,fan_in,['fan_in->fan_in'],1,0,1.0,True,"[362, 369]"
TRAJ2532,10,2,1,1,1,fan_in,fan_in,['fan_in->fan_in'],1,0,1.0,True,"[362, 369]"
TRAJ2533,10,2,1,1,1,fan_in,fan_in,['fan_in->fan_in'],1,0,1.0,True,"[362, 369]"
TRAJ2534,8,2,1,1,1,fan_in,fan_in,['fan_in->fan_in'],1,0,1.0,True,"[362, 369]"
TRAJ2535,9,2,1,1,1,fan_in,fan_in,['fan_in->fan_in'],1,0,1.0,True,"[363, 370]"
TRAJ2536,6,2,1,1,1,fan_in,fan_in,['fan_in->fan_in'],1,0,1.0,True,"[363, 370]"
TRAJ2537,15,6,2,1,1,fan_in,rapid_pass_through,"['fan_in->fan_in', 'fan_in->fan_in']",2,1,1.5,True,"[363, 382]"
TRAJ2538,21,6,2,3,3,rapid_pass_through,fan_in,"['fan_in->fan_in', 'fan_in->fan_in', 'fan_in->fan_in']",3,1,1.5,True,"[364, 372]"
TRAJ2539,15,5,2,1,1,rapid_pass_through,rapid_pass_through,['fan_in->fan_in'],1,1,1.5,True,"[365, 379]"
TRAJ2540,16,6,2,1,1,fan_in,fan_in,"['fan_in->fan_in', 'fan_in->fan_in', 'fan_in->fan_in']",3,1,1.5,True,"[364, 373]"
TRAJ2541,6,2,1,1,1,fan_in,fan_in,['fan_in->fan_in'],1,0,1.0,True,"[364, 371]"
TRAJ2542,25,6,2,3,3,fan_in,rapid_pass_through,"['fan_in->fan_in', 'fan_in->fan_in', 'fan_in->fan_in']",3,1,1.5,True,"[364, 375]"
TRAJ2543,7,2,1,1,1,fan_in,fan_in,['fan_in->fan_in'],1,0,1.0,True,"[364, 371]"
TRAJ2544,18,6,2,3,3,fan_in,fan_in,"['fan_in->fan_in', 'fan_in->fan_in', 'fan_in->fan_in', 'fan_in->fan_in']",4,1,1.5,True,"[364, 374]"
TRAJ2545,17,4,2,1,1,fan_in,fan_in,"['fan_in->fan_in', 'fan_in->fan_in']",2,1,1.5,True,"[365, 372]"
TRAJ2546,9,2,1,1,1,fan_in,fan_in,['fan_in->fan_in'],1,0,1.0,True,"[365, 372]"
TRAJ2547,11,2,1,1,1,fan_in,fan_in,['fan_in->fan_in'],1,0,1.0,True,"[365, 372]"
TRAJ2548,9,2,1,1,1,fan_in,fan_in,['fan_in->fan_in'],1,0,1.0,True,"[366, 373]"
TRAJ2549,15,3,1,1,1,fan_in,fan_in,"['fan_in->fan_in', 'fan_in->fan_in']",2,0,1.0,True,"[366, 376]"
TRAJ2550,13,4,2,1,1,fan_in,rapid_pass_through,['fan_in->fan_in'],1,1,1.5,True,"[367, 376]"
TRAJ2551,7,2,1,1,1,fan_in,fan_in,['fan_in->fan_in'],1,0,1.0,True,"[367, 374]"
TRAJ2552,15,4,2,1,1,fan_in,rapid_pass_through,"['fan_in->fan_in', 'fan_in->fan_in']",2,1,1.5,True,"[367, 379]"
TRAJ2553,7,2,1,1,1,fan_in,fan_in,['fan_in->fan_in'],1,0,1.0,True,"[367, 374]"
TRAJ2554,6,2,1,1,1,fan_in,fan_in,['fan_in->fan_in'],1,0,1.0,True,"[367, 374]"
TRAJ2555,7,2,1,1,1,fan_in,fan_in,['fan_in->fan_in'],1,0,1.0,True,"[368, 375]"
TRAJ2556,22,5,1,3,3,fan_in,fan_in,"['fan_in->fan_in', 'fan_in->fan_in', 'fan_in->fan_in', 'fan_in->fan_in']",4,0,1.0,True,"[368, 377]"
TRAJ2557,16,3,1,2,2,fan_in,fan_in,"['fan_in->fan_in', 'fan_in->fan_in']",2,0,1.0,True,"[368, 376]"
TRAJ2558,7,2,1,1,1,fan_in,fan_in,['fan_in->fan_in'],1,0,1.0,True,"[368, 375]"
TRAJ2559,7,2,1,1,1,fan_in,fan_in,['fan_in->fan_in'],1,0,1.0,True,"[368, 375]"
TRAJ2560,10,4,2,1,1,fan_in,rapid_pass_through,['fan_in->fan_in'],1,1,1.5,True,"[369, 378]"
TRAJ2561,7,2,1,1,1,fan_in,fan_in,['fan_in->fan_in'],1,0,1.0,True,"[369, 376]"
TRAJ2562,21,4,1,3,3,fan_in,fan_in,"['fan_in->fan_in', 'fan_in->fan_in', 'fan_in->fan_in']",3,0,1.0,True,"[370, 378]"
TRAJ2563,9,4,2,1,1,fan_in,rapid_pass_through,['fan_in->fan_in'],1,1,1.5,True,"[370, 379]"
TRAJ2564,8,3,2,1,1,fan_in,fan_in,['fan_in->fan_in'],1,1,1.5,True,"[370, 377]"
TRAJ2565,6,2,1,1,1,fan_in,fan_in,['fan_in->fan_in'],1,0,1.0,True,"[370, 377]"
TRAJ2566,6,2,1,1,1,fan_in,fan_in,['fan_in->fan_in'],1,0,1.0,True,"[370, 377]"
TRAJ2567,7,2,1,1,1,fan_in,fan_in,['fan_in->fan_in'],1,0,1.0,True,"[370, 377]"
TRAJ2568,17,3,1,2,2,fan_in,fan_in,"['fan_in->fan_in', 'fan_in->fan_in']",2,0,1.0,True,"[371, 378]"
TRAJ2569,10,2,1,1,1,fan_in,fan_in,['fan_in->fan_in'],1,0,1.0,True,"[371, 377]"
TRAJ2570,7,2,1,1,1,fan_in,fan_in,['fan_in->fan_in'],1,0,1.0,True,"[371, 378]"
TRAJ2571,10,4,2,1,1,fan_in,rapid_pass_through,['fan_in->fan_in'],1,1,1.5,True,"[371, 380]"
TRAJ2572,8,2,1,1,1,fan_in,fan_in,['fan_in->fan_in'],1,0,1.0,True,"[372, 379]"
TRAJ2573,19,6,2,3,3,fan_in,fan_in,"['fan_in->fan_in', 'fan_in->fan_in', 'fan_in->fan_in']",3,1,1.5,True,"[372, 382]"
TRAJ2574,6,2,1,1,1,fan_in,fan_in,['fan_in->fan_in'],1,0,1.0,True,"[372, 379]"
TRAJ2575,8,2,1,1,1,fan_in,fan_in,['fan_in->fan_in'],1,0,1.0,True,"[372, 379]"
TRAJ2576,21,6,2,1,1,fan_in,fan_in,"['fan_in->fan_in', 'fan_in->fan_in', 'fan_in->fan_in']",3,1,1.5,True,"[372, 381]"
TRAJ2577,6,2,1,1,1,fan_in,fan_in,['fan_in->fan_in'],1,0,1.0,True,"[372, 379]"
TRAJ2578,9,4,2,2,2,fan_in,rapid_pass_through,['fan_in->fan_in'],1,1,1.5,True,"[372, 380]"
TRAJ2579,9,2,1,1,1,fan_in,fan_in,['fan_in->fan_in'],1,0,1.0,True,"[372, 374]"
TRAJ2580,18,8,3,2,2,rapid_pass_through,rapid_pass_through,"['layering->fan_in', 'fan_in->fan_in', 'fan_in->fan_in']",3,2,3.5,True,"[373, 394]"
TRAJ2581,8,2,1,1,1,fan_in,fan_in,['fan_in->fan_in'],1,0,1.0,True,"[373, 380]"
TRAJ2582,12,3,1,2,2,fan_in,fan_in,"['fan_in->fan_in', 'fan_in->fan_in']",2,0,1.0,True,"[373, 380]"
TRAJ2583,12,2,1,1,1,fan_in,fan_in,['fan_in->fan_in'],1,0,1.0,True,"[373, 380]"
TRAJ2584,11,2,1,1,1,fan_in,fan_in,['fan_in->fan_in'],1,0,1.0,True,"[373, 380]"
TRAJ2585,9,2,1,1,1,fan_in,fan_in,['fan_in->fan_in'],1,0,1.0,True,"[373, 380]"
TRAJ2586,8,2,1,1,1,fan_in,fan_in,['fan_in->fan_in'],1,0,1.0,True,"[373, 376]"
TRAJ2587,21,12,2,1,1,rapid_pass_through,rapid_pass_through,['fan_in->fan_in'],1,1,1.5,True,"[375, 396]"
TRAJ2588,13,4,1,2,2,fan_in,fan_in,"['fan_in->fan_in', 'fan_in->fan_in', 'fan_in->fan_in']",3,0,1.0,True,"[374, 382]"
TRAJ2589,5,2,1,1,1,fan_in,fan_in,['fan_in->fan_in'],1,0,1.0,True,"[374, 381]"
TRAJ2590,10,4,2,1,1,fan_in,rapid_pass_through,['fan_in->fan_in'],1,1,1.5,True,"[375, 384]"
TRAJ2591,24,5,1,3,3,fan_in,fan_in,"['fan_in->fan_in', 'fan_in->fan_in', 'fan_in->fan_in', 'fan_in->fan_in']",4,0,1.0,True,"[375, 384]"
TRAJ2592,9,2,1,2,2,fan_in,fan_in,['fan_in->fan_in'],1,0,1.0,True,"[375, 376]"
TRAJ2593,9,4,3,1,1,fan_in,rapid_pass_through,"['fan_in->fan_in', 'fan_in->circular_flow']",2,2,4.5,True,"[375, 389]"
TRAJ2594,12,2,1,1,1,fan_in,fan_in,['fan_in->fan_in'],1,0,1.0,True,"[376, 383]"
TRAJ2595,9,2,1,1,1,fan_in,fan_in,['fan_in->fan_in'],1,0,1.0,True,"[376, 383]"
TRAJ2596,10,2,1,1,1,fan_in,fan_in,['fan_in->fan_in'],1,0,1.0,True,"[377, 382]"
TRAJ2597,19,7,2,2,2,rapid_pass_through,rapid_pass_through,"['fan_in->fan_in', 'fan_in->fan_in', 'fan_in->fan_in']",3,1,1.5,True,"[379, 393]"
TRAJ2598,14,5,2,2,2,fan_in,rapid_pass_through,"['fan_in->fan_in', 'fan_in->fan_in']",2,1,1.5,True,"[378, 387]"
TRAJ2599,5,2,1,1,1,fan_in,fan_in,['fan_in->fan_in'],1,0,1.0,True,"[378, 385]"
TRAJ2600,17,5,2,3,3,fan_in,fan_in,"['fan_in->fan_in', 'fan_in->fan_in', 'fan_in->fan_in']",3,1,1.5,True,"[378, 389]"
TRAJ2601,9,2,1,1,1,fan_in,fan_in,['fan_in->fan_in'],1,0,1.0,True,"[378, 385]"
TRAJ2602,9,2,1,1,1,fan_in,fan_in,['fan_in->fan_in'],1,0,1.0,True,"[378, 385]"
TRAJ2603,10,2,1,1,1,fan_in,fan_in,['fan_in->fan_in'],1,0,1.0,True,"[378, 384]"
TRAJ2604,7,2,1,1,1,fan_in,fan_in,['fan_in->fan_in'],1,0,1.0,True,"[378, 385]"
TRAJ2605,8,2,1,1,1,fan_in,fan_in,['fan_in->fan_in'],1,0,1.0,True,"[379, 386]"
TRAJ2606,8,2,1,1,1,fan_in,fan_in,['fan_in->fan_in'],1,0,1.0,True,"[379, 386]"
TRAJ2607,10,2,1,1,1,fan_in,fan_in,['fan_in->fan_in'],1,0,1.0,True,"[379, 386]"
TRAJ2608,15,6,2,1,1,rapid_pass_through,rapid_pass_through,"['fan_in->fan_in', 'fan_in->fan_in']",2,1,1.5,True,"[380, 398]"
TRAJ2609,13,5,3,1,1,circular_flow,rapid_pass_through,"['circular_flow->fan_in', 'fan_in->fan_in']",2,2,4.5,True,"[383, 392]"
TRAJ2610,13,6,2,1,1,rapid_pass_through,rapid_pass_through,['fan_in->fan_in'],1,1,1.5,True,"[382, 403]"
TRAJ2611,12,3,1,1,1,fan_in,fan_in,"['fan_in->fan_in', 'fan_in->fan_in']",2,0,1.0,True,"[381, 388]"
TRAJ2612,9,3,2,1,1,fan_in,rapid_pass_through,['fan_in->fan_in'],1,1,1.5,True,"[381, 393]"
TRAJ2613,17,5,2,1,1,fan_in,fan_in,"['fan_in->fan_in', 'fan_in->fan_in']",2,1,1.5,True,"[381, 390]"
TRAJ2614,8,2,1,1,1,fan_in,fan_in,['fan_in->fan_in'],1,0,1.0,True,"[381, 388]"
TRAJ2615,9,2,1,1,1,fan_in,fan_in,['fan_in->fan_in'],1,0,1.0,True,"[381, 388]"
TRAJ2616,5,2,1,1,1,fan_in,fan_in,['fan_in->fan_in'],1,0,1.0,True,"[381, 388]"
TRAJ2617,7,2,1,1,1,fan_in,fan_in,['fan_in->fan_in'],1,0,1.0,True,"[381, 388]"
TRAJ2618,6,2,1,1,1,fan_in,fan_in,['fan_in->fan_in'],1,0,1.0,True,"[381, 388]"
TRAJ2619,7,2,1,1,1,fan_in,fan_in,['fan_in->fan_in'],1,0,1.0,True,"[382, 389]"
TRAJ2620,7,2,1,1,1,fan_in,fan_in,['fan_in->fan_in'],1,0,1.0,True,"[382, 389]"
TRAJ2621,8,2,1,1,1,fan_in,fan_in,['fan_in->fan_in'],1,0,1.0,True,"[382, 389]"
TRAJ2622,17,8,2,1,1,rapid_pass_through,rapid_pass_through,"['fan_in->fan_in', 'fan_in->fan_in', 'fan_in->fan_in']",3,1,1.5,True,"[384, 405]"
TRAJ2623,10,4,2,1,1,rapid_pass_through,rapid_pass_through,['fan_in->fan_in'],1,1,1.5,True,"[383, 397]"
TRAJ2624,7,2,1,1,1,fan_in,fan_in,['fan_in->fan_in'],1,0,1.0,True,"[383, 390]"
TRAJ2625,5,2,1,1,1,fan_in,fan_in,['fan_in->fan_in'],1,0,1.0,True,"[383, 390]"
TRAJ2626,8,2,1,1,1,fan_in,fan_in,['fan_in->fan_in'],1,0,1.0,True,"[383, 390]"
TRAJ2627,15,2,1,1,1,fan_in,fan_in,['fan_in->fan_in'],1,0,1.0,True,"[383, 390]"
TRAJ2628,9,2,1,1,1,fan_in,fan_in,['fan_in->fan_in'],1,0,1.0,True,"[383, 390]"
TRAJ2629,14,5,2,2,2,rapid_pass_through,fan_in,"['fan_in->fan_in', 'fan_in->fan_in']",2,1,1.5,True,"[385, 393]"
TRAJ2630,15,4,1,2,2,fan_in,fan_in,"['fan_in->fan_in', 'fan_in->fan_in', 'fan_in->fan_in']",3,0,1.0,True,"[384, 392]"
TRAJ2631,6,2,1,1,1,fan_in,fan_in,['fan_in->fan_in'],1,0,1.0,True,"[384, 391]"
TRAJ2632,9,2,1,1,1,fan_in,fan_in,['fan_in->fan_in'],1,0,1.0,True,"[384, 391]"
TRAJ2633,15,4,2,1,1,fan_in,rapid_pass_through,['fan_in->fan_in'],1,1,1.5,True,"[384, 393]"
TRAJ2634,8,2,1,1,1,fan_in,fan_in,['fan_in->fan_in'],1,0,1.0,True,"[384, 391]"
TRAJ2635,6,2,1,1,1,fan_in,fan_in,['fan_in->fan_in'],1,0,1.0,True,"[384, 391]"
TRAJ2636,7,2,1,1,1,fan_in,fan_in,['fan_in->fan_in'],1,0,1.0,True,"[384, 391]"
TRAJ2637,12,6,2,1,1,rapid_pass_through,rapid_pass_through,"['fan_in->fan_in', 'fan_in->fan_in']",2,1,1.5,True,"[386, 400]"
TRAJ2638,10,4,2,1,1,circular_flow,fan_in,"['circular_flow->circular_flow', 'circular_flow->fan_in', 'fan_in->fan_in']",3,1,4.0,True,"[388, 395]"
TRAJ2639,8,2,1,1,1,fan_in,fan_in,['fan_in->fan_in'],1,0,1.0,True,"[385, 387]"
TRAJ2640,9,2,1,1,1,fan_in,fan_in,['fan_in->fan_in'],1,0,1.0,True,"[385, 392]"
TRAJ2641,11,3,1,1,1,fan_in,fan_in,"['fan_in->fan_in', 'fan_in->fan_in']",2,0,1.0,True,"[385, 392]"
TRAJ2642,16,4,1,1,1,fan_in,fan_in,"['fan_in->fan_in', 'fan_in->fan_in', 'fan_in->fan_in']",3,0,1.0,True,"[385, 395]"
TRAJ2643,6,2,1,1,1,fan_in,fan_in,['fan_in->fan_in'],1,0,1.0,True,"[385, 392]"
TRAJ2644,9,4,2,1,1,fan_in,rapid_pass_through,['fan_in->fan_in'],1,1,1.5,True,"[385, 394]"
TRAJ2645,11,2,1,2,2,fan_in,fan_in,['fan_in->fan_in'],1,0,1.0,True,"[385, 386]"
TRAJ2646,7,2,1,1,1,fan_in,fan_in,['fan_in->fan_in'],1,0,1.0,True,"[386, 393]"
TRAJ2647,9,2,1,1,1,fan_in,fan_in,['fan_in->fan_in'],1,0,1.0,True,"[386, 393]"
TRAJ2648,8,2,1,1,1,fan_in,fan_in,['fan_in->fan_in'],1,0,1.0,True,"[386, 393]"
TRAJ2649,12,5,2,1,1,fan_in,rapid_pass_through,['fan_in->fan_in'],1,1,1.5,True,"[386, 402]"
TRAJ2650,13,3,1,1,1,fan_in,fan_in,"['fan_in->fan_in', 'fan_in->fan_in']",2,0,1.0,True,"[386, 395]"
TRAJ2651,16,5,2,3,3,fan_in,fan_in,"['fan_in->layering', 'layering->fan_in', 'fan_in->fan_in', 'fan_in->fan_in']",4,1,3.0,True,"[387, 395]"
TRAJ2652,10,4,2,1,1,fan_in,rapid_pass_through,['fan_in->fan_in'],1,1,1.5,True,"[387, 396]"
TRAJ2653,9,4,3,2,2,fan_in,rapid_pass_through,"['fan_in->fan_in', 'fan_in->circular_flow']",2,2,4.5,True,"[387, 401]"
TRAJ2654,16,4,1,2,2,fan_in,fan_in,"['fan_in->fan_in', 'fan_in->fan_in', 'fan_in->fan_in']",3,0,1.0,True,"[387, 395]"
TRAJ2655,9,2,1,1,1,fan_in,fan_in,['fan_in->fan_in'],1,0,1.0,True,"[387, 394]"
TRAJ2656,8,2,1,1,1,fan_in,fan_in,['fan_in->fan_in'],1,0,1.0,True,"[387, 394]"
TRAJ2657,9,2,1,1,1,fan_in,fan_in,['fan_in->fan_in'],1,0,1.0,True,"[388, 395]"
TRAJ2658,30,17,5,2,2,rapid_pass_through,rapid_pass_through,"['circular_flow->fan_in', 'fan_in->fan_in', 'fan_in->layering', 'layering->repeated_intermediary', 'repeated_intermediary->fan_in', 'fan_in->fan_in']",6,4,8.5,True,"[388, 413]"
TRAJ2659,6,2,1,1,1,fan_in,fan_in,['fan_in->fan_in'],1,0,1.0,True,"[389, 396]"
TRAJ2660,9,2,1,1,1,fan_in,fan_in,['fan_in->fan_in'],1,0,1.0,True,"[389, 396]"
TRAJ2661,10,5,2,1,1,fan_in,rapid_pass_through,['fan_in->fan_in'],1,1,1.5,True,"[389, 405]"
TRAJ2662,7,2,1,1,1,fan_in,fan_in,['fan_in->fan_in'],1,0,1.0,True,"[390, 397]"
TRAJ2663,16,2,1,2,2,fan_in,fan_in,['fan_in->fan_in'],1,0,1.0,True,"[390, 391]"
TRAJ2664,7,2,1,1,1,fan_in,fan_in,['fan_in->fan_in'],1,0,1.0,True,"[390, 397]"
TRAJ2665,6,2,1,1,1,fan_in,fan_in,['fan_in->fan_in'],1,0,1.0,True,"[390, 397]"
TRAJ2666,12,4,2,1,1,rapid_pass_through,rapid_pass_through,['fan_in->fan_in'],1,1,1.5,True,"[392, 399]"
TRAJ2667,6,2,1,1,1,fan_in,fan_in,['fan_in->fan_in'],1,0,1.0,True,"[391, 398]"
TRAJ2668,6,2,1,1,1,fan_in,fan_in,['fan_in->fan_in'],1,0,1.0,True,"[391, 398]"
TRAJ2669,11,6,2,1,1,rapid_pass_through,rapid_pass_through,['fan_in->fan_in'],1,1,1.5,True,"[393, 407]"
TRAJ2670,10,4,2,1,1,fan_in,rapid_pass_through,['fan_in->fan_in'],1,1,1.5,True,"[392, 401]"
TRAJ2671,6,2,1,1,1,fan_in,fan_in,['fan_in->fan_in'],1,0,1.0,True,"[392, 399]"
TRAJ2672,20,8,2,4,4,fan_in,rapid_pass_through,"['fan_in->fan_in', 'fan_in->fan_in', 'fan_in->fan_in']",3,1,1.5,True,"[392, 408]"
TRAJ2673,10,2,1,1,1,fan_in,fan_in,['fan_in->fan_in'],1,0,1.0,True,"[392, 399]"
TRAJ2674,7,2,1,1,1,fan_in,fan_in,['fan_in->fan_in'],1,0,1.0,True,"[392, 399]"
TRAJ2675,12,5,2,2,2,fan_in,fan_in,"['fan_in->fan_in', 'fan_in->fan_in']",2,1,1.5,True,"[392, 400]"
TRAJ2676,8,3,2,1,1,fan_in,rapid_pass_through,['fan_in->fan_in'],1,1,1.5,True,"[392, 403]"
TRAJ2677,9,2,1,1,1,fan_in,fan_in,['fan_in->fan_in'],1,0,1.0,True,"[392, 398]"
TRAJ2678,9,2,1,1,1,fan_in,fan_in,['fan_in->fan_in'],1,0,1.0,True,"[393, 396]"
TRAJ2679,6,2,1,1,1,fan_in,fan_in,['fan_in->fan_in'],1,0,1.0,True,"[393, 400]"
TRAJ2680,12,2,1,1,1,fan_in,fan_in,['fan_in->fan_in'],1,0,1.0,True,"[393, 400]"
TRAJ2681,9,2,1,1,1,fan_in,fan_in,['fan_in->fan_in'],1,0,1.0,True,"[394, 396]"
TRAJ2682,11,2,1,2,2,fan_in,fan_in,['fan_in->fan_in'],1,0,1.0,True,"[394, 395]"
TRAJ2683,9,3,2,1,1,fan_in,fan_in,['fan_in->fan_in'],1,1,1.5,True,"[394, 398]"
TRAJ2684,13,5,2,2,2,fan_in,rapid_pass_through,"['fan_in->fan_in', 'fan_in->fan_in']",2,1,1.5,True,"[394, 405]"
TRAJ2685,12,5,2,1,1,rapid_pass_through,rapid_pass_through,['fan_in->fan_in'],1,1,1.5,True,"[396, 410]"
TRAJ2686,13,4,2,1,1,fan_in,rapid_pass_through,['fan_in->fan_in'],1,1,1.5,True,"[395, 404]"
TRAJ2687,6,2,1,1,1,fan_in,fan_in,['fan_in->fan_in'],1,0,1.0,True,"[395, 402]"
TRAJ2688,15,5,2,1,1,fan_in,rapid_pass_through,"['fan_in->fan_in', 'fan_in->fan_in']",2,1,1.5,True,"[395, 414]"
TRAJ2689,7,2,1,1,1,fan_in,fan_in,['fan_in->fan_in'],1,0,1.0,True,"[395, 402]"
TRAJ2690,10,4,3,2,2,layering,fan_in,['layering->fan_in'],1,2,3.5,True,"[396, 397]"
TRAJ2691,7,2,1,1,1,fan_in,fan_in,['fan_in->fan_in'],1,0,1.0,True,"[396, 403]"
TRAJ2692,8,2,1,1,1,fan_in,fan_in,['fan_in->fan_in'],1,0,1.0,True,"[396, 403]"
TRAJ2693,6,2,1,1,1,fan_in,fan_in,['fan_in->fan_in'],1,0,1.0,True,"[396, 403]"
TRAJ2694,8,2,1,1,1,fan_in,fan_in,['fan_in->fan_in'],1,0,1.0,True,"[396, 403]"
TRAJ2695,13,3,1,1,1,fan_in,fan_in,"['fan_in->fan_in', 'fan_in->fan_in']",2,0,1.0,True,"[396, 403]"
TRAJ2696,7,2,1,1,1,fan_in,fan_in,['fan_in->fan_in'],1,0,1.0,True,"[397, 404]"
TRAJ2697,10,4,2,1,1,fan_in,rapid_pass_through,['fan_in->fan_in'],1,1,1.5,True,"[397, 406]"
TRAJ2698,6,2,1,1,1,fan_in,fan_in,['fan_in->fan_in'],1,0,1.0,True,"[397, 404]"
TRAJ2699,8,2,1,1,1,fan_in,fan_in,['fan_in->fan_in'],1,0,1.0,True,"[397, 404]"
TRAJ2700,6,2,1,1,1,fan_in,fan_in,['fan_in->fan_in'],1,0,1.0,True,"[398, 405]"
TRAJ2701,8,4,2,1,1,fan_in,rapid_pass_through,['fan_in->fan_in'],1,1,1.5,True,"[398, 407]"
TRAJ2702,14,3,1,1,1,fan_in,fan_in,"['fan_in->fan_in', 'fan_in->fan_in']",2,0,1.0,True,"[398, 408]"
TRAJ2703,7,2,1,1,1,fan_in,fan_in,['fan_in->fan_in'],1,0,1.0,True,"[398, 405]"
TRAJ2704,10,2,1,1,1,fan_in,fan_in,['fan_in->fan_in'],1,0,1.0,True,"[399, 406]"
TRAJ2705,12,5,2,1,1,fan_in,rapid_pass_through,['fan_in->fan_in'],1,1,1.5,True,"[399, 414]"
TRAJ2706,8,3,2,1,1,fan_in,rapid_pass_through,['fan_in->fan_in'],1,1,1.5,True,"[400, 405]"
TRAJ2707,7,2,1,1,1,fan_in,fan_in,['fan_in->fan_in'],1,0,1.0,True,"[400, 407]"
TRAJ2708,7,2,1,1,1,fan_in,fan_in,['fan_in->fan_in'],1,0,1.0,True,"[400, 407]"
TRAJ2709,7,2,1,1,1,fan_in,fan_in,['fan_in->fan_in'],1,0,1.0,True,"[400, 407]"
TRAJ2710,8,2,1,1,1,fan_in,fan_in,['fan_in->fan_in'],1,0,1.0,True,"[400, 407]"
TRAJ2711,16,4,2,1,1,circular_flow,fan_in,"['circular_flow->fan_in', 'fan_in->fan_in', 'fan_in->fan_in']",3,1,4.0,True,"[406, 416]"
TRAJ2712,11,4,2,1,1,fan_in,rapid_pass_through,['fan_in->fan_in'],1,1,1.5,True,"[401, 410]"
TRAJ2713,6,2,1,1,1,fan_in,fan_in,['fan_in->fan_in'],1,0,1.0,True,"[401, 408]"
TRAJ2714,9,2,1,1,1,fan_in,fan_in,['fan_in->fan_in'],1,0,1.0,True,"[401, 408]"
TRAJ2715,16,4,1,2,2,fan_in,fan_in,"['fan_in->fan_in', 'fan_in->fan_in', 'fan_in->fan_in']",3,0,1.0,True,"[401, 409]"
TRAJ2716,13,3,1,2,2,fan_in,fan_in,"['fan_in->fan_in', 'fan_in->fan_in']",2,0,1.0,True,"[401, 408]"
TRAJ2717,9,3,3,2,2,layering,fan_in,['layering->fan_in'],1,2,3.5,True,"[402, 403]"
TRAJ2718,7,2,1,1,1,fan_in,fan_in,['fan_in->fan_in'],1,0,1.0,True,"[402, 409]"
TRAJ2719,9,2,1,1,1,fan_in,fan_in,['fan_in->fan_in'],1,0,1.0,True,"[402, 409]"
TRAJ2720,7,2,1,1,1,fan_in,fan_in,['fan_in->fan_in'],1,0,1.0,True,"[402, 409]"
TRAJ2721,8,2,1,1,1,fan_in,fan_in,['fan_in->fan_in'],1,0,1.0,True,"[402, 409]"
TRAJ2722,6,2,1,1,1,fan_in,fan_in,['fan_in->fan_in'],1,0,1.0,True,"[402, 409]"
TRAJ2723,7,2,1,1,1,fan_in,fan_in,['fan_in->fan_in'],1,0,1.0,True,"[402, 409]"
TRAJ2724,7,2,1,1,1,fan_in,fan_in,['fan_in->fan_in'],1,0,1.0,True,"[403, 410]"
TRAJ2725,8,2,1,1,1,fan_in,fan_in,['fan_in->fan_in'],1,0,1.0,True,"[403, 405]"
TRAJ2726,7,2,1,1,1,fan_in,fan_in,['fan_in->fan_in'],1,0,1.0,True,"[403, 410]"
TRAJ2727,10,3,2,1,1,rapid_pass_through,fan_in,['fan_in->fan_in'],1,1,1.5,True,"[405, 419]"
TRAJ2728,8,3,2,1,1,fan_in,rapid_pass_through,['fan_in->fan_in'],1,1,1.5,True,"[404, 411]"
TRAJ2729,7,2,1,1,1,fan_in,fan_in,['fan_in->fan_in'],1,0,1.0,True,"[404, 411]"
TRAJ2730,8,2,1,1,1,fan_in,fan_in,['fan_in->fan_in'],1,0,1.0,True,"[404, 411]"
TRAJ2731,10,2,1,1,1,fan_in,fan_in,['fan_in->fan_in'],1,0,1.0,True,"[405, 412]"
TRAJ2732,10,4,2,1,1,fan_in,rapid_pass_through,['fan_in->fan_in'],1,1,1.5,True,"[405, 414]"
TRAJ2733,9,2,1,1,1,fan_in,fan_in,['fan_in->fan_in'],1,0,1.0,True,"[405, 412]"
TRAJ2734,8,2,1,1,1,fan_in,fan_in,['fan_in->fan_in'],1,0,1.0,True,"[405, 412]"
TRAJ2735,6,2,1,1,1,fan_in,fan_in,['fan_in->fan_in'],1,0,1.0,True,"[406, 413]"
TRAJ2736,7,4,2,1,1,fan_in,rapid_pass_through,['fan_in->fan_in'],1,1,1.5,True,"[406, 415]"
TRAJ2737,8,2,1,1,1,fan_in,fan_in,['fan_in->fan_in'],1,0,1.0,True,"[406, 413]"
TRAJ2738,8,2,1,1,1,fan_in,fan_in,['fan_in->fan_in'],1,0,1.0,True,"[406, 413]"
TRAJ2739,9,2,1,1,1,fan_in,fan_in,['fan_in->fan_in'],1,0,1.0,True,"[406, 413]"
TRAJ2740,6,2,1,1,1,fan_in,fan_in,['fan_in->fan_in'],1,0,1.0,True,"[406, 413]"
TRAJ2741,8,3,2,2,2,rapid_pass_through,fan_in,['fan_in->fan_in'],1,1,1.5,True,"[408, 412]"
TRAJ2742,8,2,1,1,1,fan_in,fan_in,['fan_in->fan_in'],1,0,1.0,True,"[407, 414]"
TRAJ2743,14,3,1,1,1,fan_in,fan_in,"['fan_in->fan_in', 'fan_in->fan_in']",2,0,1.0,True,"[407, 416]"
TRAJ2744,12,2,1,1,1,fan_in,fan_in,['fan_in->fan_in'],1,0,1.0,True,"[407, 414]"
TRAJ2745,10,3,2,3,3,fan_in,fan_in,['fan_in->fan_in'],1,1,1.5,True,"[407, 409]"
TRAJ2746,15,5,2,1,1,fan_in,rapid_pass_through,"['fan_in->fan_in', 'fan_in->fan_in']",2,1,1.5,True,"[407, 421]"
TRAJ2747,8,2,1,1,1,fan_in,fan_in,['fan_in->fan_in'],1,0,1.0,True,"[407, 409]"
TRAJ2748,22,7,2,4,4,fan_in,fan_in,"['fan_in->fan_in', 'fan_in->fan_in', 'fan_in->fan_in', 'fan_in->fan_in']",4,1,1.5,True,"[408, 418]"
TRAJ2749,19,5,2,2,2,fan_in,rapid_pass_through,"['fan_in->fan_in', 'fan_in->fan_in']",2,1,1.5,True,"[408, 418]"
TRAJ2750,7,2,1,1,1,fan_in,fan_in,['fan_in->fan_in'],1,0,1.0,True,"[408, 415]"
TRAJ2751,9,2,1,1,1,fan_in,fan_in,['fan_in->fan_in'],1,0,1.0,True,"[409, 416]"
TRAJ2752,10,3,2,1,1,fan_in,rapid_pass_through,['fan_in->fan_in'],1,1,1.5,True,"[409, 420]"
TRAJ2753,11,3,1,1,1,fan_in,fan_in,"['fan_in->fan_in', 'fan_in->fan_in']",2,0,1.0,True,"[409, 418]"
TRAJ2754,7,2,1,1,1,fan_in,fan_in,['fan_in->fan_in'],1,0,1.0,True,"[410, 417]"
TRAJ2755,7,2,1,1,1,fan_in,fan_in,['fan_in->fan_in'],1,0,1.0,True,"[410, 417]"
TRAJ2756,8,4,2,1,1,fan_in,rapid_pass_through,['fan_in->fan_in'],1,1,1.5,True,"[410, 419]"
TRAJ2757,10,3,2,1,1,fan_in,rapid_pass_through,['fan_in->fan_in'],1,1,1.5,True,"[410, 419]"
TRAJ2758,8,2,1,1,1,fan_in,fan_in,['fan_in->fan_in'],1,0,1.0,True,"[410, 417]"
TRAJ2759,7,2,1,1,1,fan_in,fan_in,['fan_in->fan_in'],1,0,1.0,True,"[411, 418]"
TRAJ2760,9,3,2,3,3,fan_in,fan_in,['fan_in->fan_in'],1,1,1.5,True,"[411, 413]"
TRAJ2761,15,7,3,2,2,fan_in,circular_flow,"['fan_in->fan_in', 'fan_in->fan_in', 'fan_in->circular_flow', 'circular_flow->circular_flow']",4,2,4.5,True,"[411, 433]"
TRAJ2762,9,2,1,1,1,fan_in,fan_in,['fan_in->fan_in'],1,0,1.0,True,"[411, 418]"
TRAJ2763,9,2,1,2,2,fan_in,fan_in,['fan_in->fan_in'],1,0,1.0,True,"[411, 412]"
TRAJ2764,11,4,2,1,1,fan_in,rapid_pass_through,['fan_in->fan_in'],1,1,1.5,True,"[412, 421]"
TRAJ2765,11,2,1,1,1,fan_in,fan_in,['fan_in->fan_in'],1,0,1.0,True,"[412, 419]"
TRAJ2766,16,5,2,1,1,fan_in,rapid_pass_through,"['fan_in->fan_in', 'fan_in->fan_in']",2,1,1.5,True,"[413, 424]"
TRAJ2767,10,2,1,1,1,fan_in,fan_in,['fan_in->fan_in'],1,0,1.0,True,"[413, 420]"
TRAJ2768,10,4,2,1,1,fan_in,rapid_pass_through,['fan_in->fan_in'],1,1,1.5,True,"[413, 422]"
TRAJ2769,9,2,1,2,2,fan_in,fan_in,['fan_in->fan_in'],1,0,1.0,True,"[413, 414]"
TRAJ2770,7,2,1,1,1,fan_in,fan_in,['fan_in->fan_in'],1,0,1.0,True,"[414, 421]"
TRAJ2771,7,2,1,1,1,fan_in,fan_in,['fan_in->fan_in'],1,0,1.0,True,"[414, 421]"
TRAJ2772,9,2,1,1,1,fan_in,fan_in,['fan_in->fan_in'],1,0,1.0,True,"[414, 416]"
TRAJ2773,8,2,1,1,1,fan_in,fan_in,['fan_in->fan_in'],1,0,1.0,True,"[414, 421]"
TRAJ2774,9,2,1,1,1,fan_in,fan_in,['fan_in->fan_in'],1,0,1.0,True,"[415, 422]"
TRAJ2775,9,2,1,1,1,fan_in,fan_in,['fan_in->fan_in'],1,0,1.0,True,"[415, 422]"
TRAJ2776,19,3,1,2,2,fan_in,fan_in,"['fan_in->fan_in', 'fan_in->fan_in']",2,0,1.0,True,"[415, 423]"
TRAJ2777,8,2,1,1,1,fan_in,fan_in,['fan_in->fan_in'],1,0,1.0,True,"[415, 422]"
TRAJ2778,16,4,1,2,2,fan_in,fan_in,"['fan_in->fan_in', 'fan_in->fan_in', 'fan_in->fan_in']",3,0,1.0,True,"[415, 423]"
TRAJ2779,15,7,2,1,1,fan_in,rapid_pass_through,['fan_in->fan_in'],1,1,1.5,True,"[415, 429]"
TRAJ2780,9,3,3,2,2,layering,fan_in,['layering->fan_in'],1,2,3.5,True,"[416, 417]"
TRAJ2781,8,3,2,1,1,rapid_pass_through,fan_in,['fan_in->fan_in'],1,1,1.5,True,"[417, 424]"
TRAJ2782,16,7,3,2,2,rapid_pass_through,rapid_pass_through,"['fan_in->layering', 'layering->fan_in']",2,2,3.5,True,"[416, 430]"
TRAJ2783,8,2,1,1,1,fan_in,fan_in,['fan_in->fan_in'],1,0,1.0,True,"[416, 423]"
TRAJ2784,13,4,1,1,1,fan_in,fan_in,"['fan_in->fan_in', 'fan_in->fan_in', 'fan_in->fan_in']",3,0,1.0,True,"[416, 425]"
TRAJ2785,7,2,1,1,1,fan_in,fan_in,['fan_in->fan_in'],1,0,1.0,True,"[416, 423]"
TRAJ2786,13,4,2,2,2,fan_in,rapid_pass_through,"['fan_in->fan_in', 'fan_in->fan_in']",2,1,1.5,True,"[417, 427]"
TRAJ2787,11,7,3,2,2,layering,rapid_pass_through,"['layering->layering', 'layering->fan_in']",2,2,3.5,True,"[418, 426]"
TRAJ2788,8,2,1,1,1,fan_in,fan_in,['fan_in->fan_in'],1,0,1.0,True,"[418, 425]"
TRAJ2789,8,2,1,1,1,fan_in,fan_in,['fan_in->fan_in'],1,0,1.0,True,"[418, 425]"
TRAJ2790,7,2,1,1,1,fan_in,fan_in,['fan_in->fan_in'],1,0,1.0,True,"[418, 425]"
TRAJ2791,7,2,1,1,1,fan_in,fan_in,['fan_in->fan_in'],1,0,1.0,True,"[419, 426]"
TRAJ2792,6,2,1,1,1,fan_in,fan_in,['fan_in->fan_in'],1,0,1.0,True,"[419, 426]"
TRAJ2793,14,6,2,1,1,rapid_pass_through,rapid_pass_through,['fan_in->fan_in'],1,1,1.5,True,"[421, 442]"
TRAJ2794,7,4,2,1,1,fan_in,rapid_pass_through,['fan_in->fan_in'],1,1,1.5,True,"[420, 429]"
TRAJ2795,16,3,1,1,1,fan_in,fan_in,"['fan_in->fan_in', 'fan_in->fan_in']",2,0,1.0,True,"[420, 427]"
TRAJ2796,20,8,3,1,1,fan_in,rapid_pass_through,"['fan_in->layering', 'layering->layering', 'layering->layering', 'layering->fan_in', 'fan_in->fan_in']",5,2,3.5,True,"[420, 435]"
TRAJ2797,13,3,1,1,1,fan_in,fan_in,"['fan_in->fan_in', 'fan_in->fan_in']",2,0,1.0,True,"[420, 429]"
TRAJ2798,8,3,2,1,1,fan_in,rapid_pass_through,['fan_in->fan_in'],1,1,1.5,True,"[420, 428]"
TRAJ2799,14,4,2,2,2,fan_in,fan_in,"['fan_in->fan_in', 'fan_in->fan_in']",2,1,1.5,True,"[420, 426]"
TRAJ2800,11,2,1,1,1,fan_in,fan_in,['fan_in->fan_in'],1,0,1.0,True,"[421, 428]"
TRAJ2801,16,5,2,1,1,fan_in,rapid_pass_through,"['fan_in->fan_in', 'fan_in->fan_in']",2,1,1.5,True,"[421, 432]"
TRAJ2802,16,4,1,1,1,fan_in,fan_in,"['fan_in->fan_in', 'fan_in->fan_in', 'fan_in->fan_in']",3,0,1.0,True,"[421, 430]"
TRAJ2803,8,2,1,1,1,fan_in,fan_in,['fan_in->fan_in'],1,0,1.0,True,"[421, 428]"
TRAJ2804,10,2,1,1,1,fan_in,fan_in,['fan_in->fan_in'],1,0,1.0,True,"[421, 428]"
TRAJ2805,10,2,1,1,1,fan_in,fan_in,['fan_in->fan_in'],1,0,1.0,True,"[421, 428]"
TRAJ2806,9,2,1,1,1,fan_in,fan_in,['fan_in->fan_in'],1,0,1.0,True,"[422, 429]"
TRAJ2807,10,4,2,1,1,fan_in,rapid_pass_through,['fan_in->fan_in'],1,1,1.5,True,"[422, 431]"
TRAJ2808,9,3,2,1,1,fan_in,rapid_pass_through,['fan_in->fan_in'],1,1,1.5,True,"[423, 437]"
TRAJ2809,10,2,1,1,1,fan_in,fan_in,['fan_in->fan_in'],1,0,1.0,True,"[423, 430]"
TRAJ2810,9,2,1,1,1,fan_in,fan_in,['fan_in->fan_in'],1,0,1.0,True,"[423, 430]"
TRAJ2811,11,3,1,1,1,fan_in,fan_in,"['fan_in->fan_in', 'fan_in->fan_in']",2,0,1.0,True,"[424, 433]"
TRAJ2812,12,4,2,1,1,fan_in,rapid_pass_through,['fan_in->fan_in'],1,1,1.5,True,"[424, 433]"
TRAJ2813,6,2,1,1,1,fan_in,fan_in,['fan_in->fan_in'],1,0,1.0,True,"[424, 431]"
TRAJ2814,12,6,2,1,1,rapid_pass_through,rapid_pass_through,['fan_in->fan_in'],1,1,1.5,True,"[426, 447]"
TRAJ2815,8,2,1,1,1,fan_in,fan_in,['fan_in->fan_in'],1,0,1.0,True,"[425, 432]"
TRAJ2816,6,2,1,1,1,fan_in,fan_in,['fan_in->fan_in'],1,0,1.0,True,"[425, 432]"
TRAJ2817,10,2,1,1,1,fan_in,fan_in,['fan_in->fan_in'],1,0,1.0,True,"[425, 432]"
TRAJ2818,7,2,1,1,1,fan_in,fan_in,['fan_in->fan_in'],1,0,1.0,True,"[425, 432]"
TRAJ2819,12,3,1,2,2,fan_in,fan_in,"['fan_in->fan_in', 'fan_in->fan_in']",2,0,1.0,True,"[426, 434]"
TRAJ2820,6,2,1,1,1,fan_in,fan_in,['fan_in->fan_in'],1,0,1.0,True,"[426, 433]"
TRAJ2821,8,4,2,1,1,fan_in,rapid_pass_through,['fan_in->fan_in'],1,1,1.5,True,"[426, 435]"
TRAJ2822,8,2,1,1,1,fan_in,fan_in,['fan_in->fan_in'],1,0,1.0,True,"[426, 433]"
TRAJ2823,12,3,2,1,1,fan_in,fan_in,['fan_in->fan_in'],1,1,1.5,True,"[427, 434]"
TRAJ2824,12,4,1,1,1,fan_in,fan_in,"['fan_in->fan_in', 'fan_in->fan_in', 'fan_in->fan_in']",3,0,1.0,True,"[427, 436]"
TRAJ2825,14,6,2,2,2,fan_in,fan_in,"['fan_in->fan_in', 'fan_in->fan_in', 'fan_in->fan_in']",3,1,1.5,True,"[427, 437]"
TRAJ2826,7,2,1,1,1,fan_in,fan_in,['fan_in->fan_in'],1,0,1.0,True,"[428, 435]"
TRAJ2827,5,2,1,1,1,fan_in,fan_in,['fan_in->fan_in'],1,0,1.0,True,"[428, 435]"
TRAJ2828,10,6,2,1,1,rapid_pass_through,rapid_pass_through,['fan_in->fan_in'],1,1,1.5,True,"[430, 451]"
TRAJ2829,13,5,2,3,3,fan_in,fan_in,"['fan_in->fan_in', 'fan_in->fan_in']",2,1,1.5,True,"[429, 438]"
TRAJ2830,7,2,1,1,1,fan_in,fan_in,['fan_in->fan_in'],1,0,1.0,True,"[429, 436]"
TRAJ2831,8,2,1,1,1,fan_in,fan_in,['fan_in->fan_in'],1,0,1.0,True,"[429, 436]"
TRAJ2832,7,2,1,1,1,fan_in,fan_in,['fan_in->fan_in'],1,0,1.0,True,"[430, 437]"
TRAJ2833,7,2,1,1,1,fan_in,fan_in,['fan_in->fan_in'],1,0,1.0,True,"[430, 437]"
TRAJ2834,11,3,1,1,1,fan_in,fan_in,"['fan_in->fan_in', 'fan_in->fan_in']",2,0,1.0,True,"[430, 440]"
TRAJ2835,7,2,1,1,1,fan_in,fan_in,['fan_in->fan_in'],1,0,1.0,True,"[430, 437]"
TRAJ2836,7,2,1,1,1,fan_in,fan_in,['fan_in->fan_in'],1,0,1.0,True,"[431, 438]"
TRAJ2837,6,2,1,1,1,fan_in,fan_in,['fan_in->fan_in'],1,0,1.0,True,"[432, 439]"
TRAJ2838,8,2,1,1,1,fan_in,fan_in,['fan_in->fan_in'],1,0,1.0,True,"[432, 439]"
TRAJ2839,15,7,2,1,1,rapid_pass_through,rapid_pass_through,"['fan_in->fan_in', 'fan_in->fan_in']",2,1,1.5,True,"[434, 455]"
TRAJ2840,5,2,1,1,1,fan_in,fan_in,['fan_in->fan_in'],1,0,1.0,True,"[433, 440]"
TRAJ2841,7,2,1,1,1,fan_in,fan_in,['fan_in->fan_in'],1,0,1.0,True,"[433, 440]"
TRAJ2842,14,4,2,2,2,layering,fan_in,"['layering->layering', 'layering->fan_in', 'fan_in->fan_in']",3,1,3.0,True,"[434, 441]"
TRAJ2843,7,2,1,1,1,fan_in,fan_in,['fan_in->fan_in'],1,0,1.0,True,"[434, 441]"
TRAJ2844,9,4,2,1,1,fan_in,rapid_pass_through,['fan_in->fan_in'],1,1,1.5,True,"[434, 443]"
TRAJ2845,15,4,1,1,1,fan_in,fan_in,"['fan_in->fan_in', 'fan_in->fan_in', 'fan_in->fan_in']",3,0,1.0,True,"[434, 443]"
TRAJ2846,8,2,1,1,1,fan_in,fan_in,['fan_in->fan_in'],1,0,1.0,True,"[434, 441]"
TRAJ2847,17,3,1,1,1,fan_in,fan_in,"['fan_in->fan_in', 'fan_in->fan_in']",2,0,1.0,True,"[434, 443]"
TRAJ2848,8,2,1,1,1,fan_in,fan_in,['fan_in->fan_in'],1,0,1.0,True,"[434, 441]"
TRAJ2849,9,3,2,1,1,fan_in,rapid_pass_through,['fan_in->fan_in'],1,1,1.5,True,"[434, 439]"
TRAJ2850,19,7,3,2,2,layering,rapid_pass_through,"['layering->fan_in', 'fan_in->fan_in', 'fan_in->fan_in']",3,2,3.5,True,"[435, 452]"
TRAJ2851,6,3,2,1,1,layering,rapid_pass_through,['layering->layering'],1,1,2.5,True,"[436, 436]"
TRAJ2852,14,3,1,2,2,fan_in,fan_in,"['fan_in->fan_in', 'fan_in->fan_in']",2,0,1.0,True,"[435, 441]"
TRAJ2853,16,4,1,2,2,fan_in,fan_in,"['fan_in->fan_in', 'fan_in->fan_in', 'fan_in->fan_in']",3,0,1.0,True,"[435, 442]"
TRAJ2854,7,2,1,1,1,fan_in,fan_in,['fan_in->fan_in'],1,0,1.0,True,"[435, 442]"
TRAJ2855,14,2,1,1,1,fan_in,fan_in,['fan_in->fan_in'],1,0,1.0,True,"[435, 442]"
TRAJ2856,9,2,1,1,1,fan_in,fan_in,['fan_in->fan_in'],1,0,1.0,True,"[435, 438]"
TRAJ2857,9,2,1,1,1,fan_in,fan_in,['fan_in->fan_in'],1,0,1.0,True,"[435, 440]"
TRAJ2858,10,4,2,1,1,fan_in,rapid_pass_through,['fan_in->fan_in'],1,1,1.5,True,"[436, 445]"
TRAJ2859,9,2,1,1,1,fan_in,fan_in,['fan_in->fan_in'],1,0,1.0,True,"[436, 438]"
TRAJ2860,7,2,1,1,1,fan_in,fan_in,['fan_in->fan_in'],1,0,1.0,True,"[436, 443]"
TRAJ2861,7,2,1,1,1,fan_in,fan_in,['fan_in->fan_in'],1,0,1.0,True,"[436, 443]"
TRAJ2862,6,3,2,2,2,layering,rapid_pass_through,['layering->layering'],1,1,2.5,True,"[437, 438]"
TRAJ2863,13,3,1,2,2,fan_in,fan_in,"['fan_in->fan_in', 'fan_in->fan_in']",2,0,1.0,True,"[437, 444]"
TRAJ2864,14,4,2,1,1,fan_in,rapid_pass_through,['fan_in->fan_in'],1,1,1.5,True,"[437, 446]"
TRAJ2865,9,2,1,1,1,fan_in,fan_in,['fan_in->fan_in'],1,0,1.0,True,"[437, 444]"
TRAJ2866,12,2,1,2,2,fan_in,fan_in,['fan_in->fan_in'],1,0,1.0,True,"[437, 438]"
TRAJ2867,9,3,1,1,1,fan_in,fan_in,"['fan_in->fan_in', 'fan_in->fan_in']",2,0,1.0,True,"[438, 447]"
TRAJ2868,12,4,2,1,1,fan_in,rapid_pass_through,['fan_in->fan_in'],1,1,1.5,True,"[438, 447]"
TRAJ2869,9,2,1,1,1,fan_in,fan_in,['fan_in->fan_in'],1,0,1.0,True,"[439, 446]"
TRAJ2870,10,2,1,1,1,fan_in,fan_in,['fan_in->fan_in'],1,0,1.0,True,"[439, 446]"
TRAJ2871,13,6,2,1,1,fan_in,rapid_pass_through,['fan_in->fan_in'],1,1,1.5,True,"[440, 458]"
TRAJ2872,12,5,2,1,1,rapid_pass_through,rapid_pass_through,['fan_in->fan_in'],1,1,1.5,True,"[442, 463]"
TRAJ2873,12,3,1,1,1,fan_in,fan_in,"['fan_in->fan_in', 'fan_in->fan_in']",2,0,1.0,True,"[441, 448]"
TRAJ2874,10,3,1,1,1,fan_in,fan_in,"['fan_in->fan_in', 'fan_in->fan_in']",2,0,1.0,True,"[441, 450]"
TRAJ2875,15,6,2,3,3,fan_in,rapid_pass_through,"['fan_in->fan_in', 'fan_in->fan_in']",2,1,1.5,True,"[441, 457]"
TRAJ2876,8,2,1,1,1,fan_in,fan_in,['fan_in->fan_in'],1,0,1.0,True,"[442, 449]"
TRAJ2877,10,2,1,1,1,fan_in,fan_in,['fan_in->fan_in'],1,0,1.0,True,"[442, 447]"
TRAJ2878,5,2,1,1,1,fan_in,fan_in,['fan_in->fan_in'],1,0,1.0,True,"[442, 449]"
TRAJ2879,19,8,2,2,2,rapid_pass_through,rapid_pass_through,"['fan_in->fan_in', 'fan_in->fan_in']",2,1,1.5,True,"[442, 466]"
TRAJ2880,10,5,2,1,1,fan_in,rapid_pass_through,['fan_in->fan_in'],1,1,1.5,True,"[443, 459]"
TRAJ2881,10,3,2,1,1,fan_in,rapid_pass_through,['fan_in->fan_in'],1,1,1.5,True,"[443, 450]"
TRAJ2882,12,2,1,1,1,fan_in,fan_in,['fan_in->fan_in'],1,0,1.0,True,"[444, 451]"
TRAJ2883,15,3,1,1,1,fan_in,fan_in,"['fan_in->fan_in', 'fan_in->fan_in']",2,0,1.0,True,"[444, 454]"
TRAJ2884,14,5,2,2,2,fan_in,rapid_pass_through,"['fan_in->fan_in', 'fan_in->fan_in']",2,1,1.5,True,"[444, 461]"
TRAJ2885,9,2,1,1,1,fan_in,fan_in,['fan_in->fan_in'],1,0,1.0,True,"[444, 451]"
TRAJ2886,9,2,1,2,2,fan_in,fan_in,['fan_in->fan_in'],1,0,1.0,True,"[444, 445]"
TRAJ2887,7,2,1,1,1,fan_in,fan_in,['fan_in->fan_in'],1,0,1.0,True,"[445, 452]"
TRAJ2888,6,2,1,1,1,fan_in,fan_in,['fan_in->fan_in'],1,0,1.0,True,"[445, 452]"
TRAJ2889,9,2,1,1,1,fan_in,fan_in,['fan_in->fan_in'],1,0,1.0,True,"[445, 447]"
TRAJ2890,17,4,1,3,3,fan_in,fan_in,"['fan_in->fan_in', 'fan_in->fan_in', 'fan_in->fan_in']",3,0,1.0,True,"[446, 455]"
TRAJ2891,7,2,1,1,1,fan_in,fan_in,['fan_in->fan_in'],1,0,1.0,True,"[446, 453]"
TRAJ2892,9,2,1,1,1,fan_in,fan_in,['fan_in->fan_in'],1,0,1.0,True,"[446, 453]"
TRAJ2893,9,2,1,1,1,fan_in,fan_in,['fan_in->fan_in'],1,0,1.0,True,"[446, 453]"
TRAJ2894,9,2,1,1,1,fan_in,fan_in,['fan_in->fan_in'],1,0,1.0,True,"[447, 454]"
TRAJ2895,9,2,1,1,1,fan_in,fan_in,['fan_in->fan_in'],1,0,1.0,True,"[447, 454]"
TRAJ2896,7,2,1,1,1,fan_in,fan_in,['fan_in->fan_in'],1,0,1.0,True,"[447, 454]"
TRAJ2897,15,7,2,1,1,rapid_pass_through,rapid_pass_through,"['fan_in->fan_in', 'fan_in->fan_in', 'fan_in->fan_in']",3,1,1.5,True,"[449, 463]"
TRAJ2898,9,4,2,1,1,fan_in,rapid_pass_through,['fan_in->fan_in'],1,1,1.5,True,"[448, 457]"
TRAJ2899,8,2,1,1,1,fan_in,fan_in,['fan_in->fan_in'],1,0,1.0,True,"[448, 455]"
TRAJ2900,14,3,1,1,1,fan_in,fan_in,"['fan_in->fan_in', 'fan_in->fan_in']",2,0,1.0,True,"[448, 458]"
TRAJ2901,10,2,1,1,1,fan_in,fan_in,['fan_in->fan_in'],1,0,1.0,True,"[448, 453]"
TRAJ2902,10,2,1,1,1,fan_in,fan_in,['fan_in->fan_in'],1,0,1.0,True,"[448, 455]"
TRAJ2903,7,2,1,1,1,fan_in,fan_in,['fan_in->fan_in'],1,0,1.0,True,"[448, 455]"
TRAJ2904,14,4,2,1,1,fan_in,fan_in,"['fan_in->fan_in', 'fan_in->fan_in']",2,1,1.5,True,"[449, 458]"
TRAJ2905,6,2,1,1,1,fan_in,fan_in,['fan_in->fan_in'],1,0,1.0,True,"[449, 456]"
TRAJ2906,7,2,1,1,1,fan_in,fan_in,['fan_in->fan_in'],1,0,1.0,True,"[449, 456]"
TRAJ2907,15,2,1,1,1,fan_in,fan_in,['fan_in->fan_in'],1,0,1.0,True,"[449, 456]"
TRAJ2908,15,4,1,1,1,fan_in,fan_in,"['fan_in->fan_in', 'fan_in->fan_in', 'fan_in->fan_in']",3,0,1.0,True,"[450, 459]"
TRAJ2909,8,2,1,1,1,fan_in,fan_in,['fan_in->fan_in'],1,0,1.0,True,"[450, 457]"
TRAJ2910,8,3,2,1,1,fan_in,rapid_pass_through,['fan_in->fan_in'],1,1,1.5,True,"[450, 463]"
TRAJ2911,13,4,2,1,1,fan_in,rapid_pass_through,['fan_in->fan_in'],1,1,1.5,True,"[451, 460]"
TRAJ2912,9,2,1,1,1,fan_in,fan_in,['fan_in->fan_in'],1,0,1.0,True,"[451, 458]"
TRAJ2913,7,2,1,1,1,fan_in,fan_in,['fan_in->fan_in'],1,0,1.0,True,"[451, 458]"
TRAJ2914,8,3,2,2,2,fan_in,fan_in,['fan_in->fan_in'],1,1,1.5,True,"[451, 459]"
TRAJ2915,6,2,1,1,1,fan_in,fan_in,['fan_in->fan_in'],1,0,1.0,True,"[452, 459]"
TRAJ2916,7,2,1,1,1,fan_in,fan_in,['fan_in->fan_in'],1,0,1.0,True,"[452, 459]"
TRAJ2917,8,2,1,1,1,fan_in,fan_in,['fan_in->fan_in'],1,0,1.0,True,"[453, 460]"
TRAJ2918,7,2,1,1,1,fan_in,fan_in,['fan_in->fan_in'],1,0,1.0,True,"[453, 460]"
TRAJ2919,7,2,1,1,1,fan_in,fan_in,['fan_in->fan_in'],1,0,1.0,True,"[453, 460]"
TRAJ2920,8,2,1,1,1,fan_in,fan_in,['fan_in->fan_in'],1,0,1.0,True,"[454, 461]"
TRAJ2921,11,4,2,1,1,fan_in,rapid_pass_through,['fan_in->fan_in'],1,1,1.5,True,"[454, 463]"
TRAJ2922,8,2,1,1,1,fan_in,fan_in,['fan_in->fan_in'],1,0,1.0,True,"[455, 462]"
TRAJ2923,8,2,1,1,1,fan_in,fan_in,['fan_in->fan_in'],1,0,1.0,True,"[455, 462]"
TRAJ2924,8,3,2,1,1,fan_in,rapid_pass_through,['fan_in->fan_in'],1,1,1.5,True,"[456, 470]"
TRAJ2925,8,2,1,1,1,fan_in,fan_in,['fan_in->fan_in'],1,0,1.0,True,"[456, 463]"
TRAJ2926,8,2,1,1,1,fan_in,fan_in,['fan_in->fan_in'],1,0,1.0,True,"[456, 463]"
TRAJ2927,6,2,1,1,1,fan_in,fan_in,['fan_in->fan_in'],1,0,1.0,True,"[456, 463]"
TRAJ2928,7,2,1,1,1,fan_in,fan_in,['fan_in->fan_in'],1,0,1.0,True,"[457, 464]"
TRAJ2929,8,2,1,1,1,fan_in,fan_in,['fan_in->fan_in'],1,0,1.0,True,"[457, 459]"
TRAJ2930,10,6,2,1,1,rapid_pass_through,rapid_pass_through,['fan_in->fan_in'],1,1,1.5,True,"[459, 480]"
TRAJ2931,14,3,1,1,1,fan_in,fan_in,"['fan_in->fan_in', 'fan_in->fan_in']",2,0,1.0,True,"[458, 465]"
TRAJ2932,7,2,1,1,1,fan_in,fan_in,['fan_in->fan_in'],1,0,1.0,True,"[458, 465]"
TRAJ2933,6,2,1,1,1,fan_in,fan_in,['fan_in->fan_in'],1,0,1.0,True,"[459, 466]"
TRAJ2934,7,2,1,1,1,fan_in,fan_in,['fan_in->fan_in'],1,0,1.0,True,"[459, 466]"
TRAJ2935,9,2,1,1,1,fan_in,fan_in,['fan_in->fan_in'],1,0,1.0,True,"[459, 466]"
TRAJ2936,6,2,1,1,1,fan_in,fan_in,['fan_in->fan_in'],1,0,1.0,True,"[459, 466]"
TRAJ2937,7,2,1,1,1,fan_in,fan_in,['fan_in->fan_in'],1,0,1.0,True,"[460, 467]"
TRAJ2938,8,2,1,1,1,fan_in,fan_in,['fan_in->fan_in'],1,0,1.0,True,"[460, 467]"
TRAJ2939,7,2,1,1,1,fan_in,fan_in,['fan_in->fan_in'],1,0,1.0,True,"[460, 467]"
TRAJ2940,8,2,1,1,1,fan_in,fan_in,['fan_in->fan_in'],1,0,1.0,True,"[460, 467]"
TRAJ2941,13,5,2,2,2,rapid_pass_through,rapid_pass_through,['fan_in->fan_in'],1,1,1.5,True,"[462, 476]"
TRAJ2942,11,5,2,1,1,rapid_pass_through,rapid_pass_through,['fan_in->fan_in'],1,1,1.5,True,"[462, 476]"
TRAJ2943,8,2,1,1,1,fan_in,fan_in,['fan_in->fan_in'],1,0,1.0,True,"[461, 468]"
TRAJ2944,7,2,1,1,1,fan_in,fan_in,['fan_in->fan_in'],1,0,1.0,True,"[461, 468]"
TRAJ2945,9,4,2,1,1,fan_in,rapid_pass_through,['fan_in->fan_in'],1,1,1.5,True,"[462, 471]"
TRAJ2946,9,3,2,1,1,fan_in,fan_in,"['fan_in->circular_flow', 'circular_flow->fan_in']",2,1,4.0,True,"[462, 469]"
TRAJ2947,7,2,1,1,1,fan_in,fan_in,['fan_in->fan_in'],1,0,1.0,True,"[462, 469]"
TRAJ2948,9,2,1,1,1,fan_in,fan_in,['fan_in->fan_in'],1,0,1.0,True,"[462, 464]"
TRAJ2949,8,2,1,1,1,fan_in,fan_in,['fan_in->fan_in'],1,0,1.0,True,"[462, 469]"
TRAJ2950,8,2,1,1,1,fan_in,fan_in,['fan_in->fan_in'],1,0,1.0,True,"[463, 470]"
TRAJ2951,5,2,1,1,1,fan_in,fan_in,['fan_in->fan_in'],1,0,1.0,True,"[463, 470]"
TRAJ2952,11,2,1,1,1,fan_in,fan_in,['fan_in->fan_in'],1,0,1.0,True,"[463, 470]"
TRAJ2953,15,6,2,2,2,rapid_pass_through,fan_in,"['fan_in->fan_in', 'fan_in->fan_in']",2,1,1.5,True,"[464, 480]"
TRAJ2954,7,2,1,1,1,fan_in,fan_in,['fan_in->fan_in'],1,0,1.0,True,"[464, 471]"
TRAJ2955,13,2,1,1,1,fan_in,fan_in,['fan_in->fan_in'],1,0,1.0,True,"[464, 471]"
TRAJ2956,9,2,1,1,1,fan_in,fan_in,['fan_in->fan_in'],1,0,1.0,True,"[464, 471]"
TRAJ2957,20,7,2,3,3,rapid_pass_through,fan_in,"['fan_in->fan_in', 'fan_in->fan_in', 'fan_in->fan_in']",3,1,1.5,True,"[466, 480]"
TRAJ2958,10,2,1,1,1,fan_in,fan_in,['fan_in->fan_in'],1,0,1.0,True,"[465, 472]"
TRAJ2959,15,4,2,1,1,fan_in,rapid_pass_through,['fan_in->fan_in'],1,1,1.5,True,"[465, 474]"
TRAJ2960,5,2,1,1,1,fan_in,fan_in,['fan_in->fan_in'],1,0,1.0,True,"[465, 472]"
TRAJ2961,7,3,2,1,1,fan_in,fan_in,['fan_in->fan_in'],1,1,1.5,True,"[465, 472]"
TRAJ2962,11,2,1,1,1,fan_in,fan_in,['fan_in->fan_in'],1,0,1.0,True,"[465, 467]"
TRAJ2963,10,2,1,1,1,fan_in,fan_in,['fan_in->fan_in'],1,0,1.0,True,"[465, 472]"
TRAJ2964,8,2,1,1,1,fan_in,fan_in,['fan_in->fan_in'],1,0,1.0,True,"[466, 468]"
TRAJ2965,7,2,1,1,1,fan_in,fan_in,['fan_in->fan_in'],1,0,1.0,True,"[466, 473]"
TRAJ2966,8,2,1,1,1,fan_in,fan_in,['fan_in->fan_in'],1,0,1.0,True,"[466, 473]"
TRAJ2967,14,6,2,1,1,rapid_pass_through,rapid_pass_through,['fan_in->fan_in'],1,1,1.5,True,"[468, 489]"
TRAJ2968,7,2,1,1,1,fan_in,fan_in,['fan_in->fan_in'],1,0,1.0,True,"[467, 474]"
TRAJ2969,13,2,1,1,1,fan_in,fan_in,['fan_in->fan_in'],1,0,1.0,True,"[467, 474]"
TRAJ2970,10,2,1,1,1,fan_in,fan_in,['fan_in->fan_in'],1,0,1.0,True,"[467, 474]"
TRAJ2971,8,2,1,1,1,fan_in,fan_in,['fan_in->fan_in'],1,0,1.0,True,"[468, 475]"
TRAJ2972,9,4,2,1,1,fan_in,rapid_pass_through,['fan_in->fan_in'],1,1,1.5,True,"[468, 477]"
TRAJ2973,7,2,1,1,1,fan_in,fan_in,['fan_in->fan_in'],1,0,1.0,True,"[469, 476]"
TRAJ2974,16,6,2,1,1,rapid_pass_through,rapid_pass_through,"['fan_in->fan_in', 'fan_in->fan_in']",2,1,1.5,True,"[471, 485]"
TRAJ2975,8,2,1,1,1,fan_in,fan_in,['fan_in->fan_in'],1,0,1.0,True,"[470, 477]"
TRAJ2976,14,4,1,1,1,fan_in,fan_in,"['fan_in->fan_in', 'fan_in->fan_in', 'fan_in->fan_in']",3,0,1.0,True,"[470, 479]"
TRAJ2977,14,5,2,2,2,fan_in,rapid_pass_through,"['fan_in->fan_in', 'fan_in->fan_in']",2,1,1.5,True,"[470, 483]"
TRAJ2978,19,6,2,3,3,fan_in,fan_in,"['fan_in->fan_in', 'fan_in->fan_in', 'fan_in->fan_in']",3,1,1.5,True,"[471, 480]"
TRAJ2979,9,3,2,1,1,fan_in,rapid_pass_through,['fan_in->fan_in'],1,1,1.5,True,"[472, 484]"
TRAJ2980,12,2,1,1,1,fan_in,fan_in,['fan_in->fan_in'],1,0,1.0,True,"[472, 475]"
TRAJ2981,7,2,1,1,1,fan_in,fan_in,['fan_in->fan_in'],1,0,1.0,True,"[472, 479]"
TRAJ2982,9,2,1,1,1,fan_in,fan_in,['fan_in->fan_in'],1,0,1.0,True,"[472, 479]"
TRAJ2983,8,2,1,1,1,fan_in,fan_in,['fan_in->fan_in'],1,0,1.0,True,"[472, 479]"
TRAJ2984,7,2,1,1,1,fan_in,fan_in,['fan_in->fan_in'],1,0,1.0,True,"[472, 479]"
TRAJ2985,10,3,2,1,1,rapid_pass_through,fan_in,['fan_in->fan_in'],1,1,1.5,True,"[473, 480]"
TRAJ2986,6,2,1,1,1,fan_in,fan_in,['fan_in->fan_in'],1,0,1.0,True,"[473, 480]"
TRAJ2987,7,2,1,1,1,fan_in,fan_in,['fan_in->fan_in'],1,0,1.0,True,"[474, 481]"
TRAJ2988,8,2,1,1,1,fan_in,fan_in,['fan_in->fan_in'],1,0,1.0,True,"[474, 481]"
TRAJ2989,6,2,1,1,1,fan_in,fan_in,['fan_in->fan_in'],1,0,1.0,True,"[474, 481]"
TRAJ2990,13,4,3,3,3,fan_in,fan_in,"['fan_in->layering', 'layering->fan_in']",2,2,3.5,True,"[474, 482]"
TRAJ2991,8,2,1,1,1,fan_in,fan_in,['fan_in->fan_in'],1,0,1.0,True,"[475, 482]"
TRAJ2992,22,9,3,2,2,layering,rapid_pass_through,"['layering->fan_in', 'fan_in->fan_in', 'fan_in->fan_in']",3,2,3.5,True,"[476, 493]"
TRAJ2993,8,4,2,1,1,fan_in,rapid_pass_through,['fan_in->fan_in'],1,1,1.5,True,"[476, 485]"
TRAJ2994,7,2,1,1,1,fan_in,fan_in,['fan_in->fan_in'],1,0,1.0,True,"[476, 483]"
TRAJ2995,12,3,1,2,2,fan_in,fan_in,"['fan_in->fan_in', 'fan_in->fan_in']",2,0,1.0,True,"[476, 483]"
TRAJ2996,18,4,1,2,2,fan_in,fan_in,"['fan_in->fan_in', 'fan_in->fan_in', 'fan_in->fan_in']",3,0,1.0,True,"[476, 484]"
TRAJ2997,8,2,1,1,1,fan_in,fan_in,['fan_in->fan_in'],1,0,1.0,True,"[477, 484]"
TRAJ2998,8,2,1,1,1,fan_in,fan_in,['fan_in->fan_in'],1,0,1.0,True,"[477, 484]"
TRAJ2999,11,2,1,1,1,fan_in,fan_in,['fan_in->fan_in'],1,0,1.0,True,"[477, 484]"
TRAJ3000,11,6,2,1,1,rapid_pass_through,rapid_pass_through,['fan_in->fan_in'],1,1,1.5,True,"[479, 500]"
TRAJ3001,8,2,1,1,1,fan_in,fan_in,['fan_in->fan_in'],1,0,1.0,True,"[478, 485]"
TRAJ3002,7,2,1,1,1,fan_in,fan_in,['fan_in->fan_in'],1,0,1.0,True,"[478, 485]"
TRAJ3003,8,2,1,1,1,fan_in,fan_in,['fan_in->fan_in'],1,0,1.0,True,"[478, 485]"
TRAJ3004,20,5,1,1,1,fan_in,fan_in,"['fan_in->fan_in', 'fan_in->fan_in', 'fan_in->fan_in', 'fan_in->fan_in']",4,0,1.0,True,"[478, 488]"
TRAJ3005,15,3,1,2,2,fan_in,fan_in,"['fan_in->fan_in', 'fan_in->fan_in']",2,0,1.0,True,"[478, 485]"
TRAJ3006,10,4,2,1,1,fan_in,rapid_pass_through,['fan_in->fan_in'],1,1,1.5,True,"[478, 487]"
TRAJ3007,14,4,2,1,1,fan_in,rapid_pass_through,['fan_in->fan_in'],1,1,1.5,True,"[479, 488]"
TRAJ3008,8,2,1,1,1,fan_in,fan_in,['fan_in->fan_in'],1,0,1.0,True,"[479, 486]"
TRAJ3009,8,2,1,1,1,fan_in,fan_in,['fan_in->fan_in'],1,0,1.0,True,"[480, 487]"
TRAJ3010,12,6,2,1,1,rapid_pass_through,rapid_pass_through,['fan_in->fan_in'],1,1,1.5,True,"[482, 503]"
TRAJ3011,13,5,2,1,1,rapid_pass_through,rapid_pass_through,['fan_in->fan_in'],1,1,1.5,True,"[482, 503]"
TRAJ3012,7,2,1,1,1,fan_in,fan_in,['fan_in->fan_in'],1,0,1.0,True,"[481, 488]"
TRAJ3013,11,4,2,1,1,fan_in,rapid_pass_through,['fan_in->fan_in'],1,1,1.5,True,"[481, 490]"
TRAJ3014,10,2,1,1,1,fan_in,fan_in,['fan_in->fan_in'],1,0,1.0,True,"[481, 488]"
TRAJ3015,13,4,2,1,1,fan_in,rapid_pass_through,['fan_in->fan_in'],1,1,1.5,True,"[482, 491]"
TRAJ3016,22,8,2,3,3,rapid_pass_through,rapid_pass_through,"['fan_in->fan_in', 'fan_in->fan_in', 'fan_in->fan_in']",3,1,1.5,True,"[484, 505]"
TRAJ3017,13,3,1,1,1,fan_in,fan_in,"['fan_in->fan_in', 'fan_in->fan_in']",2,0,1.0,True,"[483, 493]"
TRAJ3018,9,3,2,2,2,fan_in,fan_in,['fan_in->fan_in'],1,1,1.5,True,"[483, 486]"
TRAJ3019,14,4,2,1,1,fan_in,fan_in,"['fan_in->fan_in', 'fan_in->fan_in']",2,1,1.5,True,"[483, 487]"
TRAJ3020,9,4,3,1,1,fan_in,rapid_pass_through,"['fan_in->fan_in', 'fan_in->circular_flow']",2,2,4.5,True,"[484, 498]"
TRAJ3021,7,2,1,1,1,fan_in,fan_in,['fan_in->fan_in'],1,0,1.0,True,"[484, 491]"
TRAJ3022,9,2,1,1,1,fan_in,fan_in,['fan_in->fan_in'],1,0,1.0,True,"[484, 491]"
TRAJ3023,11,5,3,1,1,circular_flow,rapid_pass_through,"['circular_flow->fan_in', 'fan_in->fan_in']",2,2,4.5,True,"[487, 498]"
TRAJ3024,13,6,2,1,1,fan_in,rapid_pass_through,"['fan_in->fan_in', 'fan_in->fan_in']",2,1,1.5,True,"[485, 501]"
TRAJ3025,17,7,2,3,3,fan_in,rapid_pass_through,"['fan_in->fan_in', 'fan_in->fan_in', 'fan_in->fan_in']",3,1,1.5,True,"[485, 501]"
TRAJ3026,11,4,2,1,1,fan_in,rapid_pass_through,['fan_in->fan_in'],1,1,1.5,True,"[485, 494]"
TRAJ3027,15,6,2,1,1,fan_in,rapid_pass_through,"['fan_in->fan_in', 'fan_in->fan_in']",2,1,1.5,True,"[486, 505]"
TRAJ3028,10,3,1,1,1,fan_in,fan_in,"['fan_in->fan_in', 'fan_in->fan_in']",2,0,1.0,True,"[486, 495]"
TRAJ3029,10,2,1,1,1,fan_in,fan_in,['fan_in->fan_in'],1,0,1.0,True,"[486, 493]"
TRAJ3030,7,2,1,1,1,fan_in,fan_in,['fan_in->fan_in'],1,0,1.0,True,"[486, 493]"
TRAJ3031,14,5,2,1,1,fan_in,rapid_pass_through,"['fan_in->fan_in', 'fan_in->fan_in']",2,1,1.5,True,"[486, 503]"
TRAJ3032,7,2,1,1,1,fan_in,fan_in,['fan_in->fan_in'],1,0,1.0,True,"[487, 494]"
TRAJ3033,7,2,1,1,1,fan_in,fan_in,['fan_in->fan_in'],1,0,1.0,True,"[488, 495]"
TRAJ3034,6,2,1,1,1,fan_in,fan_in,['fan_in->fan_in'],1,0,1.0,True,"[488, 495]"
TRAJ3035,7,2,1,1,1,fan_in,fan_in,['fan_in->fan_in'],1,0,1.0,True,"[488, 495]"
TRAJ3036,9,4,2,1,1,fan_in,rapid_pass_through,['fan_in->fan_in'],1,1,1.5,True,"[488, 497]"
TRAJ3037,7,2,1,1,1,fan_in,fan_in,['fan_in->fan_in'],1,0,1.0,True,"[489, 496]"
TRAJ3038,9,4,2,1,1,fan_in,rapid_pass_through,['fan_in->fan_in'],1,1,1.5,True,"[490, 499]"
TRAJ3039,9,2,1,1,1,fan_in,fan_in,['fan_in->fan_in'],1,0,1.0,True,"[490, 497]"
TRAJ3040,6,2,1,1,1,fan_in,fan_in,['fan_in->fan_in'],1,0,1.0,True,"[490, 497]"
TRAJ3041,6,2,1,1,1,fan_in,fan_in,['fan_in->fan_in'],1,0,1.0,True,"[490, 497]"
TRAJ3042,7,2,1,1,1,fan_in,fan_in,['fan_in->fan_in'],1,0,1.0,True,"[490, 497]"
TRAJ3043,8,2,1,1,1,fan_in,fan_in,['fan_in->fan_in'],1,0,1.0,True,"[491, 498]"
TRAJ3044,7,2,1,1,1,fan_in,fan_in,['fan_in->fan_in'],1,0,1.0,True,"[491, 498]"
TRAJ3045,15,3,1,1,1,fan_in,fan_in,"['fan_in->fan_in', 'fan_in->fan_in']",2,0,1.0,True,"[491, 498]"
TRAJ3046,7,2,1,1,1,fan_in,fan_in,['fan_in->fan_in'],1,0,1.0,True,"[491, 498]"
TRAJ3047,9,2,1,1,1,fan_in,fan_in,['fan_in->fan_in'],1,0,1.0,True,"[492, 499]"
TRAJ3048,7,2,1,1,1,fan_in,fan_in,['fan_in->fan_in'],1,0,1.0,True,"[492, 499]"
TRAJ3049,8,2,1,1,1,fan_in,fan_in,['fan_in->fan_in'],1,0,1.0,True,"[492, 499]"
TRAJ3050,9,2,1,1,1,fan_in,fan_in,['fan_in->fan_in'],1,0,1.0,True,"[492, 499]"
TRAJ3051,12,4,2,1,1,fan_in,rapid_pass_through,['fan_in->fan_in'],1,1,1.5,True,"[493, 502]"
TRAJ3052,8,2,1,1,1,fan_in,fan_in,['fan_in->fan_in'],1,0,1.0,True,"[493, 500]"
TRAJ3053,9,2,1,1,1,fan_in,fan_in,['fan_in->fan_in'],1,0,1.0,True,"[493, 500]"
TRAJ3054,7,2,1,1,1,fan_in,fan_in,['fan_in->fan_in'],1,0,1.0,True,"[493, 500]"
TRAJ3055,8,2,1,1,1,fan_in,fan_in,['fan_in->fan_in'],1,0,1.0,True,"[493, 500]"
TRAJ3056,15,5,2,1,1,fan_in,fan_in,"['fan_in->fan_in', 'fan_in->fan_in']",2,1,1.5,True,"[494, 503]"
TRAJ3057,9,2,1,1,1,fan_in,fan_in,['fan_in->fan_in'],1,0,1.0,True,"[494, 501]"
TRAJ3058,12,6,2,1,1,rapid_pass_through,rapid_pass_through,['fan_in->fan_in'],1,1,1.5,True,"[496, 517]"
TRAJ3059,7,2,1,1,1,fan_in,fan_in,['fan_in->fan_in'],1,0,1.0,True,"[495, 502]"
TRAJ3060,10,4,2,1,1,fan_in,rapid_pass_through,['fan_in->fan_in'],1,1,1.5,True,"[495, 504]"
TRAJ3061,10,2,1,1,1,fan_in,fan_in,['fan_in->fan_in'],1,0,1.0,True,"[495, 502]"
TRAJ3062,7,2,1,1,1,fan_in,fan_in,['fan_in->fan_in'],1,0,1.0,True,"[495, 502]"
TRAJ3063,10,4,2,1,1,fan_in,rapid_pass_through,['fan_in->fan_in'],1,1,1.5,True,"[496, 505]"
TRAJ3064,9,3,2,2,2,rapid_pass_through,fan_in,['fan_in->fan_in'],1,1,1.5,True,"[499, 503]"
TRAJ3065,21,7,2,2,2,rapid_pass_through,rapid_pass_through,"['fan_in->fan_in', 'fan_in->fan_in']",2,1,1.5,True,"[499, 520]"
TRAJ3066,7,2,1,1,1,fan_in,fan_in,['fan_in->fan_in'],1,0,1.0,True,"[498, 505]"
TRAJ3067,9,2,1,2,2,fan_in,fan_in,['fan_in->fan_in'],1,0,1.0,True,"[499, 500]"
TRAJ3068,8,2,1,1,1,fan_in,fan_in,['fan_in->fan_in'],1,0,1.0,True,"[500, 507]"
TRAJ3069,12,3,2,1,1,fan_in,fan_in,['fan_in->fan_in'],1,1,1.5,True,"[501, 508]"
TRAJ3070,7,2,1,1,1,fan_in,fan_in,['fan_in->fan_in'],1,0,1.0,True,"[501, 508]"
TRAJ3071,8,2,1,1,1,fan_in,fan_in,['fan_in->fan_in'],1,0,1.0,True,"[502, 509]"
TRAJ3072,7,2,1,1,1,fan_in,fan_in,['fan_in->fan_in'],1,0,1.0,True,"[502, 509]"
TRAJ3073,10,4,2,1,1,fan_in,rapid_pass_through,['fan_in->fan_in'],1,1,1.5,True,"[502, 511]"
TRAJ3074,13,3,1,2,2,fan_in,fan_in,"['fan_in->fan_in', 'fan_in->fan_in']",2,0,1.0,True,"[502, 509]"
TRAJ3075,7,2,1,1,1,fan_in,fan_in,['fan_in->fan_in'],1,0,1.0,True,"[503, 510]"
TRAJ3076,17,7,2,1,1,rapid_pass_through,rapid_pass_through,"['fan_in->fan_in', 'fan_in->fan_in']",2,1,1.5,True,"[505, 526]"
TRAJ3077,8,4,2,1,1,fan_in,rapid_pass_through,['fan_in->fan_in'],1,1,1.5,True,"[504, 513]"
TRAJ3078,11,3,1,1,1,fan_in,fan_in,"['fan_in->fan_in', 'fan_in->fan_in']",2,0,1.0,True,"[504, 511]"
TRAJ3079,9,2,1,1,1,fan_in,fan_in,['fan_in->fan_in'],1,0,1.0,True,"[504, 511]"
TRAJ3080,11,2,1,1,1,fan_in,fan_in,['fan_in->fan_in'],1,0,1.0,True,"[504, 511]"
TRAJ3081,13,2,1,1,1,fan_in,fan_in,['fan_in->fan_in'],1,0,1.0,True,"[504, 511]"
TRAJ3082,8,2,1,1,1,fan_in,fan_in,['fan_in->fan_in'],1,0,1.0,True,"[505, 512]"
TRAJ3083,16,3,1,1,1,fan_in,fan_in,"['fan_in->fan_in', 'fan_in->fan_in']",2,0,1.0,True,"[505, 514]"
TRAJ3084,9,2,1,1,1,fan_in,fan_in,['fan_in->fan_in'],1,0,1.0,True,"[505, 512]"
TRAJ3085,11,2,1,1,1,fan_in,fan_in,['fan_in->fan_in'],1,0,1.0,True,"[506, 513]"
TRAJ3086,8,3,2,1,1,rapid_pass_through,fan_in,['fan_in->fan_in'],1,1,1.5,True,"[508, 515]"
TRAJ3087,15,4,1,2,2,fan_in,fan_in,"['fan_in->fan_in', 'fan_in->fan_in', 'fan_in->fan_in']",3,0,1.0,True,"[507, 516]"
TRAJ3088,17,6,2,2,2,fan_in,fan_in,"['fan_in->fan_in', 'fan_in->fan_in', 'fan_in->fan_in']",3,1,1.5,True,"[507, 517]"
TRAJ3089,10,2,1,1,1,fan_in,fan_in,['fan_in->fan_in'],1,0,1.0,True,"[507, 514]"
TRAJ3090,8,2,1,1,1,fan_in,fan_in,['fan_in->fan_in'],1,0,1.0,True,"[507, 514]"
TRAJ3091,10,4,2,1,1,fan_in,rapid_pass_through,['fan_in->fan_in'],1,1,1.5,True,"[507, 519]"
TRAJ3092,7,2,1,1,1,fan_in,fan_in,['fan_in->fan_in'],1,0,1.0,True,"[508, 515]"
TRAJ3093,9,4,2,1,1,fan_in,rapid_pass_through,['fan_in->fan_in'],1,1,1.5,True,"[508, 517]"
TRAJ3094,12,2,1,1,1,fan_in,fan_in,['fan_in->fan_in'],1,0,1.0,True,"[508, 510]"
TRAJ3095,8,2,1,1,1,fan_in,fan_in,['fan_in->fan_in'],1,0,1.0,True,"[508, 515]"
TRAJ3096,10,2,1,1,1,fan_in,fan_in,['fan_in->fan_in'],1,0,1.0,True,"[509, 516]"
TRAJ3097,9,2,1,1,1,fan_in,fan_in,['fan_in->fan_in'],1,0,1.0,True,"[509, 516]"
TRAJ3098,7,2,1,1,1,fan_in,fan_in,['fan_in->fan_in'],1,0,1.0,True,"[510, 517]"
TRAJ3099,12,4,2,1,1,fan_in,rapid_pass_through,['fan_in->fan_in'],1,1,1.5,True,"[510, 519]"
TRAJ3100,19,4,1,1,1,fan_in,fan_in,"['fan_in->fan_in', 'fan_in->fan_in', 'fan_in->fan_in']",3,0,1.0,True,"[511, 520]"
TRAJ3101,8,2,1,2,2,fan_in,fan_in,['fan_in->fan_in'],1,0,1.0,True,"[512, 513]"
TRAJ3102,12,2,1,1,1,fan_in,fan_in,['fan_in->fan_in'],1,0,1.0,True,"[512, 516]"
TRAJ3103,11,2,1,1,1,fan_in,fan_in,['fan_in->fan_in'],1,0,1.0,True,"[512, 519]"
TRAJ3104,7,2,1,1,1,fan_in,fan_in,['fan_in->fan_in'],1,0,1.0,True,"[513, 520]"
TRAJ3105,15,7,2,1,1,rapid_pass_through,rapid_pass_through,"['fan_in->fan_in', 'fan_in->fan_in']",2,1,1.5,True,"[515, 536]"
TRAJ3106,7,2,1,1,1,fan_in,fan_in,['fan_in->fan_in'],1,0,1.0,True,"[514, 521]"
TRAJ3107,9,3,2,2,2,fan_in,fan_in,['fan_in->fan_in'],1,1,1.5,True,"[514, 515]"
TRAJ3108,9,2,1,1,1,fan_in,fan_in,['fan_in->fan_in'],1,0,1.0,True,"[515, 522]"
TRAJ3109,10,2,1,1,1,fan_in,fan_in,['fan_in->fan_in'],1,0,1.0,True,"[516, 523]"
TRAJ3110,9,2,1,1,1,fan_in,fan_in,['fan_in->fan_in'],1,0,1.0,True,"[516, 523]"
TRAJ3111,7,2,1,1,1,fan_in,fan_in,['fan_in->fan_in'],1,0,1.0,True,"[516, 523]"
TRAJ3112,23,10,3,2,2,circular_flow,rapid_pass_through,"['circular_flow->fan_in', 'fan_in->fan_in', 'fan_in->fan_in']",3,2,4.5,True,"[518, 536]"
TRAJ3113,7,2,1,1,1,fan_in,fan_in,['fan_in->fan_in'],1,0,1.0,True,"[517, 524]"
TRAJ3114,11,5,2,2,2,rapid_pass_through,rapid_pass_through,['fan_in->fan_in'],1,1,1.5,True,"[519, 533]"
TRAJ3115,7,4,2,1,1,fan_in,rapid_pass_through,['fan_in->fan_in'],1,1,1.5,True,"[518, 527]"
TRAJ3116,8,2,1,1,1,fan_in,fan_in,['fan_in->fan_in'],1,0,1.0,True,"[518, 525]"
TRAJ3117,9,3,2,2,2,fan_in,rapid_pass_through,['fan_in->fan_in'],1,1,1.5,True,"[518, 526]"
TRAJ3118,11,2,1,1,1,fan_in,fan_in,['fan_in->fan_in'],1,0,1.0,True,"[518, 525]"
TRAJ3119,9,2,1,1,1,fan_in,fan_in,['fan_in->fan_in'],1,0,1.0,True,"[519, 526]"
TRAJ3120,9,2,1,1,1,fan_in,fan_in,['fan_in->fan_in'],1,0,1.0,True,"[519, 523]"
TRAJ3121,8,2,1,1,1,fan_in,fan_in,['fan_in->fan_in'],1,0,1.0,True,"[519, 526]"
TRAJ3122,9,2,1,1,1,fan_in,fan_in,['fan_in->fan_in'],1,0,1.0,True,"[519, 526]"
TRAJ3123,10,2,1,1,1,fan_in,fan_in,['fan_in->fan_in'],1,0,1.0,True,"[519, 526]"
TRAJ3124,9,2,1,2,2,fan_in,fan_in,['fan_in->fan_in'],1,0,1.0,True,"[519, 520]"
TRAJ3125,16,3,1,2,2,fan_in,fan_in,"['fan_in->fan_in', 'fan_in->fan_in']",2,0,1.0,True,"[520, 527]"
TRAJ3126,11,2,1,2,2,fan_in,fan_in,['fan_in->fan_in'],1,0,1.0,True,"[520, 521]"
TRAJ3127,8,2,1,1,1,fan_in,fan_in,['fan_in->fan_in'],1,0,1.0,True,"[521, 524]"
TRAJ3128,16,5,2,3,3,fan_in,rapid_pass_through,"['fan_in->fan_in', 'fan_in->fan_in']",2,1,1.5,True,"[521, 530]"
TRAJ3129,6,2,1,1,1,fan_in,fan_in,['fan_in->fan_in'],1,0,1.0,True,"[521, 528]"
TRAJ3130,7,2,1,1,1,fan_in,fan_in,['fan_in->fan_in'],1,0,1.0,True,"[521, 528]"
TRAJ3131,8,2,1,1,1,fan_in,fan_in,['fan_in->fan_in'],1,0,1.0,True,"[521, 528]"
TRAJ3132,11,4,2,2,2,fan_in,rapid_pass_through,['fan_in->fan_in'],1,1,1.5,True,"[522, 532]"
TRAJ3133,7,2,1,1,1,fan_in,fan_in,['fan_in->fan_in'],1,0,1.0,True,"[522, 529]"
TRAJ3134,7,2,1,1,1,fan_in,fan_in,['fan_in->fan_in'],1,0,1.0,True,"[523, 530]"
TRAJ3135,12,5,2,1,1,rapid_pass_through,rapid_pass_through,['fan_in->fan_in'],1,1,1.5,True,"[525, 539]"
TRAJ3136,10,4,2,1,1,fan_in,rapid_pass_through,['fan_in->fan_in'],1,1,1.5,True,"[524, 533]"
TRAJ3137,9,2,1,1,1,fan_in,fan_in,['fan_in->fan_in'],1,0,1.0,True,"[525, 532]"
TRAJ3138,7,2,1,1,1,fan_in,fan_in,['fan_in->fan_in'],1,0,1.0,True,"[525, 532]"
TRAJ3139,15,6,2,2,2,fan_in,rapid_pass_through,"['fan_in->fan_in', 'fan_in->fan_in']",2,1,1.5,True,"[525, 541]"
TRAJ3140,12,3,1,1,1,fan_in,fan_in,"['fan_in->fan_in', 'fan_in->fan_in']",2,0,1.0,True,"[526, 535]"
TRAJ3141,5,2,1,1,1,fan_in,fan_in,['fan_in->fan_in'],1,0,1.0,True,"[526, 533]"
TRAJ3142,11,5,2,1,1,rapid_pass_through,rapid_pass_through,['fan_in->fan_in'],1,1,1.5,True,"[528, 542]"
TRAJ3143,9,2,1,1,1,fan_in,fan_in,['fan_in->fan_in'],1,0,1.0,True,"[527, 534]"
TRAJ3144,8,2,1,1,1,fan_in,fan_in,['fan_in->fan_in'],1,0,1.0,True,"[527, 529]"
TRAJ3145,8,2,1,1,1,fan_in,fan_in,['fan_in->fan_in'],1,0,1.0,True,"[527, 534]"
TRAJ3146,8,2,1,1,1,fan_in,fan_in,['fan_in->fan_in'],1,0,1.0,True,"[528, 535]"
TRAJ3147,10,2,1,1,1,fan_in,fan_in,['fan_in->fan_in'],1,0,1.0,True,"[529, 536]"
TRAJ3148,7,2,1,1,1,fan_in,fan_in,['fan_in->fan_in'],1,0,1.0,True,"[529, 536]"
TRAJ3149,12,5,2,1,1,rapid_pass_through,rapid_pass_through,['fan_in->fan_in'],1,1,1.5,True,"[531, 545]"
TRAJ3150,7,2,1,1,1,fan_in,fan_in,['fan_in->fan_in'],1,0,1.0,True,"[530, 537]"
TRAJ3151,17,4,1,3,3,fan_in,fan_in,"['fan_in->fan_in', 'fan_in->fan_in', 'fan_in->fan_in']",3,0,1.0,True,"[530, 539]"
TRAJ3152,7,2,1,1,1,fan_in,fan_in,['fan_in->fan_in'],1,0,1.0,True,"[530, 537]"
TRAJ3153,7,2,1,1,1,fan_in,fan_in,['fan_in->fan_in'],1,0,1.0,True,"[530, 537]"
TRAJ3154,7,2,1,1,1,fan_in,fan_in,['fan_in->fan_in'],1,0,1.0,True,"[530, 537]"
TRAJ3155,7,2,1,1,1,fan_in,fan_in,['fan_in->fan_in'],1,0,1.0,True,"[531, 538]"
TRAJ3156,10,4,2,1,1,rapid_pass_through,rapid_pass_through,['fan_in->fan_in'],1,1,1.5,True,"[533, 547]"
TRAJ3157,10,4,2,1,1,fan_in,rapid_pass_through,['fan_in->fan_in'],1,1,1.5,True,"[532, 541]"
TRAJ3158,11,3,1,1,1,fan_in,fan_in,"['fan_in->fan_in', 'fan_in->fan_in']",2,0,1.0,True,"[532, 539]"
TRAJ3159,7,2,1,1,1,fan_in,fan_in,['fan_in->fan_in'],1,0,1.0,True,"[532, 539]"
TRAJ3160,10,3,2,1,1,rapid_pass_through,fan_in,['fan_in->fan_in'],1,1,1.5,True,"[533, 544]"
TRAJ3161,7,2,1,1,1,fan_in,fan_in,['fan_in->fan_in'],1,0,1.0,True,"[533, 540]"
TRAJ3162,8,2,1,1,1,fan_in,fan_in,['fan_in->fan_in'],1,0,1.0,True,"[533, 540]"
TRAJ3163,9,2,1,1,1,fan_in,fan_in,['fan_in->fan_in'],1,0,1.0,True,"[533, 540]"
TRAJ3164,9,4,2,2,2,fan_in,rapid_pass_through,['fan_in->fan_in'],1,1,1.5,True,"[533, 548]"
TRAJ3165,12,3,1,1,1,fan_in,fan_in,"['fan_in->fan_in', 'fan_in->fan_in']",2,0,1.0,True,"[534, 543]"
TRAJ3166,10,4,2,1,1,fan_in,rapid_pass_through,['fan_in->fan_in'],1,1,1.5,True,"[535, 544]"
TRAJ3167,9,2,1,1,1,fan_in,fan_in,['fan_in->fan_in'],1,0,1.0,True,"[535, 542]"
TRAJ3168,9,2,1,1,1,fan_in,fan_in,['fan_in->fan_in'],1,0,1.0,True,"[537, 544]"
TRAJ3169,7,2,1,1,1,fan_in,fan_in,['fan_in->fan_in'],1,0,1.0,True,"[537, 544]"
TRAJ3170,9,2,1,1,1,fan_in,fan_in,['fan_in->fan_in'],1,0,1.0,True,"[538, 545]"
TRAJ3171,9,4,2,1,1,fan_in,rapid_pass_through,['fan_in->fan_in'],1,1,1.5,True,"[538, 547]"
TRAJ3172,8,2,1,1,1,fan_in,fan_in,['fan_in->fan_in'],1,0,1.0,True,"[538, 545]"
TRAJ3173,8,2,1,1,1,fan_in,fan_in,['fan_in->fan_in'],1,0,1.0,True,"[538, 545]"
TRAJ3174,11,3,1,1,1,fan_in,fan_in,"['fan_in->fan_in', 'fan_in->fan_in']",2,0,1.0,True,"[539, 549]"
TRAJ3175,13,3,1,1,1,fan_in,fan_in,"['fan_in->fan_in', 'fan_in->fan_in']",2,0,1.0,True,"[539, 548]"
TRAJ3176,8,2,1,1,1,fan_in,fan_in,['fan_in->fan_in'],1,0,1.0,True,"[539, 546]"
TRAJ3177,8,3,2,2,2,fan_in,fan_in,['fan_in->fan_in'],1,1,1.5,True,"[539, 546]"
TRAJ3178,13,4,1,1,1,fan_in,fan_in,"['fan_in->fan_in', 'fan_in->fan_in', 'fan_in->fan_in']",3,0,1.0,True,"[540, 549]"
TRAJ3179,7,2,1,1,1,fan_in,fan_in,['fan_in->fan_in'],1,0,1.0,True,"[540, 547]"
TRAJ3180,12,5,2,1,1,fan_in,rapid_pass_through,['fan_in->fan_in'],1,1,1.5,True,"[541, 557]"
TRAJ3181,8,2,1,1,1,fan_in,fan_in,['fan_in->fan_in'],1,0,1.0,True,"[541, 548]"
TRAJ3182,7,2,1,1,1,fan_in,fan_in,['fan_in->fan_in'],1,0,1.0,True,"[542, 549]"
TRAJ3183,12,5,2,1,1,fan_in,rapid_pass_through,"['fan_in->fan_in', 'fan_in->fan_in']",2,1,1.5,True,"[542, 553]"
TRAJ3184,8,2,1,1,1,fan_in,fan_in,['fan_in->fan_in'],1,0,1.0,True,"[543, 550]"
TRAJ3185,8,2,1,2,2,fan_in,fan_in,['fan_in->fan_in'],1,0,1.0,True,"[543, 544]"
TRAJ3186,7,2,1,1,1,fan_in,fan_in,['fan_in->fan_in'],1,0,1.0,True,"[543, 550]"
TRAJ3187,6,2,1,1,1,fan_in,fan_in,['fan_in->fan_in'],1,0,1.0,True,"[544, 551]"
TRAJ3188,9,2,1,1,1,fan_in,fan_in,['fan_in->fan_in'],1,0,1.0,True,"[544, 551]"
TRAJ3189,6,2,1,1,1,fan_in,fan_in,['fan_in->fan_in'],1,0,1.0,True,"[544, 551]"
TRAJ3190,8,2,1,1,1,fan_in,fan_in,['fan_in->fan_in'],1,0,1.0,True,"[545, 552]"
TRAJ3191,9,4,2,1,1,fan_in,rapid_pass_through,['fan_in->fan_in'],1,1,1.5,True,"[546, 555]"
TRAJ3192,9,2,1,1,1,fan_in,fan_in,['fan_in->fan_in'],1,0,1.0,True,"[546, 553]"
TRAJ3193,8,3,2,1,1,fan_in,fan_in,"['fan_in->circular_flow', 'circular_flow->fan_in']",2,1,4.0,True,"[546, 553]"
TRAJ3194,7,2,1,1,1,fan_in,fan_in,['fan_in->fan_in'],1,0,1.0,True,"[547, 554]"
TRAJ3195,10,3,1,1,1,fan_in,fan_in,"['fan_in->fan_in', 'fan_in->fan_in']",2,0,1.0,True,"[547, 556]"
TRAJ3196,14,5,2,2,2,fan_in,fan_in,"['fan_in->fan_in', 'fan_in->fan_in']",2,1,1.5,True,"[548, 558]"
TRAJ3197,8,2,1,2,2,fan_in,fan_in,['fan_in->fan_in'],1,0,1.0,True,"[548, 549]"
TRAJ3198,10,4,2,1,1,fan_in,rapid_pass_through,['fan_in->fan_in'],1,1,1.5,True,"[549, 558]"
TRAJ3199,8,2,1,1,1,fan_in,fan_in,['fan_in->fan_in'],1,0,1.0,True,"[549, 556]"
TRAJ3200,8,3,2,1,1,fan_in,rapid_pass_through,['fan_in->fan_in'],1,1,1.5,True,"[549, 561]"
TRAJ3201,8,2,1,1,1,fan_in,fan_in,['fan_in->fan_in'],1,0,1.0,True,"[549, 556]"
TRAJ3202,9,4,2,1,1,fan_in,rapid_pass_through,['fan_in->fan_in'],1,1,1.5,True,"[550, 559]"
TRAJ3203,7,2,1,1,1,fan_in,fan_in,['fan_in->fan_in'],1,0,1.0,True,"[550, 557]"
TRAJ3204,7,2,1,1,1,fan_in,fan_in,['fan_in->fan_in'],1,0,1.0,True,"[551, 558]"
TRAJ3205,10,2,1,1,1,fan_in,fan_in,['fan_in->fan_in'],1,0,1.0,True,"[551, 558]"
TRAJ3206,9,2,1,2,2,fan_in,fan_in,['fan_in->fan_in'],1,0,1.0,True,"[551, 552]"
TRAJ3207,10,2,1,1,1,fan_in,fan_in,['fan_in->fan_in'],1,0,1.0,True,"[552, 559]"
TRAJ3208,13,4,2,1,1,fan_in,rapid_pass_through,['fan_in->fan_in'],1,1,1.5,True,"[552, 561]"
TRAJ3209,15,6,2,1,1,rapid_pass_through,rapid_pass_through,"['fan_in->fan_in', 'fan_in->fan_in']",2,1,1.5,True,"[554, 568]"
TRAJ3210,10,3,2,1,1,fan_in,rapid_pass_through,['fan_in->fan_in'],1,1,1.5,True,"[553, 563]"
TRAJ3211,15,5,2,2,2,fan_in,fan_in,"['fan_in->fan_in', 'fan_in->fan_in', 'fan_in->fan_in']",3,1,1.5,True,"[554, 561]"
TRAJ3212,9,2,1,1,1,fan_in,fan_in,['fan_in->fan_in'],1,0,1.0,True,"[555, 562]"
TRAJ3213,14,6,3,3,3,fan_in,rapid_pass_through,"['fan_in->layering', 'layering->layering']",2,2,3.5,True,"[555, 566]"
TRAJ3214,9,2,1,1,1,fan_in,fan_in,['fan_in->fan_in'],1,0,1.0,True,"[555, 562]"
TRAJ3215,10,2,1,1,1,fan_in,fan_in,['fan_in->fan_in'],1,0,1.0,True,"[556, 563]"
TRAJ3216,8,2,1,1,1,fan_in,fan_in,['fan_in->fan_in'],1,0,1.0,True,"[556, 563]"
TRAJ3217,10,5,2,1,1,fan_in,rapid_pass_through,['fan_in->fan_in'],1,1,1.5,True,"[560, 576]"
TRAJ3218,13,3,1,2,2,fan_in,fan_in,"['fan_in->fan_in', 'fan_in->fan_in']",2,0,1.0,True,"[560, 567]"
TRAJ3219,10,4,3,3,3,fan_in,rapid_pass_through,"['fan_in->layering', 'layering->layering']",2,2,3.5,True,"[560, 562]"
TRAJ3220,10,2,1,1,1,fan_in,fan_in,['fan_in->fan_in'],1,0,1.0,True,"[560, 567]"
TRAJ3221,9,4,2,1,1,fan_in,rapid_pass_through,['fan_in->fan_in'],1,1,1.5,True,"[560, 569]"
TRAJ3222,9,2,1,1,1,fan_in,fan_in,['fan_in->fan_in'],1,0,1.0,True,"[561, 568]"
TRAJ3223,19,6,2,3,3,fan_in,fan_in,"['fan_in->fan_in', 'fan_in->fan_in', 'fan_in->fan_in']",3,1,1.5,True,"[562, 571]"
TRAJ3224,9,2,1,1,1,fan_in,fan_in,['fan_in->fan_in'],1,0,1.0,True,"[562, 569]"
TRAJ3225,16,7,2,3,3,rapid_pass_through,rapid_pass_through,"['fan_in->fan_in', 'fan_in->fan_in', 'fan_in->fan_in']",3,1,1.5,True,"[564, 585]"
TRAJ3226,12,6,2,1,1,rapid_pass_through,rapid_pass_through,['fan_in->fan_in'],1,1,1.5,True,"[564, 585]"
TRAJ3227,15,4,2,1,1,fan_in,rapid_pass_through,['fan_in->fan_in'],1,1,1.5,True,"[563, 572]"
TRAJ3228,7,2,1,1,1,fan_in,fan_in,['fan_in->fan_in'],1,0,1.0,True,"[563, 570]"
TRAJ3229,9,2,1,1,1,fan_in,fan_in,['fan_in->fan_in'],1,0,1.0,True,"[563, 570]"
TRAJ3230,7,2,1,1,1,fan_in,fan_in,['fan_in->fan_in'],1,0,1.0,True,"[563, 570]"
TRAJ3231,12,3,1,2,2,fan_in,fan_in,"['fan_in->fan_in', 'fan_in->fan_in']",2,0,1.0,True,"[563, 571]"
TRAJ3232,18,5,2,2,2,fan_in,rapid_pass_through,"['fan_in->fan_in', 'fan_in->fan_in']",2,1,1.5,True,"[563, 573]"
TRAJ3233,14,3,1,3,3,fan_in,fan_in,"['fan_in->fan_in', 'fan_in->fan_in']",2,0,1.0,True,"[564, 566]"
TRAJ3234,8,2,1,1,1,fan_in,fan_in,['fan_in->fan_in'],1,0,1.0,True,"[564, 571]"
TRAJ3235,7,2,1,1,1,fan_in,fan_in,['fan_in->fan_in'],1,0,1.0,True,"[565, 572]"
TRAJ3236,7,2,1,1,1,fan_in,fan_in,['fan_in->fan_in'],1,0,1.0,True,"[565, 572]"
TRAJ3237,8,2,1,2,2,fan_in,fan_in,['fan_in->fan_in'],1,0,1.0,True,"[565, 566]"
TRAJ3238,18,6,2,1,1,rapid_pass_through,fan_in,"['fan_in->fan_in', 'fan_in->fan_in', 'fan_in->fan_in']",3,1,1.5,True,"[567, 584]"
TRAJ3239,7,2,1,1,1,fan_in,fan_in,['fan_in->fan_in'],1,0,1.0,True,"[566, 573]"
TRAJ3240,9,4,2,1,1,fan_in,rapid_pass_through,['fan_in->fan_in'],1,1,1.5,True,"[566, 575]"
TRAJ3241,8,2,1,1,1,fan_in,fan_in,['fan_in->fan_in'],1,0,1.0,True,"[568, 575]"
TRAJ3242,7,2,1,1,1,fan_in,fan_in,['fan_in->fan_in'],1,0,1.0,True,"[568, 575]"
TRAJ3243,12,2,1,1,1,fan_in,fan_in,['fan_in->fan_in'],1,0,1.0,True,"[569, 576]"
TRAJ3244,8,2,1,1,1,fan_in,fan_in,['fan_in->fan_in'],1,0,1.0,True,"[569, 576]"
TRAJ3245,7,2,1,1,1,fan_in,fan_in,['fan_in->fan_in'],1,0,1.0,True,"[571, 578]"
TRAJ3246,12,6,2,1,1,rapid_pass_through,rapid_pass_through,['fan_in->fan_in'],1,1,1.5,True,"[574, 595]"
TRAJ3247,7,2,1,1,1,fan_in,fan_in,['fan_in->fan_in'],1,0,1.0,True,"[573, 580]"
TRAJ3248,23,10,2,3,3,rapid_pass_through,rapid_pass_through,"['fan_in->fan_in', 'fan_in->fan_in', 'fan_in->fan_in', 'fan_in->fan_in']",4,1,1.5,True,"[575, 603]"
TRAJ3249,9,3,2,2,2,fan_in,fan_in,['fan_in->fan_in'],1,1,1.5,True,"[574, 582]"
TRAJ3250,8,2,1,1,1,fan_in,fan_in,['fan_in->fan_in'],1,0,1.0,True,"[574, 581]"
TRAJ3251,18,6,2,2,2,fan_in,rapid_pass_through,"['fan_in->fan_in', 'fan_in->fan_in']",2,1,1.5,True,"[574, 590]"
TRAJ3252,12,6,2,2,2,rapid_pass_through,rapid_pass_through,['fan_in->fan_in'],1,1,1.5,True,"[575, 596]"
TRAJ3253,6,2,1,1,1,fan_in,fan_in,['fan_in->fan_in'],1,0,1.0,True,"[575, 582]"
TRAJ3254,10,3,2,1,1,fan_in,rapid_pass_through,['fan_in->fan_in'],1,1,1.5,True,"[577, 589]"
TRAJ3255,11,4,2,1,1,fan_in,rapid_pass_through,['fan_in->fan_in'],1,1,1.5,True,"[577, 586]"
TRAJ3256,13,2,1,1,1,fan_in,fan_in,['fan_in->fan_in'],1,0,1.0,True,"[577, 584]"
TRAJ3257,7,2,1,1,1,fan_in,fan_in,['fan_in->fan_in'],1,0,1.0,True,"[578, 585]"
TRAJ3258,10,4,2,1,1,fan_in,rapid_pass_through,['fan_in->fan_in'],1,1,1.5,True,"[578, 587]"
TRAJ3259,7,2,1,1,1,fan_in,fan_in,['fan_in->fan_in'],1,0,1.0,True,"[578, 585]"
TRAJ3260,9,2,1,1,1,fan_in,fan_in,['fan_in->fan_in'],1,0,1.0,True,"[579, 586]"
TRAJ3261,6,2,1,1,1,fan_in,fan_in,['fan_in->fan_in'],1,0,1.0,True,"[579, 586]"
TRAJ3262,12,4,2,1,1,fan_in,rapid_pass_through,['fan_in->fan_in'],1,1,1.5,True,"[580, 589]"
TRAJ3263,7,2,1,1,1,fan_in,fan_in,['fan_in->fan_in'],1,0,1.0,True,"[580, 587]"
TRAJ3264,8,2,1,1,1,fan_in,fan_in,['fan_in->fan_in'],1,0,1.0,True,"[581, 588]"
TRAJ3265,8,3,2,1,1,fan_in,rapid_pass_through,['fan_in->fan_in'],1,1,1.5,True,"[582, 596]"
TRAJ3266,5,2,1,1,1,fan_in,fan_in,['fan_in->fan_in'],1,0,1.0,True,"[582, 589]"
TRAJ3267,8,2,1,1,1,fan_in,fan_in,['fan_in->fan_in'],1,0,1.0,True,"[582, 589]"
TRAJ3268,10,2,1,1,1,fan_in,fan_in,['fan_in->fan_in'],1,0,1.0,True,"[583, 590]"
TRAJ3269,11,6,2,1,1,rapid_pass_through,rapid_pass_through,['fan_in->fan_in'],1,1,1.5,True,"[585, 606]"
TRAJ3270,16,8,3,2,2,rapid_pass_through,rapid_pass_through,"['layering->fan_in', 'fan_in->fan_in']",2,2,3.5,True,"[584, 598]"
TRAJ3271,7,3,2,1,1,fan_in,rapid_pass_through,['fan_in->fan_in'],1,1,1.5,True,"[584, 596]"
TRAJ3272,10,2,1,1,1,fan_in,fan_in,['fan_in->fan_in'],1,0,1.0,True,"[584, 591]"
TRAJ3273,11,2,1,1,1,fan_in,fan_in,['fan_in->fan_in'],1,0,1.0,True,"[584, 591]"
TRAJ3274,8,2,1,1,1,fan_in,fan_in,['fan_in->fan_in'],1,0,1.0,True,"[584, 591]"
TRAJ3275,11,6,2,1,1,rapid_pass_through,rapid_pass_through,['fan_in->fan_in'],1,1,1.5,True,"[586, 607]"
TRAJ3276,8,2,1,1,1,fan_in,fan_in,['fan_in->fan_in'],1,0,1.0,True,"[585, 592]"
TRAJ3277,8,2,1,1,1,fan_in,fan_in,['fan_in->fan_in'],1,0,1.0,True,"[586, 593]"
TRAJ3278,8,2,1,1,1,fan_in,fan_in,['fan_in->fan_in'],1,0,1.0,True,"[587, 594]"
TRAJ3279,10,2,1,1,1,fan_in,fan_in,['fan_in->fan_in'],1,0,1.0,True,"[588, 595]"
TRAJ3280,8,2,1,1,1,fan_in,fan_in,['fan_in->fan_in'],1,0,1.0,True,"[589, 596]"
TRAJ3281,10,3,1,2,2,fan_in,fan_in,"['fan_in->fan_in', 'fan_in->fan_in']",2,0,1.0,True,"[589, 596]"
TRAJ3282,6,2,1,1,1,fan_in,fan_in,['fan_in->fan_in'],1,0,1.0,True,"[590, 597]"
TRAJ3283,14,5,2,1,1,fan_in,rapid_pass_through,['fan_in->fan_in'],1,1,1.5,True,"[590, 606]"
TRAJ3284,8,3,2,1,1,rapid_pass_through,fan_in,['fan_in->fan_in'],1,1,1.5,True,"[592, 606]"
TRAJ3285,11,4,2,1,1,fan_in,rapid_pass_through,['fan_in->fan_in'],1,1,1.5,True,"[591, 600]"
TRAJ3286,8,2,1,1,1,fan_in,fan_in,['fan_in->fan_in'],1,0,1.0,True,"[591, 598]"
TRAJ3287,13,4,2,2,2,fan_in,rapid_pass_through,['fan_in->fan_in'],1,1,1.5,True,"[591, 601]"
TRAJ3288,11,2,1,1,1,fan_in,fan_in,['fan_in->fan_in'],1,0,1.0,True,"[593, 600]"
TRAJ3289,10,2,1,1,1,fan_in,fan_in,['fan_in->fan_in'],1,0,1.0,True,"[593, 600]"
TRAJ3290,8,2,1,1,1,fan_in,fan_in,['fan_in->fan_in'],1,0,1.0,True,"[593, 600]"
TRAJ3291,8,2,1,1,1,fan_in,fan_in,['fan_in->fan_in'],1,0,1.0,True,"[593, 600]"
TRAJ3292,12,5,3,1,1,layering,fan_in,"['layering->fan_in', 'fan_in->fan_in']",2,2,3.5,True,"[594, 603]"
TRAJ3293,20,9,3,2,2,rapid_pass_through,rapid_pass_through,"['fan_in->fan_in', 'fan_in->fan_in', 'fan_in->layering']",3,2,3.5,True,"[595, 614]"
TRAJ3294,11,4,2,1,1,fan_in,rapid_pass_through,['fan_in->fan_in'],1,1,1.5,True,"[594, 603]"
TRAJ3295,14,11,3,2,2,layering,rapid_pass_through,['layering->repeated_intermediary'],1,2,4.5,True,"[596, 616]"
TRAJ3296,5,2,1,1,1,fan_in,fan_in,['fan_in->fan_in'],1,0,1.0,True,"[596, 603]"
TRAJ3297,12,2,1,1,1,fan_in,fan_in,['fan_in->fan_in'],1,0,1.0,True,"[597, 604]"
TRAJ3298,8,2,1,1,1,fan_in,fan_in,['fan_in->fan_in'],1,0,1.0,True,"[597, 604]"
TRAJ3299,13,5,2,3,3,fan_in,rapid_pass_through,"['fan_in->fan_in', 'fan_in->fan_in']",2,1,1.5,True,"[598, 609]"
TRAJ3300,8,2,1,1,1,fan_in,fan_in,['fan_in->fan_in'],1,0,1.0,True,"[599, 606]"
TRAJ3301,7,2,1,1,1,fan_in,fan_in,['fan_in->fan_in'],1,0,1.0,True,"[599, 606]"
TRAJ3302,7,2,1,1,1,fan_in,fan_in,['fan_in->fan_in'],1,0,1.0,True,"[600, 607]"
TRAJ3303,7,3,2,1,1,fan_in,fan_in,['fan_in->fan_in'],1,1,1.5,True,"[600, 607]"
TRAJ3304,8,2,1,1,1,fan_in,fan_in,['fan_in->fan_in'],1,0,1.0,True,"[600, 607]"
TRAJ3305,8,2,1,1,1,fan_in,fan_in,['fan_in->fan_in'],1,0,1.0,True,"[602, 609]"
TRAJ3306,21,8,3,1,1,fan_in,rapid_pass_through,"['fan_in->fan_in', 'fan_in->fan_in', 'fan_in->layering', 'layering->layering', 'layering->fan_in']",5,2,3.5,True,"[602, 613]"
TRAJ3307,7,2,1,1,1,fan_in,fan_in,['fan_in->fan_in'],1,0,1.0,True,"[602, 609]"
TRAJ3308,8,2,1,1,1,fan_in,fan_in,['fan_in->fan_in'],1,0,1.0,True,"[603, 610]"
TRAJ3309,8,2,1,1,1,fan_in,fan_in,['fan_in->fan_in'],1,0,1.0,True,"[604, 611]"
TRAJ3310,14,4,2,1,1,fan_in,rapid_pass_through,['fan_in->fan_in'],1,1,1.5,True,"[605, 614]"
TRAJ3311,7,2,1,1,1,fan_in,fan_in,['fan_in->fan_in'],1,0,1.0,True,"[605, 612]"
TRAJ3312,6,2,1,1,1,fan_in,fan_in,['fan_in->fan_in'],1,0,1.0,True,"[606, 613]"
TRAJ3313,10,5,2,1,1,fan_in,rapid_pass_through,['fan_in->fan_in'],1,1,1.5,True,"[606, 622]"
TRAJ3314,7,2,1,1,1,fan_in,fan_in,['fan_in->fan_in'],1,0,1.0,True,"[607, 614]"
TRAJ3315,7,2,1,1,1,fan_in,fan_in,['fan_in->fan_in'],1,0,1.0,True,"[608, 615]"
TRAJ3316,13,5,2,1,1,fan_in,rapid_pass_through,"['fan_in->fan_in', 'fan_in->fan_in']",2,1,1.5,True,"[608, 617]"
TRAJ3317,13,5,3,2,2,fan_in,rapid_pass_through,"['fan_in->fan_in', 'fan_in->circular_flow', 'circular_flow->fan_in']",3,2,4.5,True,"[609, 619]"
TRAJ3318,12,5,2,2,2,rapid_pass_through,rapid_pass_through,['fan_in->fan_in'],1,1,1.5,True,"[611, 625]"
TRAJ3319,10,2,1,1,1,fan_in,fan_in,['fan_in->fan_in'],1,0,1.0,True,"[610, 617]"
TRAJ3320,6,2,1,1,1,fan_in,fan_in,['fan_in->fan_in'],1,0,1.0,True,"[610, 617]"
TRAJ3321,11,4,3,1,1,rapid_pass_through,fan_in,"['circular_flow->fan_in', 'fan_in->fan_in']",2,2,4.5,True,"[612, 619]"
TRAJ3322,12,5,2,1,1,fan_in,rapid_pass_through,['fan_in->fan_in'],1,1,1.5,True,"[611, 627]"
TRAJ3323,10,2,1,1,1,fan_in,fan_in,['fan_in->fan_in'],1,0,1.0,True,"[611, 618]"
TRAJ3324,8,3,2,2,2,rapid_pass_through,fan_in,['fan_in->fan_in'],1,1,1.5,True,"[612, 619]"
TRAJ3325,8,2,1,1,1,fan_in,fan_in,['fan_in->fan_in'],1,0,1.0,True,"[612, 619]"
TRAJ3326,18,7,2,1,1,fan_in,rapid_pass_through,"['fan_in->fan_in', 'fan_in->fan_in', 'fan_in->fan_in']",3,1,1.5,True,"[612, 631]"
TRAJ3327,8,2,1,2,2,fan_in,fan_in,['fan_in->fan_in'],1,0,1.0,True,"[612, 613]"
TRAJ3328,8,2,1,1,1,fan_in,fan_in,['fan_in->fan_in'],1,0,1.0,True,"[613, 620]"
TRAJ3329,11,5,3,3,3,fan_in,fan_in,"['fan_in->layering', 'layering->fan_in']",2,2,3.5,True,"[614, 621]"
TRAJ3330,8,3,2,2,2,fan_in,fan_in,['fan_in->fan_in'],1,1,1.5,True,"[615, 622]"
TRAJ3331,8,2,1,1,1,fan_in,fan_in,['fan_in->fan_in'],1,0,1.0,True,"[616, 618]"
TRAJ3332,7,2,1,1,1,fan_in,fan_in,['fan_in->fan_in'],1,0,1.0,True,"[616, 623]"
TRAJ3333,11,2,1,1,1,fan_in,fan_in,['fan_in->fan_in'],1,0,1.0,True,"[616, 623]"
TRAJ3334,9,2,1,1,1,fan_in,fan_in,['fan_in->fan_in'],1,0,1.0,True,"[617, 624]"
TRAJ3335,7,2,1,1,1,fan_in,fan_in,['fan_in->fan_in'],1,0,1.0,True,"[618, 625]"
TRAJ3336,9,2,1,1,1,fan_in,fan_in,['fan_in->fan_in'],1,0,1.0,True,"[618, 625]"
TRAJ3337,10,4,2,1,1,fan_in,rapid_pass_through,['fan_in->fan_in'],1,1,1.5,True,"[619, 628]"
TRAJ3338,9,3,2,2,2,fan_in,fan_in,['fan_in->fan_in'],1,1,1.5,True,"[619, 626]"
TRAJ3339,10,2,1,1,1,fan_in,fan_in,['fan_in->fan_in'],1,0,1.0,True,"[620, 622]"
TRAJ3340,8,3,2,2,2,fan_in,rapid_pass_through,['fan_in->fan_in'],1,1,1.5,True,"[620, 628]"
TRAJ3341,7,2,1,1,1,fan_in,fan_in,['fan_in->fan_in'],1,0,1.0,True,"[621, 628]"
TRAJ3342,7,2,1,1,1,fan_in,fan_in,['fan_in->fan_in'],1,0,1.0,True,"[621, 628]"
TRAJ3343,10,4,2,1,1,fan_in,rapid_pass_through,['fan_in->fan_in'],1,1,1.5,True,"[622, 631]"
TRAJ3344,14,6,2,1,1,fan_in,rapid_pass_through,"['fan_in->fan_in', 'fan_in->fan_in']",2,1,1.5,True,"[623, 641]"
TRAJ3345,9,2,1,1,1,fan_in,fan_in,['fan_in->fan_in'],1,0,1.0,True,"[625, 632]"
TRAJ3346,20,7,2,3,3,fan_in,rapid_pass_through,"['fan_in->fan_in', 'fan_in->fan_in', 'fan_in->fan_in']",3,1,1.5,True,"[625, 634]"
TRAJ3347,8,3,2,1,1,fan_in,rapid_pass_through,['fan_in->fan_in'],1,1,1.5,True,"[626, 638]"
TRAJ3348,7,2,1,1,1,fan_in,fan_in,['fan_in->fan_in'],1,0,1.0,True,"[626, 633]"
TRAJ3349,8,2,1,1,1,fan_in,fan_in,['fan_in->fan_in'],1,0,1.0,True,"[627, 634]"
TRAJ3350,9,2,1,1,1,fan_in,fan_in,['fan_in->fan_in'],1,0,1.0,True,"[629, 636]"
TRAJ3351,8,2,1,1,1,fan_in,fan_in,['fan_in->fan_in'],1,0,1.0,True,"[629, 636]"
TRAJ3352,9,2,1,1,1,fan_in,fan_in,['fan_in->fan_in'],1,0,1.0,True,"[630, 637]"
TRAJ3353,9,2,1,2,2,fan_in,fan_in,['fan_in->fan_in'],1,0,1.0,True,"[630, 631]"
TRAJ3354,8,2,1,1,1,fan_in,fan_in,['fan_in->fan_in'],1,0,1.0,True,"[631, 638]"
TRAJ3355,9,2,1,1,1,fan_in,fan_in,['fan_in->fan_in'],1,0,1.0,True,"[631, 638]"
TRAJ3356,9,3,2,1,1,fan_in,rapid_pass_through,['fan_in->fan_in'],1,1,1.5,True,"[631, 638]"
TRAJ3357,8,2,1,1,1,fan_in,fan_in,['fan_in->fan_in'],1,0,1.0,True,"[632, 639]"
TRAJ3358,12,4,2,1,1,fan_in,rapid_pass_through,['fan_in->fan_in'],1,1,1.5,True,"[633, 642]"
TRAJ3359,8,3,2,2,2,fan_in,rapid_pass_through,['fan_in->fan_in'],1,1,1.5,True,"[633, 641]"
TRAJ3360,6,2,1,1,1,fan_in,fan_in,['fan_in->fan_in'],1,0,1.0,True,"[634, 641]"
TRAJ3361,8,2,1,1,1,fan_in,fan_in,['fan_in->fan_in'],1,0,1.0,True,"[634, 641]"
TRAJ3362,8,2,1,1,1,fan_in,fan_in,['fan_in->fan_in'],1,0,1.0,True,"[635, 642]"
TRAJ3363,8,2,1,1,1,fan_in,fan_in,['fan_in->fan_in'],1,0,1.0,True,"[635, 642]"
TRAJ3364,13,5,2,2,2,fan_in,rapid_pass_through,"['fan_in->fan_in', 'fan_in->fan_in']",2,1,1.5,True,"[635, 645]"
TRAJ3365,7,2,1,1,1,fan_in,fan_in,['fan_in->fan_in'],1,0,1.0,True,"[637, 644]"
TRAJ3366,8,2,1,1,1,fan_in,fan_in,['fan_in->fan_in'],1,0,1.0,True,"[639, 646]"
TRAJ3367,10,5,2,1,1,rapid_pass_through,rapid_pass_through,['fan_in->fan_in'],1,1,1.5,True,"[641, 655]"
TRAJ3368,7,2,1,1,1,fan_in,fan_in,['fan_in->fan_in'],1,0,1.0,True,"[640, 647]"
TRAJ3369,7,2,1,1,1,fan_in,fan_in,['fan_in->fan_in'],1,0,1.0,True,"[641, 648]"
TRAJ3370,11,5,2,1,1,fan_in,rapid_pass_through,['fan_in->fan_in'],1,1,1.5,True,"[641, 657]"
TRAJ3371,8,2,1,1,1,fan_in,fan_in,['fan_in->fan_in'],1,0,1.0,True,"[641, 648]"
TRAJ3372,8,2,1,1,1,fan_in,fan_in,['fan_in->fan_in'],1,0,1.0,True,"[642, 649]"
TRAJ3373,9,2,1,1,1,fan_in,fan_in,['fan_in->fan_in'],1,0,1.0,True,"[645, 652]"
TRAJ3374,7,2,1,1,1,fan_in,fan_in,['fan_in->fan_in'],1,0,1.0,True,"[645, 652]"
TRAJ3375,6,2,1,1,1,fan_in,fan_in,['fan_in->fan_in'],1,0,1.0,True,"[646, 653]"
TRAJ3376,10,4,2,1,1,fan_in,rapid_pass_through,['fan_in->fan_in'],1,1,1.5,True,"[647, 656]"
TRAJ3377,8,2,1,1,1,fan_in,fan_in,['fan_in->fan_in'],1,0,1.0,True,"[648, 655]"
TRAJ3378,7,2,1,1,1,fan_in,fan_in,['fan_in->fan_in'],1,0,1.0,True,"[649, 656]"
TRAJ3379,17,10,3,2,2,rapid_pass_through,rapid_pass_through,"['layering->fan_in', 'fan_in->fan_in']",2,2,3.5,True,"[650, 671]"
TRAJ3380,10,4,2,1,1,fan_in,rapid_pass_through,['fan_in->fan_in'],1,1,1.5,True,"[650, 659]"
TRAJ3381,13,4,2,2,2,fan_in,rapid_pass_through,['fan_in->fan_in'],1,1,1.5,True,"[650, 665]"
TRAJ3382,10,3,1,1,1,fan_in,fan_in,"['fan_in->fan_in', 'fan_in->fan_in']",2,0,1.0,True,"[651, 660]"
TRAJ3383,12,3,1,2,2,fan_in,fan_in,"['fan_in->fan_in', 'fan_in->fan_in']",2,0,1.0,True,"[651, 655]"
TRAJ3384,9,2,1,1,1,fan_in,fan_in,['fan_in->fan_in'],1,0,1.0,True,"[651, 658]"
TRAJ3385,7,2,1,1,1,fan_in,fan_in,['fan_in->fan_in'],1,0,1.0,True,"[652, 659]"
TRAJ3386,13,4,2,1,1,fan_in,rapid_pass_through,['fan_in->fan_in'],1,1,1.5,True,"[653, 667]"
TRAJ3387,7,2,1,1,1,fan_in,fan_in,['fan_in->fan_in'],1,0,1.0,True,"[654, 661]"
TRAJ3388,9,3,2,1,1,rapid_pass_through,fan_in,['fan_in->fan_in'],1,1,1.5,True,"[654, 668]"
TRAJ3389,8,2,1,1,1,fan_in,fan_in,['fan_in->fan_in'],1,0,1.0,True,"[655, 662]"
TRAJ3390,7,2,1,1,1,fan_in,fan_in,['fan_in->fan_in'],1,0,1.0,True,"[657, 664]"
TRAJ3391,15,4,2,2,2,fan_in,fan_in,"['fan_in->fan_in', 'fan_in->fan_in']",2,1,1.5,True,"[658, 666]"
TRAJ3392,11,3,2,1,1,fan_in,rapid_pass_through,['fan_in->fan_in'],1,1,1.5,True,"[658, 670]"
TRAJ3393,12,6,2,1,1,rapid_pass_through,rapid_pass_through,['fan_in->fan_in'],1,1,1.5,True,"[660, 681]"
TRAJ3394,7,2,1,1,1,fan_in,fan_in,['fan_in->fan_in'],1,0,1.0,True,"[659, 666]"
TRAJ3395,8,2,1,1,1,fan_in,fan_in,['fan_in->fan_in'],1,0,1.0,True,"[659, 666]"
TRAJ3396,16,9,3,2,2,rapid_pass_through,rapid_pass_through,"['layering->fan_in', 'fan_in->fan_in']",2,2,3.5,True,"[660, 680]"
TRAJ3397,11,5,2,1,1,fan_in,rapid_pass_through,['fan_in->fan_in'],1,1,1.5,True,"[660, 676]"
TRAJ3398,13,4,2,3,3,fan_in,fan_in,"['fan_in->fan_in', 'fan_in->fan_in']",2,1,1.5,True,"[660, 668]"
TRAJ3399,9,2,1,1,1,fan_in,fan_in,['fan_in->fan_in'],1,0,1.0,True,"[660, 667]"
TRAJ3400,16,4,2,1,1,fan_in,rapid_pass_through,['fan_in->fan_in'],1,1,1.5,True,"[661, 670]"
TRAJ3401,8,2,1,1,1,fan_in,fan_in,['fan_in->fan_in'],1,0,1.0,True,"[663, 670]"
TRAJ3402,9,4,2,1,1,fan_in,rapid_pass_through,['fan_in->fan_in'],1,1,1.5,True,"[664, 673]"
TRAJ3403,7,2,2,1,1,layering,fan_in,['layering->fan_in'],1,1,3.0,True,"[666, 666]"
TRAJ3404,20,8,2,2,2,rapid_pass_through,rapid_pass_through,"['fan_in->fan_in', 'fan_in->fan_in', 'fan_in->fan_in']",3,1,1.5,True,"[666, 694]"
TRAJ3405,10,2,1,1,1,fan_in,fan_in,['fan_in->fan_in'],1,0,1.0,True,"[665, 672]"
TRAJ3406,8,2,1,1,1,fan_in,fan_in,['fan_in->fan_in'],1,0,1.0,True,"[665, 672]"
TRAJ3407,11,6,2,1,1,rapid_pass_through,rapid_pass_through,['fan_in->fan_in'],1,1,1.5,True,"[667, 688]"
TRAJ3408,11,2,1,1,1,fan_in,fan_in,['fan_in->fan_in'],1,0,1.0,True,"[667, 674]"
TRAJ3409,6,2,1,1,1,fan_in,fan_in,['fan_in->fan_in'],1,0,1.0,True,"[670, 677]"
TRAJ3410,10,2,1,2,2,fan_in,fan_in,['fan_in->fan_in'],1,0,1.0,True,"[670, 671]"
TRAJ3411,8,2,1,1,1,fan_in,fan_in,['fan_in->fan_in'],1,0,1.0,True,"[673, 680]"
TRAJ3412,9,2,1,2,2,fan_in,fan_in,['fan_in->fan_in'],1,0,1.0,True,"[673, 674]"
TRAJ3413,9,2,1,1,1,fan_in,fan_in,['fan_in->fan_in'],1,0,1.0,True,"[673, 680]"
TRAJ3414,13,4,2,1,1,fan_in,rapid_pass_through,['fan_in->fan_in'],1,1,1.5,True,"[675, 684]"
TRAJ3415,8,2,1,1,1,fan_in,fan_in,['fan_in->fan_in'],1,0,1.0,True,"[675, 682]"
TRAJ3416,10,5,3,2,2,layering,fan_in,['layering->fan_in'],1,2,3.5,True,"[677, 678]"
TRAJ3417,6,2,1,1,1,fan_in,fan_in,['fan_in->fan_in'],1,0,1.0,True,"[677, 684]"
TRAJ3418,6,2,1,1,1,fan_in,fan_in,['fan_in->fan_in'],1,0,1.0,True,"[678, 685]"
TRAJ3419,8,4,2,1,1,fan_in,rapid_pass_through,['fan_in->fan_in'],1,1,1.5,True,"[678, 687]"
TRAJ3420,11,3,1,1,1,fan_in,fan_in,"['fan_in->fan_in', 'fan_in->fan_in']",2,0,1.0,True,"[679, 688]"
TRAJ3421,8,3,2,2,2,fan_in,rapid_pass_through,['fan_in->fan_in'],1,1,1.5,True,"[679, 687]"
TRAJ3422,10,3,2,2,2,fan_in,fan_in,['fan_in->fan_in'],1,1,1.5,True,"[679, 682]"
TRAJ3423,8,2,1,1,1,fan_in,fan_in,['fan_in->fan_in'],1,0,1.0,True,"[680, 687]"
TRAJ3424,14,3,1,2,2,fan_in,fan_in,"['fan_in->fan_in', 'fan_in->fan_in']",2,0,1.0,True,"[681, 689]"
TRAJ3425,12,2,1,1,1,fan_in,fan_in,['fan_in->fan_in'],1,0,1.0,True,"[681, 688]"
TRAJ3426,12,3,1,2,2,fan_in,fan_in,"['fan_in->fan_in', 'fan_in->fan_in']",2,0,1.0,True,"[682, 690]"
TRAJ3427,9,2,1,1,1,fan_in,fan_in,['fan_in->fan_in'],1,0,1.0,True,"[682, 689]"
TRAJ3428,8,2,1,1,1,fan_in,fan_in,['fan_in->fan_in'],1,0,1.0,True,"[682, 689]"
TRAJ3429,7,2,1,1,1,fan_in,fan_in,['fan_in->fan_in'],1,0,1.0,True,"[683, 690]"
TRAJ3430,9,2,1,1,1,fan_in,fan_in,['fan_in->fan_in'],1,0,1.0,True,"[687, 694]"
TRAJ3431,6,2,1,1,1,fan_in,fan_in,['fan_in->fan_in'],1,0,1.0,True,"[687, 694]"
TRAJ3432,11,5,3,2,2,fan_in,rapid_pass_through,"['fan_in->circular_flow', 'circular_flow->fan_in']",2,2,4.5,True,"[688, 695]"
TRAJ3433,10,3,2,3,3,rapid_pass_through,fan_in,['fan_in->fan_in'],1,1,1.5,True,"[689, 691]"
TRAJ3434,22,10,2,1,1,rapid_pass_through,rapid_pass_through,"['fan_in->fan_in', 'fan_in->fan_in', 'fan_in->fan_in']",3,1,1.5,True,"[690, 711]"
TRAJ3435,12,4,2,1,1,fan_in,rapid_pass_through,['fan_in->fan_in'],1,1,1.5,True,"[689, 698]"
TRAJ3436,8,2,1,1,1,fan_in,fan_in,['fan_in->fan_in'],1,0,1.0,True,"[689, 696]"
TRAJ3437,8,2,1,1,1,fan_in,fan_in,['fan_in->fan_in'],1,0,1.0,True,"[690, 697]"
TRAJ3438,8,2,1,1,1,fan_in,fan_in,['fan_in->fan_in'],1,0,1.0,True,"[692, 699]"
TRAJ3439,12,4,2,1,1,fan_in,rapid_pass_through,['fan_in->fan_in'],1,1,1.5,True,"[692, 701]"
TRAJ3440,11,5,2,2,2,rapid_pass_through,rapid_pass_through,['fan_in->fan_in'],1,1,1.5,True,"[695, 709]"
TRAJ3441,9,2,1,1,1,fan_in,fan_in,['fan_in->fan_in'],1,0,1.0,True,"[695, 702]"
TRAJ3442,9,2,1,1,1,fan_in,fan_in,['fan_in->fan_in'],1,0,1.0,True,"[696, 703]"
TRAJ3443,8,2,1,1,1,fan_in,fan_in,['fan_in->fan_in'],1,0,1.0,True,"[698, 705]"
TRAJ3444,13,5,2,2,2,fan_in,rapid_pass_through,"['fan_in->fan_in', 'fan_in->fan_in']",2,1,1.5,True,"[698, 709]"
TRAJ3445,11,6,3,2,2,rapid_pass_through,rapid_pass_through,['layering->fan_in'],1,2,3.5,True,"[700, 714]"
TRAJ3446,17,3,1,1,1,fan_in,fan_in,"['fan_in->fan_in', 'fan_in->fan_in']",2,0,1.0,True,"[700, 709]"
TRAJ3447,7,2,1,1,1,fan_in,fan_in,['fan_in->fan_in'],1,0,1.0,True,"[701, 708]"
TRAJ3448,12,4,2,1,1,fan_in,rapid_pass_through,['fan_in->fan_in'],1,1,1.5,True,"[703, 712]"
TRAJ3449,6,2,1,1,1,fan_in,fan_in,['fan_in->fan_in'],1,0,1.0,True,"[703, 710]"
TRAJ3450,7,2,1,1,1,fan_in,fan_in,['fan_in->fan_in'],1,0,1.0,True,"[703, 710]"
TRAJ3451,10,3,2,1,1,fan_in,fan_in,['fan_in->fan_in'],1,1,1.5,True,"[705, 712]"
TRAJ3452,7,2,1,1,1,fan_in,fan_in,['fan_in->fan_in'],1,0,1.0,True,"[705, 712]"
TRAJ3453,10,4,2,1,1,fan_in,rapid_pass_through,['fan_in->fan_in'],1,1,1.5,True,"[706, 715]"
TRAJ3454,8,2,1,1,1,fan_in,fan_in,['fan_in->fan_in'],1,0,1.0,True,"[708, 715]"
TRAJ3455,11,4,2,1,1,fan_in,rapid_pass_through,['fan_in->fan_in'],1,1,1.5,True,"[709, 718]"
TRAJ3456,6,2,1,1,1,fan_in,fan_in,['fan_in->fan_in'],1,0,1.0,True,"[709, 716]"
TRAJ3457,8,2,1,1,1,fan_in,fan_in,['fan_in->fan_in'],1,0,1.0,True,"[711, 713]"
TRAJ3458,8,2,1,1,1,fan_in,fan_in,['fan_in->fan_in'],1,0,1.0,True,"[711, 718]"
TRAJ3459,7,2,1,1,1,fan_in,fan_in,['fan_in->fan_in'],1,0,1.0,True,"[712, 719]"
TRAJ3460,14,3,2,1,1,fan_in,rapid_pass_through,['fan_in->fan_in'],1,1,1.5,True,"[714, 719]"
